date,planet,best_time_local,max_altitude_deg,solar_elong_deg,twilight_best_time_local,twilight_max_altitude_deg,visibility_rating
2026-01-01,Mercury,2026-01-01T11:00:00+10:00,86.5,11.91,2026-01-01T04:30:00+10:00,4.93,excellent
2026-01-01,Venus,2026-01-01T12:00:00+10:00,84.95,1.43,2026-01-01T04:30:00+10:00,-4.41,excellent
2026-01-01,Mars,2026-01-01T12:00:00+10:00,86.21,2.28,2026-01-01T19:30:00+10:00,-7.08,excellent
2026-01-01,Jupiter,2026-01-01T00:30:00+10:00,40.47,168.76,2026-01-01T04:00:00+10:00,20.67,good
2026-01-01,Saturn,2026-01-01T17:00:00+10:00,66.05,75.33,2026-01-01T19:30:00+10:00,45.68,excellent
2026-01-01,Uranus,2026-01-01T21:00:00+10:00,42.88,136.9,2026-01-01T19:30:00+10:00,39.46,good
2026-01-01,Neptune,2026-01-01T17:00:00+10:00,63.89,78.65,2026-01-01T19:30:00+10:00,46.43,excellent
2026-01-02,Mercury,2026-01-02T11:00:00+10:00,86.58,11.41,2026-01-02T04:30:00+10:00,4.43,excellent
2026-01-02,Venus,2026-01-02T12:00:00+10:00,85.12,1.23,2026-01-02T04:30:00+10:00,-4.74,excellent
2026-01-02,Mars,2026-01-02T12:00:00+10:00,86.14,2.05,2026-01-02T19:30:00+10:00,-7.23,excellent
2026-01-02,Jupiter,2026-01-02T00:30:00+10:00,40.49,169.91,2026-01-02T04:00:00+10:00,19.89,good
2026-01-02,Saturn,2026-01-02T17:00:00+10:00,65.95,74.37,2026-01-02T19:30:00+10:00,44.91,excellent
2026-01-02,Uranus,2026-01-02T20:30:00+10:00,42.9,135.88,2026-01-02T19:30:00+10:00,39.82,good
2026-01-02,Neptune,2026-01-02T17:00:00+10:00,63.91,77.64,2026-01-02T19:30:00+10:00,45.68,excellent
2026-01-03,Mercury,2026-01-03T11:00:00+10:00,86.52,10.9,2026-01-03T04:30:00+10:00,3.92,excellent
2026-01-03,Venus,2026-01-03T12:00:00+10:00,85.26,1.04,2026-01-03T04:30:00+10:00,-5.07,excellent
2026-01-03,Mars,2026-01-03T12:00:00+10:00,86.07,1.83,2026-01-03T04:30:00+10:00,-7.21,excellent
2026-01-03,Jupiter,2026-01-03T00:30:00+10:00,40.48,171.06,2026-01-03T04:00:00+10:00,19.11,good
2026-01-03,Saturn,2026-01-03T17:00:00+10:00,65.82,73.41,2026-01-03T19:30:00+10:00,44.15,excellent
2026-01-03,Uranus,2026-01-03T20:30:00+10:00,42.96,134.83,2026-01-03T19:30:00+10:00,40.16,good
2026-01-03,Neptune,2026-01-03T17:00:00+10:00,63.89,76.64,2026-01-03T19:30:00+10:00,44.92,excellent
2026-01-04,Mercury,2026-01-04T11:00:00+10:00,86.33,10.39,2026-01-04T04:30:00+10:00,3.4,excellent
2026-01-04,Venus,2026-01-04T12:00:00+10:00,85.36,0.88,2026-01-04T04:30:00+10:00,-5.41,excellent
2026-01-04,Mars,2026-01-04T12:00:00+10:00,85.99,1.62,2026-01-04T04:30:00+10:00,-7.14,excellent
2026-01-04,Jupiter,2026-01-04T00:30:00+10:00,40.45,172.21,2026-01-04T04:00:00+10:00,18.31,good
2026-01-04,Saturn,2026-01-04T16:30:00+10:00,65.82,72.48,2026-01-04T19:30:00+10:00,43.37,excellent
2026-01-04,Uranus,2026-01-04T20:30:00+10:00,43.0,133.79,2026-01-04T19:30:00+10:00,40.48,good
2026-01-04,Neptune,2026-01-04T17:00:00+10:00,63.84,75.63,2026-01-04T19:30:00+10:00,44.15,excellent
2026-01-05,Mercury,2026-01-05T11:00:00+10:00,86.02,9.87,2026-01-05T04:30:00+10:00,2.86,excellent
2026-01-05,Venus,2026-01-05T12:00:00+10:00,85.43,0.76,2026-01-05T04:30:00+10:00,-5.75,excellent
2026-01-05,Mars,2026-01-05T12:00:00+10:00,85.89,1.43,2026-01-05T04:30:00+10:00,-7.07,excellent
2026-01-05,Jupiter,2026-01-05T00:30:00+10:00,40.4,173.36,2026-01-05T04:30:00+10:00,12.05,good
2026-01-05,Saturn,2026-01-05T16:30:00+10:00,65.89,71.52,2026-01-05T19:30:00+10:00,42.6,excellent
2026-01-05,Uranus,2026-01-05T20:30:00+10:00,43.02,132.74,2026-01-05T19:30:00+10:00,40.79,good
2026-01-05,Neptune,2026-01-05T17:00:00+10:00,63.76,74.63,2026-01-05T19:30:00+10:00,43.38,excellent
2026-01-06,Mercury,2026-01-06T11:00:00+10:00,85.61,9.35,2026-01-06T04:30:00+10:00,2.3,excellent
2026-01-06,Venus,2026-01-06T12:00:00+10:00,85.46,0.7,2026-01-06T04:30:00+10:00,-6.1,excellent
2026-01-06,Mars,2026-01-06T12:00:00+10:00,85.79,1.25,2026-01-06T04:30:00+10:00,-7.0,excellent
2026-01-06,Jupiter,2026-01-06T00:30:00+10:00,40.32,174.51,2026-01-06T04:30:00+10:00,11.2,good
2026-01-06,Saturn,2026-01-06T16:30:00+10:00,65.92,70.57,2026-01-06T19:30:00+10:00,41.82,excellent
2026-01-06,Uranus,2026-01-06T20:30:00+10:00,43.01,131.7,2026-01-06T19:30:00+10:00,41.07,good
2026-01-06,Neptune,2026-01-06T17:00:00+10:00,63.64,73.63,2026-01-06T19:30:00+10:00,42.61,excellent
2026-01-07,Mercury,2026-01-07T11:30:00+10:00,85.67,8.82,2026-01-07T04:30:00+10:00,1.73,excellent
2026-01-07,Venus,2026-01-07T12:00:00+10:00,85.44,0.73,2026-01-07T04:30:00+10:00,-6.45,excellent
2026-01-07,Mars,2026-01-07T12:00:00+10:00,85.68,1.1,2026-01-07T04:30:00+10:00,-6.94,excellent
2026-01-07,Jupiter,2026-01-07T00:00:00+10:00,40.3,175.64,2026-01-07T04:30:00+10:00,10.33,good
2026-01-07,Saturn,2026-01-07T16:30:00+10:00,65.92,69.62,2026-01-07T19:30:00+10:00,41.04,excellent
2026-01-07,Uranus,2026-01-07T20:30:00+10:00,42.99,130.66,2026-01-07T19:30:00+10:00,41.34,good
2026-01-07,Neptune,2026-01-07T16:30:00+10:00,63.74,72.64,2026-01-07T19:30:00+10:00,41.83,excellent
2026-01-08,Mercury,2026-01-08T11:30:00+10:00,86.08,8.29,2026-01-08T04:30:00+10:00,1.15,excellent
2026-01-08,Venus,2026-01-08T12:00:00+10:00,85.39,0.83,2026-01-08T04:30:00+10:00,-6.8,excellent
2026-01-08,Mars,2026-01-08T12:00:00+10:00,85.57,1.0,2026-01-08T04:30:00+10:00,-6.87,excellent
2026-01-08,Jupiter,2026-01-08T00:00:00+10:00,40.33,176.79,2026-01-08T04:30:00+10:00,9.47,good
2026-01-08,Saturn,2026-01-08T16:30:00+10:00,65.89,68.67,2026-01-08T19:30:00+10:00,40.26,excellent
2026-01-08,Uranus,2026-01-08T20:30:00+10:00,42.94,129.62,2026-01-08T19:30:00+10:00,41.59,good
2026-01-08,Neptune,2026-01-08T16:30:00+10:00,63.81,71.64,2026-01-08T19:30:00+10:00,41.04,excellent
2026-01-09,Mercury,2026-01-09T11:30:00+10:00,86.41,7.76,2026-01-09T04:30:00+10:00,0.55,excellent
2026-01-09,Venus,2026-01-09T12:00:00+10:00,85.3,0.98,2026-01-09T04:30:00+10:00,-7.17,excellent
2026-01-09,Mars,2026-01-09T12:00:00+10:00,85.44,0.94,2026-01-09T04:30:00+10:00,-6.81,excellent
2026-01-09,Jupiter,2026-01-09T00:00:00+10:00,40.34,177.94,2026-01-09T04:30:00+10:00,8.59,good
2026-01-09,Saturn,2026-01-09T16:30:00+10:00,65.82,67.72,2026-01-09T19:30:00+10:00,39.48,excellent
2026-01-09,Uranus,2026-01-09T20:00:00+10:00,42.91,128.6,2026-01-09T19:30:00+10:00,41.82,good
2026-01-09,Neptune,2026-01-09T16:30:00+10:00,63.85,70.64,2026-01-09T19:30:00+10:00,40.26,excellent
2026-01-10,Mercury,2026-01-10T11:30:00+10:00,86.61,7.22,2026-01-10T04:30:00+10:00,-0.07,excellent
2026-01-10,Venus,2026-01-10T12:00:00+10:00,85.17,1.16,2026-01-10T04:30:00+10:00,-7.53,excellent
2026-01-10,Mars,2026-01-10T12:00:00+10:00,85.31,0.96,2026-01-10T04:30:00+10:00,-6.75,excellent
2026-01-10,Jupiter,2026-01-10T00:00:00+10:00,40.32,179.07,2026-01-10T19:30:00+10:00,8.91,good
2026-01-10,Saturn,2026-01-10T16:30:00+10:00,65.73,66.77,2026-01-10T19:30:00+10:00,38.69,excellent
2026-01-10,Uranus,2026-01-10T20:00:00+10:00,42.97,127.56,2026-01-10T19:30:00+10:00,42.04,good
2026-01-10,Neptune,2026-01-10T16:30:00+10:00,63.86,69.64,2026-01-10T19:30:00+10:00,39.46,excellent
2026-01-11,Mercury,2026-01-11T11:30:00+10:00,86.66,6.68,2026-01-11T04:30:00+10:00,-0.69,excellent
2026-01-11,Venus,2026-01-11T12:00:00+10:00,85.0,1.36,2026-01-11T19:30:00+10:00,-7.66,excellent
2026-01-11,Mars,2026-01-11T12:00:00+10:00,85.17,1.03,2026-01-11T04:30:00+10:00,-6.69,excellent
2026-01-11,Jupiter,2026-01-11T00:00:00+10:00,40.29,179.63,2026-01-11T19:30:00+10:00,9.76,good
2026-01-11,Saturn,2026-01-11T16:30:00+10:00,65.6,65.83,2026-01-11T19:30:00+10:00,37.9,excellent
2026-01-11,Uranus,2026-01-11T20:00:00+10:00,43.02,126.52,2026-01-11T19:30:00+10:00,42.23,good
2026-01-11,Neptune,2026-01-11T16:30:00+10:00,63.83,68.64,2026-01-11T19:30:00+10:00,38.67,excellent
2026-01-12,Mercury,2026-01-12T11:30:00+10:00,86.55,6.14,2026-01-12T04:30:00+10:00,-1.34,excellent
2026-01-12,Venus,2026-01-12T12:00:00+10:00,84.8,1.57,2026-01-12T19:30:00+10:00,-7.48,excellent
2026-01-12,Mars,2026-01-12T12:00:00+10:00,85.02,1.15,2026-01-12T04:30:00+10:00,-6.63,excellent
2026-01-12,Jupiter,2026-01-12T00:00:00+10:00,40.22,178.56,2026-01-12T19:30:00+10:00,10.59,good
2026-01-12,Saturn,2026-01-12T16:00:00+10:00,65.56,64.91,2026-01-12T19:30:00+10:00,37.12,excellent
2026-01-12,Uranus,2026-01-12T20:00:00+10:00,43.04,125.48,2026-01-12T19:30:00+10:00,42.4,good
2026-01-12,Neptune,2026-01-12T16:30:00+10:00,63.77,67.64,2026-01-12T19:30:00+10:00,37.86,excellent
2026-01-13,Mercury,2026-01-13T11:30:00+10:00,86.29,5.6,2026-01-13T04:30:00+10:00,-2.0,excellent
2026-01-13,Venus,2026-01-13T12:00:00+10:00,84.58,1.78,2026-01-13T19:30:00+10:00,-7.31,excellent
2026-01-13,Mars,2026-01-13T12:00:00+10:00,84.87,1.31,2026-01-13T04:30:00+10:00,-6.58,excellent
2026-01-13,Jupiter,2026-01-13T23:30:00+10:00,40.16,176.29,2026-01-13T19:30:00+10:00,11.43,good
2026-01-13,Saturn,2026-01-13T16:00:00+10:00,65.63,63.96,2026-01-13T19:30:00+10:00,36.32,excellent
2026-01-13,Uranus,2026-01-13T20:00:00+10:00,43.05,124.44,2026-01-13T19:30:00+10:00,42.56,good
2026-01-13,Neptune,2026-01-13T16:30:00+10:00,63.68,66.64,2026-01-13T19:30:00+10:00,37.06,excellent
2026-01-14,Mercury,2026-01-14T11:30:00+10:00,85.9,5.07,2026-01-14T04:30:00+10:00,-2.67,excellent
2026-01-14,Venus,2026-01-14T12:00:00+10:00,84.32,2.01,2026-01-14T19:30:00+10:00,-7.15,excellent
2026-01-14,Mars,2026-01-14T12:00:00+10:00,84.71,1.49,2026-01-14T04:30:00+10:00,-6.52,excellent
2026-01-14,Jupiter,2026-01-14T23:30:00+10:00,40.19,175.14,2026-01-14T19:30:00+10:00,12.25,good
2026-01-14,Saturn,2026-01-14T16:00:00+10:00,65.66,63.02,2026-01-14T19:30:00+10:00,35.53,excellent
2026-01-14,Uranus,2026-01-14T20:00:00+10:00,43.03,123.4,2026-01-14T19:30:00+10:00,42.69,good
2026-01-14,Neptune,2026-01-14T16:00:00+10:00,63.61,65.66,2026-01-14T19:30:00+10:00,36.25,excellent
2026-01-15,Mercury,2026-01-15T11:30:00+10:00,85.41,4.53,2026-01-15T04:30:00+10:00,-3.36,excellent
2026-01-15,Venus,2026-01-15T12:00:00+10:00,84.05,2.23,2026-01-15T19:30:00+10:00,-7.0,excellent
2026-01-15,Mars,2026-01-15T12:00:00+10:00,84.54,1.68,2026-01-15T04:30:00+10:00,-6.47,excellent
2026-01-15,Jupiter,2026-01-15T23:30:00+10:00,40.19,173.99,2026-01-15T19:30:00+10:00,13.07,good
2026-01-15,Saturn,2026-01-15T16:00:00+10:00,65.66,62.08,2026-01-15T19:30:00+10:00,34.74,excellent
2026-01-15,Uranus,2026-01-15T20:00:00+10:00,43.0,122.37,2026-01-15T19:30:00+10:00,42.8,good
2026-01-15,Neptune,2026-01-15T16:00:00+10:00,63.7,64.66,2026-01-15T19:30:00+10:00,35.44,excellent
2026-01-16,Mercury,2026-01-16T11:30:00+10:00,84.85,4.01,2026-01-16T04:30:00+10:00,-4.06,excellent
2026-01-16,Venus,2026-01-16T12:00:00+10:00,83.75,2.46,2026-01-16T19:30:00+10:00,-6.85,excellent
2026-01-16,Mars,2026-01-16T12:00:00+10:00,84.37,1.89,2026-01-16T04:30:00+10:00,-6.41,excellent
2026-01-16,Jupiter,2026-01-16T23:30:00+10:00,40.17,172.84,2026-01-16T19:30:00+10:00,13.89,good
2026-01-16,Saturn,2026-01-16T16:00:00+10:00,65.63,61.14,2026-01-16T19:30:00+10:00,33.94,excellent
2026-01-16,Uranus,2026-01-16T20:00:00+10:00,42.94,121.33,2026-01-16T19:30:00+10:00,42.9,good
2026-01-16,Neptune,2026-01-16T16:00:00+10:00,63.76,63.66,2026-01-16T19:30:00+10:00,34.63,excellent
2026-01-17,Mercury,2026-01-17T12:00:00+10:00,84.77,3.49,2026-01-17T04:30:00+10:00,-4.78,excellent
2026-01-17,Venus,2026-01-17T12:00:00+10:00,83.44,2.69,2026-01-17T19:30:00+10:00,-6.71,excellent
2026-01-17,Mars,2026-01-17T12:00:00+10:00,84.2,2.1,2026-01-17T04:30:00+10:00,-6.36,excellent
2026-01-17,Jupiter,2026-01-17T23:30:00+10:00,40.12,171.69,2026-01-17T19:30:00+10:00,14.69,good
2026-01-17,Saturn,2026-01-17T16:00:00+10:00,65.57,60.21,2026-01-17T19:30:00+10:00,33.14,excellent
2026-01-17,Uranus,2026-01-17T19:30:00+10:00,42.97,120.32,2026-01-17T19:30:00+10:00,42.97,good
2026-01-17,Neptune,2026-01-17T16:00:00+10:00,63.79,62.66,2026-01-17T19:30:00+10:00,33.81,excellent
2026-01-18,Mercury,2026-01-18T12:00:00+10:00,84.9,3.01,2026-01-18T04:30:00+10:00,-5.51,excellent
2026-01-18,Venus,2026-01-18T12:00:00+10:00,83.1,2.92,2026-01-18T19:30:00+10:00,-6.58,excellent
2026-01-18,Mars,2026-01-18T12:00:00+10:00,84.01,2.32,2026-01-18T04:30:00+10:00,-6.31,excellent
2026-01-18,Jupiter,2026-01-18T23:30:00+10:00,40.06,170.54,2026-01-18T19:30:00+10:00,15.49,good
2026-01-18,Saturn,2026-01-18T16:00:00+10:00,65.48,59.27,2026-01-18T19:30:00+10:00,32.35,excellent
2026-01-18,Uranus,2026-01-18T19:30:00+10:00,43.03,119.29,2026-01-18T19:30:00+10:00,43.03,good
2026-01-18,Neptune,2026-01-18T16:00:00+10:00,63.79,61.67,2026-01-18T19:30:00+10:00,32.99,excellent
2026-01-19,Mercury,2026-01-19T12:00:00+10:00,84.9,2.59,2026-01-19T04:30:00+10:00,-6.26,excellent
2026-01-19,Venus,2026-01-19T12:00:00+10:00,82.76,3.16,2026-01-19T19:30:00+10:00,-6.46,excellent
2026-01-19,Mars,2026-01-19T12:00:00+10:00,83.83,2.54,2026-01-19T04:30:00+10:00,-6.26,excellent
2026-01-19,Jupiter,2026-01-19T23:00:00+10:00,39.99,169.41,2026-01-19T19:30:00+10:00,16.28,good
2026-01-19,Saturn,2026-01-19T16:00:00+10:00,65.35,58.34,2026-01-19T19:30:00+10:00,31.55,excellent
2026-01-19,Uranus,2026-01-19T19:30:00+10:00,43.06,118.25,2026-01-19T19:30:00+10:00,43.06,good
2026-01-19,Neptune,2026-01-19T16:00:00+10:00,63.75,60.67,2026-01-19T19:30:00+10:00,32.17,excellent
2026-01-20,Mercury,2026-01-20T12:00:00+10:00,84.77,2.26,2026-01-20T04:30:00+10:00,-7.03,excellent
2026-01-20,Venus,2026-01-20T12:00:00+10:00,82.4,3.39,2026-01-20T19:30:00+10:00,-6.35,excellent
2026-01-20,Mars,2026-01-20T12:00:00+10:00,83.63,2.77,2026-01-20T04:30:00+10:00,-6.22,excellent
2026-01-20,Jupiter,2026-01-20T23:00:00+10:00,40.04,168.27,2026-01-20T19:30:00+10:00,17.06,good
2026-01-20,Saturn,2026-01-20T15:30:00+10:00,65.26,57.42,2026-01-20T19:30:00+10:00,30.75,excellent
2026-01-20,Uranus,2026-01-20T19:30:00+10:00,43.07,117.22,2026-01-20T19:30:00+10:00,43.07,good
2026-01-20,Neptune,2026-01-20T16:00:00+10:00,63.68,59.67,2026-01-20T19:30:00+10:00,31.35,excellent
2026-01-21,Mercury,2026-01-21T12:00:00+10:00,84.5,2.08,2026-01-21T04:30:00+10:00,-7.81,excellent
2026-01-21,Venus,2026-01-21T12:00:00+10:00,82.03,3.62,2026-01-21T19:30:00+10:00,-6.24,excellent
2026-01-21,Mars,2026-01-21T12:00:00+10:00,83.43,2.99,2026-01-21T04:30:00+10:00,-6.17,excellent
2026-01-21,Jupiter,2026-01-21T23:00:00+10:00,40.06,167.12,2026-01-21T19:30:00+10:00,17.83,good
2026-01-21,Saturn,2026-01-21T15:30:00+10:00,65.33,56.49,2026-01-21T19:30:00+10:00,29.95,excellent
2026-01-21,Uranus,2026-01-21T19:30:00+10:00,43.07,116.19,2026-01-21T19:30:00+10:00,43.07,good
2026-01-21,Neptune,2026-01-21T16:00:00+10:00,63.58,58.68,2026-01-21T19:30:00+10:00,30.52,excellent
2026-01-22,Mercury,2026-01-22T12:00:00+10:00,84.12,2.08,2026-01-22T19:30:00+10:00,-7.72,excellent
2026-01-22,Venus,2026-01-22T12:30:00+10:00,81.8,3.86,2026-01-22T19:30:00+10:00,-6.14,excellent
2026-01-22,Mars,2026-01-22T12:00:00+10:00,83.23,3.22,2026-01-22T04:30:00+10:00,-6.12,excellent
2026-01-22,Jupiter,2026-01-22T23:00:00+10:00,40.05,165.97,2026-01-22T19:30:00+10:00,18.6,good
2026-01-22,Saturn,2026-01-22T15:30:00+10:00,65.37,55.56,2026-01-22T19:30:00+10:00,29.14,excellent
2026-01-22,Uranus,2026-01-22T19:30:00+10:00,43.04,115.16,2026-01-22T19:30:00+10:00,43.04,good
2026-01-22,Neptune,2026-01-22T15:30:00+10:00,63.56,57.71,2026-01-22T19:30:00+10:00,29.69,excellent
2026-01-23,Mercury,2026-01-23T12:00:00+10:00,83.63,2.29,2026-01-23T19:30:00+10:00,-7.33,excellent
2026-01-23,Venus,2026-01-23T12:30:00+10:00,81.64,4.1,2026-01-23T19:30:00+10:00,-6.05,excellent
2026-01-23,Mars,2026-01-23T12:00:00+10:00,83.02,3.45,2026-01-23T04:30:00+10:00,-6.08,excellent
2026-01-23,Jupiter,2026-01-23T23:00:00+10:00,40.03,164.83,2026-01-23T19:30:00+10:00,19.36,good
2026-01-23,Saturn,2026-01-23T15:30:00+10:00,65.37,54.63,2026-01-23T19:30:00+10:00,28.34,excellent
2026-01-23,Uranus,2026-01-23T19:30:00+10:00,42.99,114.14,2026-01-23T19:30:00+10:00,42.99,good
2026-01-23,Neptune,2026-01-23T15:30:00+10:00,63.65,56.71,2026-01-23T19:30:00+10:00,28.86,excellent
2026-01-24,Mercury,2026-01-24T12:00:00+10:00,83.06,2.65,2026-01-24T19:30:00+10:00,-6.94,excellent
2026-01-24,Venus,2026-01-24T12:30:00+10:00,81.44,4.33,2026-01-24T19:30:00+10:00,-5.96,excellent
2026-01-24,Mars,2026-01-24T12:00:00+10:00,82.81,3.68,2026-01-24T04:30:00+10:00,-6.03,excellent
2026-01-24,Jupiter,2026-01-24T23:00:00+10:00,39.97,163.69,2026-01-24T19:30:00+10:00,20.1,good
2026-01-24,Saturn,2026-01-24T15:30:00+10:00,65.34,53.71,2026-01-24T19:30:00+10:00,27.54,excellent
2026-01-24,Uranus,2026-01-24T19:00:00+10:00,42.96,113.13,2026-01-24T19:30:00+10:00,42.93,good
2026-01-24,Neptune,2026-01-24T15:30:00+10:00,63.7,55.72,2026-01-24T19:30:00+10:00,28.03,excellent
2026-01-25,Mercury,2026-01-25T12:00:00+10:00,82.42,3.12,2026-01-25T19:30:00+10:00,-6.56,excellent
2026-01-25,Venus,2026-01-25T12:30:00+10:00,81.23,4.57,2026-01-25T19:30:00+10:00,-5.89,excellent
2026-01-25,Mars,2026-01-25T12:00:00+10:00,82.59,3.91,2026-01-25T04:30:00+10:00,-5.99,excellent
2026-01-25,Jupiter,2026-01-25T23:00:00+10:00,39.9,162.55,2026-01-25T19:30:00+10:00,20.84,good
2026-01-25,Saturn,2026-01-25T15:30:00+10:00,65.29,52.78,2026-01-25T19:30:00+10:00,26.74,excellent
2026-01-25,Uranus,2026-01-25T19:00:00+10:00,43.02,112.1,2026-01-25T19:30:00+10:00,42.84,good
2026-01-25,Neptune,2026-01-25T15:30:00+10:00,63.72,54.73,2026-01-25T19:30:00+10:00,27.2,excellent
2026-01-26,Mercury,2026-01-26T12:30:00+10:00,81.74,3.68,2026-01-26T19:30:00+10:00,-6.2,excellent
2026-01-26,Venus,2026-01-26T12:30:00+10:00,80.99,4.81,2026-01-26T19:30:00+10:00,-5.82,excellent
2026-01-26,Mars,2026-01-26T11:30:00+10:00,82.39,4.13,2026-01-26T04:30:00+10:00,-5.94,excellent
2026-01-26,Jupiter,2026-01-26T22:30:00+10:00,39.88,161.43,2026-01-26T19:30:00+10:00,21.57,good
2026-01-26,Saturn,2026-01-26T15:30:00+10:00,65.2,51.86,2026-01-26T19:30:00+10:00,25.93,excellent
2026-01-26,Uranus,2026-01-26T19:00:00+10:00,43.06,111.08,2026-01-26T19:30:00+10:00,42.74,good
2026-01-26,Neptune,2026-01-26T15:30:00+10:00,63.71,53.74,2026-01-26T19:30:00+10:00,26.36,excellent
2026-01-27,Mercury,2026-01-27T12:30:00+10:00,81.55,4.28,2026-01-27T19:30:00+10:00,-5.84,excellent
2026-01-27,Venus,2026-01-27T12:30:00+10:00,80.72,5.04,2026-01-27T19:30:00+10:00,-5.76,excellent
2026-01-27,Mars,2026-01-27T11:30:00+10:00,82.3,4.36,2026-01-27T05:00:00+10:00,0.13,excellent
2026-01-27,Jupiter,2026-01-27T22:30:00+10:00,39.92,160.3,2026-01-27T19:30:00+10:00,22.28,good
2026-01-27,Saturn,2026-01-27T15:30:00+10:00,65.08,50.94,2026-01-27T19:30:00+10:00,25.13,excellent
2026-01-27,Uranus,2026-01-27T19:00:00+10:00,43.08,110.06,2026-01-27T19:30:00+10:00,42.61,good
2026-01-27,Neptune,2026-01-27T15:30:00+10:00,63.66,52.75,2026-01-27T19:30:00+10:00,25.53,excellent
2026-01-28,Mercury,2026-01-28T12:30:00+10:00,81.25,4.92,2026-01-28T19:00:00+10:00,0.64,excellent
2026-01-28,Venus,2026-01-28T12:30:00+10:00,80.44,5.28,2026-01-28T19:00:00+10:00,0.47,excellent
2026-01-28,Mars,2026-01-28T11:30:00+10:00,82.2,4.59,2026-01-28T05:00:00+10:00,0.18,excellent
2026-01-28,Jupiter,2026-01-28T22:30:00+10:00,39.93,159.16,2026-01-28T19:30:00+10:00,22.99,good
2026-01-28,Saturn,2026-01-28T15:30:00+10:00,64.94,50.01,2026-01-28T19:00:00+10:00,30.84,excellent
2026-01-28,Uranus,2026-01-28T19:00:00+10:00,43.09,109.03,2026-01-28T19:00:00+10:00,43.09,good
2026-01-28,Neptune,2026-01-28T15:30:00+10:00,63.59,51.76,2026-01-28T19:00:00+10:00,31.15,excellent
2026-01-29,Mercury,2026-01-29T12:30:00+10:00,80.85,5.57,2026-01-29T19:00:00+10:00,1.01,excellent
2026-01-29,Venus,2026-01-29T12:30:00+10:00,80.13,5.52,2026-01-29T19:00:00+10:00,0.54,excellent
2026-01-29,Mars,2026-01-29T11:30:00+10:00,82.09,4.82,2026-01-29T05:00:00+10:00,0.24,excellent
2026-01-29,Jupiter,2026-01-29T22:30:00+10:00,39.93,158.03,2026-01-29T19:30:00+10:00,23.69,good
2026-01-29,Saturn,2026-01-29T15:00:00+10:00,65.0,49.11,2026-01-29T19:00:00+10:00,30.05,excellent
2026-01-29,Uranus,2026-01-29T19:00:00+10:00,43.07,108.01,2026-01-29T19:00:00+10:00,43.07,good
2026-01-29,Neptune,2026-01-29T15:30:00+10:00,63.48,50.77,2026-01-29T19:00:00+10:00,30.32,excellent
2026-01-30,Mercury,2026-01-30T12:30:00+10:00,80.37,6.25,2026-01-30T19:00:00+10:00,1.38,excellent
2026-01-30,Venus,2026-01-30T12:30:00+10:00,79.81,5.75,2026-01-30T19:00:00+10:00,0.6,excellent
2026-01-30,Mars,2026-01-30T11:30:00+10:00,81.98,5.05,2026-01-30T05:00:00+10:00,0.29,excellent
2026-01-30,Jupiter,2026-01-30T22:30:00+10:00,39.89,156.9,2026-01-30T19:30:00+10:00,24.37,good
2026-01-30,Saturn,2026-01-30T15:00:00+10:00,65.04,48.2,2026-01-30T19:00:00+10:00,29.25,excellent
2026-01-30,Uranus,2026-01-30T19:00:00+10:00,43.03,106.99,2026-01-30T19:00:00+10:00,43.03,good
2026-01-30,Neptune,2026-01-30T15:00:00+10:00,63.5,49.8,2026-01-30T19:00:00+10:00,29.5,excellent
2026-01-31,Mercury,2026-01-31T12:30:00+10:00,79.81,6.95,2026-01-31T19:00:00+10:00,1.73,excellent
2026-01-31,Venus,2026-01-31T12:30:00+10:00,79.47,5.99,2026-01-31T19:00:00+10:00,0.65,excellent
2026-01-31,Mars,2026-01-31T11:30:00+10:00,81.85,5.28,2026-01-31T05:00:00+10:00,0.35,excellent
2026-01-31,Jupiter,2026-01-31T22:30:00+10:00,39.84,155.77,2026-01-31T19:30:00+10:00,25.04,good
2026-01-31,Saturn,2026-01-31T15:00:00+10:00,65.05,47.28,2026-01-31T19:00:00+10:00,28.46,excellent
2026-01-31,Uranus,2026-01-31T19:00:00+10:00,42.98,105.97,2026-01-31T19:00:00+10:00,42.98,good
2026-01-31,Neptune,2026-01-31T15:00:00+10:00,63.58,48.81,2026-01-31T19:00:00+10:00,28.67,excellent
2026-02-01,Mercury,2026-02-01T12:30:00+10:00,79.17,7.66,2026-02-01T19:00:00+10:00,2.07,excellent
2026-02-01,Venus,2026-02-01T12:30:00+10:00,79.12,6.23,2026-02-01T19:00:00+10:00,0.69,excellent
2026-02-01,Mars,2026-02-01T11:30:00+10:00,81.72,5.51,2026-02-01T05:00:00+10:00,0.4,excellent
2026-02-01,Jupiter,2026-02-01T22:30:00+10:00,39.77,154.64,2026-02-01T19:30:00+10:00,25.7,good
2026-02-01,Saturn,2026-02-01T15:00:00+10:00,65.03,46.36,2026-02-01T19:00:00+10:00,27.66,excellent
2026-02-01,Uranus,2026-02-01T18:30:00+10:00,42.99,104.98,2026-02-01T19:00:00+10:00,42.9,good
2026-02-01,Neptune,2026-02-01T15:00:00+10:00,63.62,47.82,2026-02-01T19:00:00+10:00,27.84,excellent
2026-02-02,Mercury,2026-02-02T12:30:00+10:00,78.48,8.38,2026-02-02T19:00:00+10:00,2.39,excellent
2026-02-02,Venus,2026-02-02T12:30:00+10:00,78.75,6.47,2026-02-02T19:00:00+10:00,0.73,excellent
2026-02-02,Mars,2026-02-02T11:30:00+10:00,81.58,5.74,2026-02-02T05:00:00+10:00,0.45,excellent
2026-02-02,Jupiter,2026-02-02T22:00:00+10:00,39.78,153.54,2026-02-02T19:30:00+10:00,26.35,good
2026-02-02,Saturn,2026-02-02T15:00:00+10:00,64.98,45.45,2026-02-02T19:00:00+10:00,26.86,excellent
2026-02-02,Uranus,2026-02-02T18:30:00+10:00,43.04,103.96,2026-02-02T19:00:00+10:00,42.81,good
2026-02-02,Neptune,2026-02-02T15:00:00+10:00,63.64,46.84,2026-02-02T19:00:00+10:00,27.01,excellent
2026-02-03,Mercury,2026-02-03T12:30:00+10:00,77.73,9.11,2026-02-03T19:00:00+10:00,2.7,excellent
2026-02-03,Venus,2026-02-03T12:30:00+10:00,78.37,6.7,2026-02-03T19:00:00+10:00,0.76,excellent
2026-02-03,Mars,2026-02-03T11:30:00+10:00,81.43,5.97,2026-02-03T05:00:00+10:00,0.51,excellent
2026-02-03,Jupiter,2026-02-03T22:00:00+10:00,39.81,152.42,2026-02-03T19:30:00+10:00,26.99,good
2026-02-03,Saturn,2026-02-03T15:00:00+10:00,64.9,44.54,2026-02-03T19:00:00+10:00,26.07,excellent
2026-02-03,Uranus,2026-02-03T18:30:00+10:00,43.08,102.95,2026-02-03T19:00:00+10:00,42.69,good
2026-02-03,Neptune,2026-02-03T15:00:00+10:00,63.62,45.85,2026-02-03T19:00:00+10:00,26.17,excellent
2026-02-04,Mercury,2026-02-04T12:30:00+10:00,76.94,9.84,2026-02-04T19:00:00+10:00,3.0,excellent
2026-02-04,Venus,2026-02-04T12:30:00+10:00,77.98,6.94,2026-02-04T19:00:00+10:00,0.78,excellent
2026-02-04,Mars,2026-02-04T11:30:00+10:00,81.27,6.19,2026-02-04T05:00:00+10:00,0.56,excellent
2026-02-04,Jupiter,2026-02-04T22:00:00+10:00,39.83,151.3,2026-02-04T19:30:00+10:00,27.62,good
2026-02-04,Saturn,2026-02-04T15:00:00+10:00,64.79,43.62,2026-02-04T19:00:00+10:00,25.27,excellent
2026-02-04,Uranus,2026-02-04T18:30:00+10:00,43.09,101.93,2026-02-04T19:00:00+10:00,42.56,good
2026-02-04,Neptune,2026-02-04T15:00:00+10:00,63.57,44.87,2026-02-04T19:00:00+10:00,25.34,excellent
2026-02-05,Mercury,2026-02-05T12:30:00+10:00,76.11,10.57,2026-02-05T19:00:00+10:00,3.27,excellent
2026-02-05,Venus,2026-02-05T12:30:00+10:00,77.57,7.18,2026-02-05T19:00:00+10:00,0.8,excellent
2026-02-05,Mars,2026-02-05T11:30:00+10:00,81.1,6.42,2026-02-05T05:00:00+10:00,0.62,excellent
2026-02-05,Jupiter,2026-02-05T22:00:00+10:00,39.82,150.19,2026-02-05T19:30:00+10:00,28.23,good
2026-02-05,Saturn,2026-02-05T15:00:00+10:00,64.66,42.71,2026-02-05T19:00:00+10:00,24.47,excellent
2026-02-05,Uranus,2026-02-05T18:30:00+10:00,43.08,100.92,2026-02-05T19:00:00+10:00,42.41,good
2026-02-05,Neptune,2026-02-05T15:00:00+10:00,63.48,43.88,2026-02-05T19:00:00+10:00,24.5,excellent
2026-02-06,Mercury,2026-02-06T13:00:00+10:00,75.54,11.32,2026-02-06T19:00:00+10:00,3.52,excellent
2026-02-06,Venus,2026-02-06T12:30:00+10:00,77.16,7.42,2026-02-06T19:00:00+10:00,0.81,excellent
2026-02-06,Mars,2026-02-06T11:30:00+10:00,80.93,6.65,2026-02-06T05:00:00+10:00,0.67,excellent
2026-02-06,Jupiter,2026-02-06T22:00:00+10:00,39.78,149.07,2026-02-06T19:30:00+10:00,28.83,good
2026-02-06,Saturn,2026-02-06T14:30:00+10:00,64.63,41.82,2026-02-06T19:00:00+10:00,23.67,excellent
2026-02-06,Uranus,2026-02-06T18:30:00+10:00,43.06,99.91,2026-02-06T19:00:00+10:00,42.24,good
2026-02-06,Neptune,2026-02-06T15:00:00+10:00,63.37,42.9,2026-02-06T19:00:00+10:00,23.66,excellent
2026-02-07,Mercury,2026-02-07T13:00:00+10:00,74.93,12.04,2026-02-07T19:00:00+10:00,3.75,excellent
2026-02-07,Venus,2026-02-07T12:30:00+10:00,76.73,7.65,2026-02-07T19:00:00+10:00,0.81,excellent
2026-02-07,Mars,2026-02-07T11:30:00+10:00,80.75,6.87,2026-02-07T05:00:00+10:00,0.73,excellent
2026-02-07,Jupiter,2026-02-07T22:00:00+10:00,39.73,147.96,2026-02-07T19:30:00+10:00,29.41,good
2026-02-07,Saturn,2026-02-07T14:30:00+10:00,64.67,40.92,2026-02-07T19:00:00+10:00,22.87,excellent
2026-02-07,Uranus,2026-02-07T18:30:00+10:00,43.01,98.9,2026-02-07T19:00:00+10:00,42.05,good
2026-02-07,Neptune,2026-02-07T14:30:00+10:00,63.42,41.94,2026-02-07T19:00:00+10:00,22.83,excellent
2026-02-08,Mercury,2026-02-08T13:00:00+10:00,74.26,12.76,2026-02-08T19:00:00+10:00,3.95,excellent
2026-02-08,Venus,2026-02-08T12:30:00+10:00,76.3,7.89,2026-02-08T19:00:00+10:00,0.81,excellent
2026-02-08,Mars,2026-02-08T11:30:00+10:00,80.56,7.1,2026-02-08T05:00:00+10:00,0.78,excellent
2026-02-08,Jupiter,2026-02-08T22:00:00+10:00,39.66,146.85,2026-02-08T19:30:00+10:00,29.98,good
2026-02-08,Saturn,2026-02-08T14:30:00+10:00,64.69,40.01,2026-02-08T19:00:00+10:00,22.07,excellent
2026-02-08,Uranus,2026-02-08T18:30:00+10:00,42.95,97.89,2026-02-08T19:00:00+10:00,41.84,good
2026-02-08,Neptune,2026-02-08T14:30:00+10:00,63.49,40.96,2026-02-08T19:00:00+10:00,21.99,excellent
2026-02-09,Mercury,2026-02-09T13:00:00+10:00,73.55,13.46,2026-02-09T19:00:00+10:00,4.13,excellent
2026-02-09,Venus,2026-02-09T12:30:00+10:00,75.86,8.13,2026-02-09T19:00:00+10:00,0.8,excellent
2026-02-09,Mars,2026-02-09T11:30:00+10:00,80.36,7.32,2026-02-09T05:00:00+10:00,0.84,excellent
2026-02-09,Jupiter,2026-02-09T21:30:00+10:00,39.69,145.77,2026-02-09T19:30:00+10:00,30.54,good
2026-02-09,Saturn,2026-02-09T14:30:00+10:00,64.68,39.1,2026-02-09T19:00:00+10:00,21.27,excellent
2026-02-09,Uranus,2026-02-09T18:00:00+10:00,43.01,96.9,2026-02-09T19:00:00+10:00,41.61,good
2026-02-09,Neptune,2026-02-09T14:30:00+10:00,63.53,39.97,2026-02-09T19:00:00+10:00,21.14,excellent
2026-02-10,Mercury,2026-02-10T13:00:00+10:00,72.81,14.15,2026-02-10T19:00:00+10:00,4.27,excellent
2026-02-10,Venus,2026-02-10T12:30:00+10:00,75.4,8.37,2026-02-10T19:00:00+10:00,0.78,excellent
2026-02-10,Mars,2026-02-10T11:30:00+10:00,80.16,7.55,2026-02-10T05:00:00+10:00,0.89,excellent
2026-02-10,Jupiter,2026-02-10T21:30:00+10:00,39.72,144.67,2026-02-10T19:30:00+10:00,31.08,good
2026-02-10,Saturn,2026-02-10T14:30:00+10:00,64.64,38.2,2026-02-10T19:00:00+10:00,20.47,excellent
2026-02-10,Uranus,2026-02-10T18:00:00+10:00,43.05,95.89,2026-02-10T19:00:00+10:00,41.37,good
2026-02-10,Neptune,2026-02-10T14:30:00+10:00,63.54,38.99,2026-02-10T19:00:00+10:00,20.3,excellent
2026-02-11,Mercury,2026-02-11T13:00:00+10:00,72.04,14.81,2026-02-11T19:00:00+10:00,4.37,excellent
2026-02-11,Venus,2026-02-11T12:30:00+10:00,74.95,8.61,2026-02-11T19:00:00+10:00,0.76,excellent
2026-02-11,Mars,2026-02-11T11:30:00+10:00,79.95,7.77,2026-02-11T05:00:00+10:00,0.95,excellent
2026-02-11,Jupiter,2026-02-11T21:30:00+10:00,39.73,143.57,2026-02-11T19:00:00+10:00,27.6,good
2026-02-11,Saturn,2026-02-11T14:30:00+10:00,64.57,37.3,2026-02-11T19:00:00+10:00,19.67,excellent
2026-02-11,Uranus,2026-02-11T18:00:00+10:00,43.08,94.89,2026-02-11T19:00:00+10:00,41.11,good
2026-02-11,Neptune,2026-02-11T14:30:00+10:00,63.52,38.01,2026-02-11T19:00:00+10:00,19.46,excellent
2026-02-12,Mercury,2026-02-12T13:00:00+10:00,71.26,15.43,2026-02-12T19:00:00+10:00,4.43,excellent
2026-02-12,Venus,2026-02-12T12:30:00+10:00,74.48,8.84,2026-02-12T19:00:00+10:00,0.74,excellent
2026-02-12,Mars,2026-02-12T11:30:00+10:00,79.73,8.0,2026-02-12T05:00:00+10:00,1.0,excellent
2026-02-12,Jupiter,2026-02-12T21:30:00+10:00,39.72,142.47,2026-02-12T19:00:00+10:00,28.2,good
2026-02-12,Saturn,2026-02-12T14:30:00+10:00,64.48,36.4,2026-02-12T19:00:00+10:00,18.87,excellent
2026-02-12,Uranus,2026-02-12T18:00:00+10:00,43.08,93.88,2026-02-12T19:00:00+10:00,40.83,good
2026-02-12,Neptune,2026-02-12T14:30:00+10:00,63.46,37.03,2026-02-12T19:00:00+10:00,18.61,excellent
2026-02-13,Mercury,2026-02-13T13:00:00+10:00,70.46,16.01,2026-02-13T19:00:00+10:00,4.45,excellent
2026-02-13,Venus,2026-02-13T12:30:00+10:00,74.01,9.08,2026-02-13T19:00:00+10:00,0.7,excellent
2026-02-13,Mars,2026-02-13T11:30:00+10:00,79.5,8.22,2026-02-13T05:00:00+10:00,1.06,excellent
2026-02-13,Jupiter,2026-02-13T21:30:00+10:00,39.69,141.38,2026-02-13T19:00:00+10:00,28.79,good
2026-02-13,Saturn,2026-02-13T14:30:00+10:00,64.35,35.5,2026-02-13T19:00:00+10:00,18.07,excellent
2026-02-13,Uranus,2026-02-13T18:00:00+10:00,43.07,92.88,2026-02-13T19:00:00+10:00,40.54,good
2026-02-13,Neptune,2026-02-13T14:30:00+10:00,63.37,36.06,2026-02-13T19:00:00+10:00,17.77,excellent
2026-02-14,Mercury,2026-02-14T13:00:00+10:00,69.67,16.54,2026-02-14T19:00:00+10:00,4.42,excellent
2026-02-14,Venus,2026-02-14T12:30:00+10:00,73.54,9.32,2026-02-14T19:00:00+10:00,0.66,excellent
2026-02-14,Mars,2026-02-14T11:30:00+10:00,79.27,8.44,2026-02-14T05:00:00+10:00,1.12,excellent
2026-02-14,Jupiter,2026-02-14T21:30:00+10:00,39.64,140.29,2026-02-14T19:00:00+10:00,29.36,good
2026-02-14,Saturn,2026-02-14T14:00:00+10:00,64.22,34.61,2026-02-14T19:00:00+10:00,17.27,excellent
2026-02-14,Uranus,2026-02-14T18:00:00+10:00,43.03,91.88,2026-02-14T19:00:00+10:00,40.23,good
2026-02-14,Neptune,2026-02-14T14:30:00+10:00,63.25,35.08,2026-02-14T19:00:00+10:00,16.92,excellent
2026-02-15,Mercury,2026-02-15T13:00:00+10:00,68.88,17.02,2026-02-15T19:00:00+10:00,4.33,excellent
2026-02-15,Venus,2026-02-15T12:30:00+10:00,73.05,9.56,2026-02-15T19:00:00+10:00,0.62,excellent
2026-02-15,Mars,2026-02-15T11:30:00+10:00,79.03,8.67,2026-02-15T05:00:00+10:00,1.18,excellent
2026-02-15,Jupiter,2026-02-15T21:30:00+10:00,39.57,139.2,2026-02-15T19:00:00+10:00,29.92,good
2026-02-15,Saturn,2026-02-15T14:00:00+10:00,64.28,33.72,2026-02-15T19:00:00+10:00,16.47,excellent
2026-02-15,Uranus,2026-02-15T18:00:00+10:00,42.98,90.87,2026-02-15T19:00:00+10:00,39.91,good
2026-02-15,Neptune,2026-02-15T14:00:00+10:00,63.33,34.12,2026-02-15T19:00:00+10:00,16.08,excellent
2026-02-16,Mercury,2026-02-16T13:00:00+10:00,68.12,17.42,2026-02-16T19:00:00+10:00,4.18,excellent
2026-02-16,Venus,2026-02-16T12:30:00+10:00,72.57,9.8,2026-02-16T19:00:00+10:00,0.57,excellent
2026-02-16,Mars,2026-02-16T11:30:00+10:00,78.79,8.89,2026-02-16T05:00:00+10:00,1.23,excellent
2026-02-16,Jupiter,2026-02-16T21:00:00+10:00,39.61,138.14,2026-02-16T19:00:00+10:00,30.47,good
2026-02-16,Saturn,2026-02-16T14:00:00+10:00,64.31,32.82,2026-02-16T19:00:00+10:00,15.67,excellent
2026-02-16,Uranus,2026-02-16T17:30:00+10:00,42.95,89.9,2026-02-16T19:00:00+10:00,39.57,good
2026-02-16,Neptune,2026-02-16T14:00:00+10:00,63.4,33.14,2026-02-16T19:00:00+10:00,15.23,excellent
2026-02-17,Mercury,2026-02-17T13:00:00+10:00,67.38,17.74,2026-02-17T19:00:00+10:00,3.96,excellent
2026-02-17,Venus,2026-02-17T12:30:00+10:00,72.07,10.03,2026-02-17T19:00:00+10:00,0.52,excellent
2026-02-17,Mars,2026-02-17T11:30:00+10:00,78.54,9.11,2026-02-17T05:00:00+10:00,1.29,excellent
2026-02-17,Jupiter,2026-02-17T21:00:00+10:00,39.64,137.06,2026-02-17T19:00:00+10:00,31.0,good
2026-02-17,Saturn,2026-02-17T14:00:00+10:00,64.31,31.92,2026-02-17T19:00:00+10:00,14.87,excellent
2026-02-17,Uranus,2026-02-17T17:30:00+10:00,43.01,88.9,2026-02-17T19:00:00+10:00,39.21,good
2026-02-17,Neptune,2026-02-17T14:00:00+10:00,63.43,32.17,2026-02-17T19:00:00+10:00,14.38,excellent
2026-02-18,Mercury,2026-02-18T13:00:00+10:00,66.67,17.97,2026-02-18T19:00:00+10:00,3.67,excellent
2026-02-18,Venus,2026-02-18T12:30:00+10:00,71.58,10.27,2026-02-18T19:00:00+10:00,0.46,excellent
2026-02-18,Mars,2026-02-18T11:30:00+10:00,78.29,9.33,2026-02-18T05:00:00+10:00,1.35,excellent
2026-02-18,Jupiter,2026-02-18T21:00:00+10:00,39.66,135.98,2026-02-18T19:00:00+10:00,31.52,good
2026-02-18,Saturn,2026-02-18T14:00:00+10:00,64.28,31.03,2026-02-18T19:00:00+10:00,14.07,excellent
2026-02-18,Uranus,2026-02-18T17:30:00+10:00,43.04,87.9,2026-02-18T19:00:00+10:00,38.84,good
2026-02-18,Neptune,2026-02-18T14:00:00+10:00,63.44,31.19,2026-02-18T19:00:00+10:00,13.53,excellent
2026-02-19,Mercury,2026-02-19T13:00:00+10:00,66.01,18.1,2026-02-19T19:00:00+10:00,3.31,excellent
2026-02-19,Venus,2026-02-19T12:30:00+10:00,71.08,10.51,2026-02-19T19:00:00+10:00,0.4,excellent
2026-02-19,Mars,2026-02-19T11:30:00+10:00,78.03,9.55,2026-02-19T05:00:00+10:00,1.41,excellent
2026-02-19,Jupiter,2026-02-19T21:00:00+10:00,39.65,134.91,2026-02-19T19:00:00+10:00,32.03,good
2026-02-19,Saturn,2026-02-19T14:00:00+10:00,64.23,30.14,2026-02-19T19:00:00+10:00,13.27,excellent
2026-02-19,Uranus,2026-02-19T17:30:00+10:00,43.06,86.9,2026-02-19T19:00:00+10:00,38.46,good
2026-02-19,Neptune,2026-02-19T14:00:00+10:00,63.41,30.22,2026-02-19T19:00:00+10:00,12.68,excellent
2026-02-20,Mercury,2026-02-20T13:00:00+10:00,65.4,18.11,2026-02-20T19:00:00+10:00,2.86,excellent
2026-02-20,Venus,2026-02-20T12:30:00+10:00,70.57,10.75,2026-02-20T19:00:00+10:00,0.33,excellent
2026-02-20,Mars,2026-02-20T11:30:00+10:00,77.76,9.77,2026-02-20T05:00:00+10:00,1.47,excellent
2026-02-20,Jupiter,2026-02-20T21:00:00+10:00,39.63,133.84,2026-02-20T19:00:00+10:00,32.52,good
2026-02-20,Saturn,2026-02-20T14:00:00+10:00,64.14,29.24,2026-02-20T19:00:00+10:00,12.47,excellent
2026-02-20,Uranus,2026-02-20T17:30:00+10:00,43.06,85.91,2026-02-20T19:00:00+10:00,38.06,good
2026-02-20,Neptune,2026-02-20T14:00:00+10:00,63.34,29.24,2026-02-20T19:00:00+10:00,11.84,excellent
2026-02-21,Mercury,2026-02-21T13:00:00+10:00,64.84,18.0,2026-02-21T19:00:00+10:00,2.32,excellent
2026-02-21,Venus,2026-02-21T12:30:00+10:00,70.07,10.99,2026-02-21T19:00:00+10:00,0.26,excellent
2026-02-21,Mars,2026-02-21T11:30:00+10:00,77.49,9.99,2026-02-21T05:00:00+10:00,1.53,excellent
2026-02-21,Jupiter,2026-02-21T21:00:00+10:00,39.58,132.77,2026-02-21T19:00:00+10:00,32.99,good
2026-02-21,Saturn,2026-02-21T14:00:00+10:00,64.03,28.35,2026-02-21T19:00:00+10:00,11.67,excellent
2026-02-21,Uranus,2026-02-21T17:30:00+10:00,43.04,84.92,2026-02-21T19:00:00+10:00,37.64,good
2026-02-21,Neptune,2026-02-21T14:00:00+10:00,63.25,28.27,2026-02-21T19:00:00+10:00,10.99,excellent
2026-02-22,Mercury,2026-02-22T13:00:00+10:00,64.33,17.76,2026-02-22T19:00:00+10:00,1.7,excellent
2026-02-22,Venus,2026-02-22T13:00:00+10:00,69.58,11.23,2026-02-22T19:00:00+10:00,0.18,excellent
2026-02-22,Mars,2026-02-22T11:30:00+10:00,77.21,10.21,2026-02-22T05:00:00+10:00,1.6,excellent
2026-02-22,Jupiter,2026-02-22T21:00:00+10:00,39.52,131.71,2026-02-22T19:00:00+10:00,33.45,good
2026-02-22,Saturn,2026-02-22T14:00:00+10:00,63.89,27.46,2026-02-22T19:00:00+10:00,10.87,excellent
2026-02-22,Uranus,2026-02-22T17:30:00+10:00,43.0,83.92,2026-02-22T19:00:00+10:00,37.22,good
2026-02-22,Neptune,2026-02-22T13:30:00+10:00,63.15,27.32,2026-02-22T19:00:00+10:00,10.14,excellent
2026-02-23,Mercury,2026-02-23T13:00:00+10:00,63.89,17.37,2026-02-23T19:00:00+10:00,0.98,excellent
2026-02-23,Venus,2026-02-23T13:00:00+10:00,69.12,11.47,2026-02-23T19:00:00+10:00,0.1,excellent
2026-02-23,Mars,2026-02-23T11:30:00+10:00,76.93,10.43,2026-02-23T05:00:00+10:00,1.66,excellent
2026-02-23,Jupiter,2026-02-23T20:30:00+10:00,39.54,130.67,2026-02-23T19:00:00+10:00,33.9,good
2026-02-23,Saturn,2026-02-23T13:30:00+10:00,63.86,26.59,2026-02-23T19:00:00+10:00,10.07,excellent
2026-02-23,Uranus,2026-02-23T17:30:00+10:00,42.94,82.93,2026-02-23T19:00:00+10:00,36.78,good
2026-02-23,Neptune,2026-02-23T13:30:00+10:00,63.24,26.35,2026-02-23T19:00:00+10:00,9.28,excellent
2026-02-24,Mercury,2026-02-24T13:00:00+10:00,63.5,16.83,2026-02-24T19:00:00+10:00,0.16,excellent
2026-02-24,Venus,2026-02-24T13:00:00+10:00,68.66,11.71,2026-02-24T19:00:00+10:00,0.02,excellent
2026-02-24,Mars,2026-02-24T11:30:00+10:00,76.64,10.65,2026-02-24T05:00:00+10:00,1.72,excellent
2026-02-24,Jupiter,2026-02-24T20:30:00+10:00,39.58,129.61,2026-02-24T19:00:00+10:00,34.32,good
2026-02-24,Saturn,2026-02-24T13:30:00+10:00,63.9,25.71,2026-02-24T19:00:00+10:00,9.27,excellent
2026-02-24,Uranus,2026-02-24T17:00:00+10:00,42.94,81.96,2026-02-24T19:00:00+10:00,36.33,good
2026-02-24,Neptune,2026-02-24T13:30:00+10:00,63.3,25.38,2026-02-24T19:00:00+10:00,8.43,excellent
2026-02-25,Mercury,2026-02-25T13:00:00+10:00,63.16,16.14,2026-02-25T19:00:00+10:00,-0.75,excellent
2026-02-25,Venus,2026-02-25T13:00:00+10:00,68.19,11.95,2026-02-25T19:00:00+10:00,-0.06,excellent
2026-02-25,Mars,2026-02-25T11:30:00+10:00,76.35,10.86,2026-02-25T05:00:00+10:00,1.79,excellent
2026-02-25,Jupiter,2026-02-25T20:30:00+10:00,39.6,128.56,2026-02-25T19:00:00+10:00,34.74,good
2026-02-25,Saturn,2026-02-25T13:30:00+10:00,63.92,24.82,2026-02-25T19:00:00+10:00,8.47,excellent
2026-02-25,Uranus,2026-02-25T17:00:00+10:00,42.99,80.98,2026-02-25T19:00:00+10:00,35.87,good
2026-02-25,Neptune,2026-02-25T13:30:00+10:00,63.33,24.41,2026-02-25T19:00:00+10:00,7.58,excellent
2026-02-26,Mercury,2026-02-26T13:00:00+10:00,62.86,15.29,2026-02-26T19:00:00+10:00,-1.75,excellent
2026-02-26,Venus,2026-02-26T13:00:00+10:00,67.71,12.19,2026-02-26T19:00:00+10:00,-0.15,excellent
2026-02-26,Mars,2026-02-26T11:30:00+10:00,76.06,11.08,2026-02-26T05:00:00+10:00,1.85,excellent
2026-02-26,Jupiter,2026-02-26T20:30:00+10:00,39.6,127.51,2026-02-26T19:00:00+10:00,35.13,good
2026-02-26,Saturn,2026-02-26T13:30:00+10:00,63.9,23.94,2026-02-26T19:00:00+10:00,7.66,excellent
2026-02-26,Uranus,2026-02-26T17:00:00+10:00,43.02,79.99,2026-02-26T19:00:00+10:00,35.39,good
2026-02-26,Neptune,2026-02-26T13:30:00+10:00,63.32,23.44,2026-02-26T19:00:00+10:00,6.73,excellent
2026-02-27,Mercury,2026-02-27T13:00:00+10:00,62.6,14.29,2026-02-27T19:00:00+10:00,-2.84,excellent
2026-02-27,Venus,2026-02-27T13:00:00+10:00,67.23,12.43,2026-02-27T19:00:00+10:00,-0.25,excellent
2026-02-27,Mars,2026-02-27T11:30:00+10:00,75.76,11.3,2026-02-27T05:00:00+10:00,1.92,excellent
2026-02-27,Jupiter,2026-02-27T20:30:00+10:00,39.59,126.47,2026-02-27T19:00:00+10:00,35.51,good
2026-02-27,Saturn,2026-02-27T13:30:00+10:00,63.86,23.05,2026-02-27T19:00:00+10:00,6.86,excellent
2026-02-27,Uranus,2026-02-27T17:00:00+10:00,43.03,79.0,2026-02-27T19:00:00+10:00,34.9,good
2026-02-27,Neptune,2026-02-27T13:30:00+10:00,63.29,22.47,2026-02-27T19:00:00+10:00,5.88,excellent
2026-02-28,Mercury,2026-02-28T12:30:00+10:00,62.49,13.16,2026-02-28T19:00:00+10:00,-4.02,excellent
2026-02-28,Venus,2026-02-28T13:00:00+10:00,66.75,12.67,2026-02-28T19:00:00+10:00,-0.34,excellent
2026-02-28,Mars,2026-02-28T11:30:00+10:00,75.45,11.51,2026-02-28T05:00:00+10:00,1.99,excellent
2026-02-28,Jupiter,2026-02-28T20:30:00+10:00,39.55,125.43,2026-02-28T19:00:00+10:00,35.88,good
2026-02-28,Saturn,2026-02-28T13:30:00+10:00,63.79,22.17,2026-02-28T19:00:00+10:00,6.07,excellent
2026-02-28,Uranus,2026-02-28T17:00:00+10:00,43.02,78.02,2026-02-28T19:00:00+10:00,34.41,good
2026-02-28,Neptune,2026-02-28T13:30:00+10:00,63.23,21.5,2026-02-28T19:00:00+10:00,5.03,excellent
2026-03-01,Mercury,2026-03-01T12:30:00+10:00,62.6,11.88,2026-03-01T19:00:00+10:00,-5.28,excellent
2026-03-01,Venus,2026-03-01T13:00:00+10:00,66.26,12.91,2026-03-01T19:00:00+10:00,-0.44,excellent
2026-03-01,Mars,2026-03-01T11:30:00+10:00,75.14,11.73,2026-03-01T05:00:00+10:00,2.05,excellent
2026-03-01,Jupiter,2026-03-01T20:30:00+10:00,39.5,124.39,2026-03-01T19:00:00+10:00,36.22,good
2026-03-01,Saturn,2026-03-01T13:30:00+10:00,63.69,21.29,2026-03-01T19:00:00+10:00,5.27,excellent
2026-03-01,Uranus,2026-03-01T17:00:00+10:00,42.99,77.04,2026-03-01T19:00:00+10:00,33.9,good
2026-03-01,Neptune,2026-03-01T13:30:00+10:00,63.13,20.54,2026-03-01T19:00:00+10:00,4.18,excellent
2026-03-02,Mercury,2026-03-02T12:30:00+10:00,62.73,10.48,2026-03-02T19:00:00+10:00,-6.6,excellent
2026-03-02,Venus,2026-03-02T13:00:00+10:00,65.77,13.15,2026-03-02T19:00:00+10:00,-0.54,excellent
2026-03-02,Mars,2026-03-02T11:30:00+10:00,74.83,11.94,2026-03-02T05:00:00+10:00,2.12,excellent
2026-03-02,Jupiter,2026-03-02T20:00:00+10:00,39.48,123.38,2026-03-02T19:00:00+10:00,36.55,good
2026-03-02,Saturn,2026-03-02T13:30:00+10:00,63.57,20.41,2026-03-02T19:00:00+10:00,4.47,excellent
2026-03-02,Uranus,2026-03-02T17:00:00+10:00,42.95,76.06,2026-03-02T19:00:00+10:00,33.38,good
2026-03-02,Neptune,2026-03-02T13:00:00+10:00,63.05,19.59,2026-03-02T19:00:00+10:00,3.33,excellent
2026-03-03,Mercury,2026-03-03T12:30:00+10:00,62.86,8.98,2026-03-03T19:00:00+10:00,-7.97,excellent
2026-03-03,Venus,2026-03-03T13:00:00+10:00,65.27,13.39,2026-03-03T19:00:00+10:00,-0.64,excellent
2026-03-03,Mars,2026-03-03T11:30:00+10:00,74.51,12.15,2026-03-03T05:00:00+10:00,2.19,excellent
2026-03-03,Jupiter,2026-03-03T20:00:00+10:00,39.53,122.35,2026-03-03T19:00:00+10:00,36.87,good
2026-03-03,Saturn,2026-03-03T13:00:00+10:00,63.42,19.55,2026-03-03T19:00:00+10:00,3.67,excellent
2026-03-03,Uranus,2026-03-03T17:00:00+10:00,42.89,75.08,2026-03-03T19:00:00+10:00,32.85,good
2026-03-03,Neptune,2026-03-03T13:00:00+10:00,63.13,18.63,2026-03-03T19:00:00+10:00,2.47,excellent
2026-03-04,Mercury,2026-03-04T12:30:00+10:00,62.96,7.43,2026-03-04T19:00:00+10:00,-9.39,excellent
2026-03-04,Venus,2026-03-04T13:00:00+10:00,64.77,13.63,2026-03-04T19:00:00+10:00,-0.74,excellent
2026-03-04,Mars,2026-03-04T11:00:00+10:00,74.19,12.36,2026-03-04T05:00:00+10:00,2.26,excellent
2026-03-04,Jupiter,2026-03-04T20:00:00+10:00,39.56,121.32,2026-03-04T19:00:00+10:00,37.16,good
2026-03-04,Saturn,2026-03-04T13:00:00+10:00,63.48,18.68,2026-03-04T19:00:00+10:00,2.87,excellent
2026-03-04,Uranus,2026-03-04T16:30:00+10:00,42.91,74.12,2026-03-04T19:00:00+10:00,32.31,good
2026-03-04,Neptune,2026-03-04T13:00:00+10:00,63.19,17.66,2026-03-04T19:00:00+10:00,1.62,excellent
2026-03-05,Mercury,2026-03-05T12:00:00+10:00,63.27,5.94,2026-03-05T19:00:00+10:00,-10.84,excellent
2026-03-05,Venus,2026-03-05T13:00:00+10:00,64.27,13.87,2026-03-05T19:00:00+10:00,-0.85,excellent
2026-03-05,Mars,2026-03-05T11:00:00+10:00,73.97,12.58,2026-03-05T05:00:00+10:00,2.34,excellent
2026-03-05,Jupiter,2026-03-05T20:00:00+10:00,39.57,120.3,2026-03-05T19:00:00+10:00,37.44,good
2026-03-05,Saturn,2026-03-05T13:00:00+10:00,63.5,17.8,2026-03-05T19:00:00+10:00,2.07,excellent
2026-03-05,Uranus,2026-03-05T16:30:00+10:00,42.95,73.14,2026-03-05T19:00:00+10:00,31.76,good
2026-03-05,Neptune,2026-03-05T13:00:00+10:00,63.21,16.7,2026-03-05T19:00:00+10:00,0.77,excellent
2026-03-06,Mercury,2026-03-06T12:00:00+10:00,63.74,4.59,2026-03-06T18:30:00+10:00,-5.65,excellent
2026-03-06,Venus,2026-03-06T13:00:00+10:00,63.77,14.11,2026-03-06T18:30:00+10:00,5.7,excellent
2026-03-06,Mars,2026-03-06T11:00:00+10:00,73.73,12.79,2026-03-06T05:00:00+10:00,2.41,excellent
2026-03-06,Jupiter,2026-03-06T20:00:00+10:00,39.57,119.28,2026-03-06T19:00:00+10:00,37.7,good
2026-03-06,Saturn,2026-03-06T13:00:00+10:00,63.5,16.93,2026-03-06T18:30:00+10:00,7.94,excellent
2026-03-06,Uranus,2026-03-06T16:30:00+10:00,42.98,72.17,2026-03-06T18:30:00+10:00,35.27,good
2026-03-06,Neptune,2026-03-06T13:00:00+10:00,63.21,15.74,2026-03-06T18:30:00+10:00,6.59,excellent
2026-03-07,Mercury,2026-03-07T12:00:00+10:00,64.15,3.73,2026-03-07T18:30:00+10:00,-7.12,excellent
2026-03-07,Venus,2026-03-07T13:00:00+10:00,63.26,14.35,2026-03-07T18:30:00+10:00,5.59,excellent
2026-03-07,Mars,2026-03-07T11:00:00+10:00,73.49,13.0,2026-03-07T05:00:00+10:00,2.48,excellent
2026-03-07,Jupiter,2026-03-07T20:00:00+10:00,39.54,118.27,2026-03-07T19:00:00+10:00,37.95,good
2026-03-07,Saturn,2026-03-07T13:00:00+10:00,63.47,16.06,2026-03-07T18:30:00+10:00,7.14,excellent
2026-03-07,Uranus,2026-03-07T16:30:00+10:00,42.99,71.19,2026-03-07T18:30:00+10:00,34.78,good
2026-03-07,Neptune,2026-03-07T13:00:00+10:00,63.17,14.78,2026-03-07T18:30:00+10:00,5.74,excellent
2026-03-08,Mercury,2026-03-08T12:00:00+10:00,64.47,3.81,2026-03-08T05:30:00+10:00,-3.66,excellent
2026-03-08,Venus,2026-03-08T13:00:00+10:00,62.76,14.59,2026-03-08T18:30:00+10:00,5.48,excellent
2026-03-08,Mars,2026-03-08T11:00:00+10:00,73.24,13.21,2026-03-08T05:30:00+10:00,9.12,excellent
2026-03-08,Jupiter,2026-03-08T20:00:00+10:00,39.5,117.26,2026-03-08T19:00:00+10:00,38.18,good
2026-03-08,Saturn,2026-03-08T13:00:00+10:00,63.42,15.19,2026-03-08T18:30:00+10:00,6.34,excellent
2026-03-08,Uranus,2026-03-08T16:30:00+10:00,42.97,70.22,2026-03-08T18:30:00+10:00,34.28,good
2026-03-08,Neptune,2026-03-08T13:00:00+10:00,63.1,13.82,2026-03-08T18:30:00+10:00,4.89,excellent
2026-03-09,Mercury,2026-03-09T11:30:00+10:00,64.94,4.76,2026-03-09T05:30:00+10:00,-1.77,excellent
2026-03-09,Venus,2026-03-09T13:00:00+10:00,62.25,14.83,2026-03-09T18:30:00+10:00,5.37,excellent
2026-03-09,Mars,2026-03-09T11:00:00+10:00,72.99,13.42,2026-03-09T05:30:00+10:00,9.2,excellent
2026-03-09,Jupiter,2026-03-09T20:00:00+10:00,39.44,116.25,2026-03-09T19:00:00+10:00,38.39,good
2026-03-09,Saturn,2026-03-09T13:00:00+10:00,63.34,14.32,2026-03-09T18:30:00+10:00,5.55,excellent
2026-03-09,Uranus,2026-03-09T16:30:00+10:00,42.94,69.25,2026-03-09T18:30:00+10:00,33.78,good
2026-03-09,Neptune,2026-03-09T13:00:00+10:00,63.0,12.86,2026-03-09T18:30:00+10:00,4.04,excellent
2026-03-10,Mercury,2026-03-10T11:30:00+10:00,65.56,6.21,2026-03-10T05:30:00+10:00,0.11,excellent
2026-03-10,Venus,2026-03-10T13:00:00+10:00,61.74,15.07,2026-03-10T18:30:00+10:00,5.26,excellent
2026-03-10,Mars,2026-03-10T11:00:00+10:00,72.73,13.64,2026-03-10T05:30:00+10:00,9.28,excellent
2026-03-10,Jupiter,2026-03-10T19:30:00+10:00,39.49,115.27,2026-03-10T19:00:00+10:00,38.58,good
2026-03-10,Saturn,2026-03-10T13:00:00+10:00,63.23,13.45,2026-03-10T18:30:00+10:00,4.75,excellent
2026-03-10,Uranus,2026-03-10T16:30:00+10:00,42.89,68.28,2026-03-10T18:30:00+10:00,33.26,good
2026-03-10,Neptune,2026-03-10T12:30:00+10:00,62.94,11.93,2026-03-10T18:30:00+10:00,3.19,excellent
2026-03-11,Mercury,2026-03-11T11:30:00+10:00,66.07,7.86,2026-03-11T05:30:00+10:00,1.95,excellent
2026-03-11,Venus,2026-03-11T13:00:00+10:00,61.23,15.31,2026-03-11T18:30:00+10:00,5.15,excellent
2026-03-11,Mars,2026-03-11T11:00:00+10:00,72.47,13.85,2026-03-11T05:30:00+10:00,9.37,excellent
2026-03-11,Jupiter,2026-03-11T19:30:00+10:00,39.53,114.27,2026-03-11T19:00:00+10:00,38.76,good
2026-03-11,Saturn,2026-03-11T13:00:00+10:00,63.1,12.59,2026-03-11T18:30:00+10:00,3.95,excellent
2026-03-11,Uranus,2026-03-11T16:30:00+10:00,42.83,67.31,2026-03-11T18:30:00+10:00,32.73,good
2026-03-11,Neptune,2026-03-11T12:30:00+10:00,63.02,10.97,2026-03-11T18:30:00+10:00,2.34,excellent
2026-03-12,Mercury,2026-03-12T11:30:00+10:00,66.46,9.56,2026-03-12T05:30:00+10:00,3.75,excellent
2026-03-12,Venus,2026-03-12T13:00:00+10:00,60.72,15.56,2026-03-12T18:30:00+10:00,5.04,excellent
2026-03-12,Mars,2026-03-12T11:00:00+10:00,72.2,14.06,2026-03-12T05:30:00+10:00,9.45,excellent
2026-03-12,Jupiter,2026-03-12T19:30:00+10:00,39.55,113.27,2026-03-12T18:30:00+10:00,37.27,good
2026-03-12,Saturn,2026-03-12T12:30:00+10:00,63.03,11.74,2026-03-12T18:30:00+10:00,3.16,excellent
2026-03-12,Uranus,2026-03-12T16:00:00+10:00,42.87,66.36,2026-03-12T18:30:00+10:00,32.19,good
2026-03-12,Neptune,2026-03-12T12:30:00+10:00,63.08,10.02,2026-03-12T18:30:00+10:00,1.49,excellent
2026-03-13,Mercury,2026-03-13T11:00:00+10:00,66.87,11.22,2026-03-13T05:30:00+10:00,5.48,excellent
2026-03-13,Venus,2026-03-13T13:00:00+10:00,60.21,15.8,2026-03-13T18:30:00+10:00,4.93,excellent
2026-03-13,Mars,2026-03-13T11:00:00+10:00,71.93,14.27,2026-03-13T05:30:00+10:00,9.54,excellent
2026-03-13,Jupiter,2026-03-13T19:30:00+10:00,39.56,112.28,2026-03-13T18:30:00+10:00,37.54,good
2026-03-13,Saturn,2026-03-13T12:30:00+10:00,63.07,10.88,2026-03-13T18:30:00+10:00,2.36,excellent
2026-03-13,Uranus,2026-03-13T16:00:00+10:00,42.91,65.39,2026-03-13T18:30:00+10:00,31.65,good
2026-03-13,Neptune,2026-03-13T12:30:00+10:00,63.1,9.07,2026-03-13T18:30:00+10:00,0.63,excellent
2026-03-14,Mercury,2026-03-14T11:00:00+10:00,67.5,12.86,2026-03-14T05:30:00+10:00,7.13,excellent
2026-03-14,Venus,2026-03-14T13:00:00+10:00,59.7,16.04,2026-03-14T18:30:00+10:00,4.82,excellent
2026-03-14,Mars,2026-03-14T11:00:00+10:00,71.65,14.48,2026-03-14T05:30:00+10:00,9.62,excellent
2026-03-14,Jupiter,2026-03-14T19:30:00+10:00,39.55,111.29,2026-03-14T18:30:00+10:00,37.79,good
2026-03-14,Saturn,2026-03-14T12:30:00+10:00,63.08,10.03,2026-03-14T18:30:00+10:00,1.56,excellent
2026-03-14,Uranus,2026-03-14T16:00:00+10:00,42.93,64.42,2026-03-14T18:30:00+10:00,31.09,good
2026-03-14,Neptune,2026-03-14T12:30:00+10:00,63.09,8.12,2026-03-14T18:30:00+10:00,-0.22,excellent
2026-03-15,Mercury,2026-03-15T11:00:00+10:00,68.01,14.44,2026-03-15T05:30:00+10:00,8.69,excellent
2026-03-15,Venus,2026-03-15T13:00:00+10:00,59.19,16.28,2026-03-15T18:30:00+10:00,4.71,excellent
2026-03-15,Mars,2026-03-15T11:00:00+10:00,71.37,14.69,2026-03-15T05:30:00+10:00,9.71,excellent
2026-03-15,Jupiter,2026-03-15T19:30:00+10:00,39.52,110.31,2026-03-15T18:30:00+10:00,38.03,good
2026-03-15,Saturn,2026-03-15T12:30:00+10:00,63.07,9.18,2026-03-15T18:30:00+10:00,0.77,excellent
2026-03-15,Uranus,2026-03-15T16:00:00+10:00,42.93,63.46,2026-03-15T18:30:00+10:00,30.52,good
2026-03-15,Neptune,2026-03-15T12:30:00+10:00,63.05,7.17,2026-03-15T18:30:00+10:00,-1.07,excellent
2026-03-16,Mercury,2026-03-16T11:00:00+10:00,68.4,15.93,2026-03-16T05:30:00+10:00,10.15,excellent
2026-03-16,Venus,2026-03-16T13:00:00+10:00,58.68,16.52,2026-03-16T18:30:00+10:00,4.6,excellent
2026-03-16,Mars,2026-03-16T11:00:00+10:00,71.08,14.89,2026-03-16T05:30:00+10:00,9.79,excellent
2026-03-16,Jupiter,2026-03-16T19:30:00+10:00,39.48,109.33,2026-03-16T18:30:00+10:00,38.25,good
2026-03-16,Saturn,2026-03-16T12:30:00+10:00,63.03,8.33,2026-03-16T18:30:00+10:00,-0.03,excellent
2026-03-16,Uranus,2026-03-16T16:00:00+10:00,42.91,62.5,2026-03-16T18:30:00+10:00,29.95,good
2026-03-16,Neptune,2026-03-16T12:30:00+10:00,62.98,6.23,2026-03-16T18:30:00+10:00,-1.92,excellent
2026-03-17,Mercury,2026-03-17T11:00:00+10:00,68.69,17.33,2026-03-17T05:30:00+10:00,11.51,excellent
2026-03-17,Venus,2026-03-17T13:00:00+10:00,58.17,16.76,2026-03-17T18:30:00+10:00,4.49,excellent
2026-03-17,Mars,2026-03-17T11:00:00+10:00,70.79,15.1,2026-03-17T05:30:00+10:00,9.88,excellent
2026-03-17,Jupiter,2026-03-17T19:00:00+10:00,39.45,108.37,2026-03-17T18:30:00+10:00,38.45,good
2026-03-17,Saturn,2026-03-17T12:30:00+10:00,62.97,7.49,2026-03-17T18:30:00+10:00,-0.83,excellent
2026-03-17,Uranus,2026-03-17T16:00:00+10:00,42.88,61.53,2026-03-17T18:30:00+10:00,29.37,good
2026-03-17,Neptune,2026-03-17T12:30:00+10:00,62.87,5.3,2026-03-17T18:30:00+10:00,-2.77,excellent
2026-03-18,Mercury,2026-03-18T11:00:00+10:00,68.88,18.63,2026-03-18T05:30:00+10:00,12.77,excellent
2026-03-18,Venus,2026-03-18T13:00:00+10:00,57.66,17.0,2026-03-18T18:30:00+10:00,4.38,excellent
2026-03-18,Mars,2026-03-18T11:00:00+10:00,70.49,15.31,2026-03-18T05:30:00+10:00,9.97,excellent
2026-03-18,Jupiter,2026-03-18T19:00:00+10:00,39.5,107.39,2026-03-18T18:30:00+10:00,38.63,good
2026-03-18,Saturn,2026-03-18T12:30:00+10:00,62.88,6.66,2026-03-18T18:30:00+10:00,-1.62,excellent
2026-03-18,Uranus,2026-03-18T16:00:00+10:00,42.83,60.57,2026-03-18T18:30:00+10:00,28.78,good
2026-03-18,Neptune,2026-03-18T12:00:00+10:00,62.83,4.4,2026-03-18T18:30:00+10:00,-3.62,excellent
2026-03-19,Mercury,2026-03-19T10:30:00+10:00,69.34,19.81,2026-03-19T05:30:00+10:00,13.92,excellent
2026-03-19,Venus,2026-03-19T13:00:00+10:00,57.15,17.25,2026-03-19T18:30:00+10:00,4.27,excellent
2026-03-19,Mars,2026-03-19T11:00:00+10:00,70.19,15.52,2026-03-19T05:30:00+10:00,10.06,excellent
2026-03-19,Jupiter,2026-03-19T19:00:00+10:00,39.54,106.42,2026-03-19T18:30:00+10:00,38.8,good
2026-03-19,Saturn,2026-03-19T12:30:00+10:00,62.76,5.84,2026-03-19T18:30:00+10:00,-2.42,excellent
2026-03-19,Uranus,2026-03-19T16:00:00+10:00,42.76,59.61,2026-03-19T18:30:00+10:00,28.18,good
2026-03-19,Neptune,2026-03-19T12:00:00+10:00,62.91,3.49,2026-03-19T18:30:00+10:00,-4.47,excellent
2026-03-20,Mercury,2026-03-20T10:30:00+10:00,69.72,20.92,2026-03-20T05:30:00+10:00,14.97,excellent
2026-03-20,Venus,2026-03-20T13:00:00+10:00,56.65,17.49,2026-03-20T18:30:00+10:00,4.16,excellent
2026-03-20,Mars,2026-03-20T11:00:00+10:00,69.89,15.73,2026-03-20T05:30:00+10:00,10.14,excellent
2026-03-20,Jupiter,2026-03-20T19:00:00+10:00,39.57,105.46,2026-03-20T18:30:00+10:00,38.96,good
2026-03-20,Saturn,2026-03-20T12:30:00+10:00,62.62,5.04,2026-03-20T18:30:00+10:00,-3.21,excellent
2026-03-20,Uranus,2026-03-20T15:30:00+10:00,42.81,58.67,2026-03-20T18:30:00+10:00,27.58,good
2026-03-20,Neptune,2026-03-20T12:00:00+10:00,62.96,2.63,2026-03-20T18:30:00+10:00,-5.31,excellent
2026-03-21,Mercury,2026-03-21T10:30:00+10:00,70.0,21.93,2026-03-21T05:30:00+10:00,15.91,excellent
2026-03-21,Venus,2026-03-21T13:00:00+10:00,56.14,17.73,2026-03-21T18:30:00+10:00,4.06,excellent
2026-03-21,Mars,2026-03-21T11:00:00+10:00,69.58,15.93,2026-03-21T05:30:00+10:00,10.23,excellent
2026-03-21,Jupiter,2026-03-21T19:00:00+10:00,39.57,104.5,2026-03-21T18:30:00+10:00,39.09,good
2026-03-21,Saturn,2026-03-21T12:00:00+10:00,62.63,4.28,2026-03-21T18:30:00+10:00,-4.01,excellent
2026-03-21,Uranus,2026-03-21T15:30:00+10:00,42.85,57.72,2026-03-21T18:30:00+10:00,26.97,good
2026-03-21,Neptune,2026-03-21T12:00:00+10:00,62.98,1.86,2026-03-21T18:30:00+10:00,-6.16,excellent
2026-03-22,Mercury,2026-03-22T10:30:00+10:00,70.21,22.85,2026-03-22T05:30:00+10:00,16.76,excellent
2026-03-22,Venus,2026-03-22T13:00:00+10:00,55.64,17.97,2026-03-22T18:30:00+10:00,3.96,excellent
2026-03-22,Mars,2026-03-22T11:00:00+10:00,69.27,16.14,2026-03-22T05:30:00+10:00,10.32,excellent
2026-03-22,Jupiter,2026-03-22T19:00:00+10:00,39.56,103.54,2026-03-22T18:30:00+10:00,39.21,good
2026-03-22,Saturn,2026-03-22T12:00:00+10:00,62.66,3.56,2026-03-22T18:30:00+10:00,-4.8,excellent
2026-03-22,Uranus,2026-03-22T15:30:00+10:00,42.87,56.76,2026-03-22T18:30:00+10:00,26.35,good
2026-03-22,Neptune,2026-03-22T12:00:00+10:00,62.97,1.36,2026-03-22T05:30:00+10:00,-6.3,excellent
2026-03-23,Mercury,2026-03-23T10:30:00+10:00,70.35,23.67,2026-03-23T05:30:00+10:00,17.51,excellent
2026-03-23,Venus,2026-03-23T13:00:00+10:00,55.14,18.21,2026-03-23T18:30:00+10:00,3.86,excellent
2026-03-23,Mars,2026-03-23T11:00:00+10:00,68.95,16.35,2026-03-23T05:30:00+10:00,10.41,excellent
2026-03-23,Jupiter,2026-03-23T19:00:00+10:00,39.53,102.58,2026-03-23T18:30:00+10:00,39.32,good
2026-03-23,Saturn,2026-03-23T12:00:00+10:00,62.66,2.91,2026-03-23T18:30:00+10:00,-5.6,excellent
2026-03-23,Uranus,2026-03-23T15:30:00+10:00,42.87,55.8,2026-03-23T18:30:00+10:00,25.73,good
2026-03-23,Neptune,2026-03-23T12:00:00+10:00,62.92,1.43,2026-03-23T05:30:00+10:00,-5.47,excellent
2026-03-24,Mercury,2026-03-24T10:30:00+10:00,70.44,24.41,2026-03-24T05:30:00+10:00,18.17,excellent
2026-03-24,Venus,2026-03-24T13:00:00+10:00,54.64,18.46,2026-03-24T18:30:00+10:00,3.76,excellent
2026-03-24,Mars,2026-03-24T11:00:00+10:00,68.63,16.55,2026-03-24T05:30:00+10:00,10.5,excellent
2026-03-24,Jupiter,2026-03-24T19:00:00+10:00,39.49,101.63,2026-03-24T18:30:00+10:00,39.41,good
2026-03-24,Saturn,2026-03-24T12:00:00+10:00,62.64,2.4,2026-03-24T18:30:00+10:00,-6.39,excellent
2026-03-24,Uranus,2026-03-24T15:30:00+10:00,42.85,54.85,2026-03-24T18:30:00+10:00,25.09,good
2026-03-24,Neptune,2026-03-24T12:00:00+10:00,62.85,2.02,2026-03-24T05:30:00+10:00,-4.63,excellent
2026-03-25,Mercury,2026-03-25T10:30:00+10:00,70.47,25.06,2026-03-25T05:30:00+10:00,18.74,excellent
2026-03-25,Venus,2026-03-25T13:00:00+10:00,54.14,18.7,2026-03-25T18:30:00+10:00,3.66,excellent
2026-03-25,Mars,2026-03-25T11:00:00+10:00,68.31,16.76,2026-03-25T05:30:00+10:00,10.59,excellent
2026-03-25,Jupiter,2026-03-25T18:30:00+10:00,39.48,100.7,2026-03-25T18:30:00+10:00,39.48,good
2026-03-25,Saturn,2026-03-25T12:00:00+10:00,62.59,2.14,2026-03-25T05:30:00+10:00,-6.45,excellent
2026-03-25,Uranus,2026-03-25T15:30:00+10:00,42.81,53.9,2026-03-25T18:30:00+10:00,24.46,good
2026-03-25,Neptune,2026-03-25T12:00:00+10:00,62.75,2.81,2026-03-25T05:30:00+10:00,-3.8,excellent
2026-03-26,Mercury,2026-03-26T10:30:00+10:00,70.45,25.63,2026-03-26T05:30:00+10:00,19.23,excellent
2026-03-26,Venus,2026-03-26T13:00:00+10:00,53.65,18.94,2026-03-26T18:30:00+10:00,3.57,excellent
2026-03-26,Mars,2026-03-26T11:00:00+10:00,67.99,16.97,2026-03-26T05:30:00+10:00,10.68,excellent
2026-03-26,Jupiter,2026-03-26T18:30:00+10:00,39.53,99.76,2026-03-26T18:30:00+10:00,39.53,good
2026-03-26,Saturn,2026-03-26T12:00:00+10:00,62.51,2.21,2026-03-26T05:30:00+10:00,-5.7,excellent
2026-03-26,Uranus,2026-03-26T15:30:00+10:00,42.76,52.95,2026-03-26T18:30:00+10:00,23.81,good
2026-03-26,Neptune,2026-03-26T11:30:00+10:00,62.72,3.67,2026-03-26T05:30:00+10:00,-2.96,excellent
2026-03-27,Mercury,2026-03-27T10:30:00+10:00,70.4,26.13,2026-03-27T05:30:00+10:00,19.64,excellent
2026-03-27,Venus,2026-03-27T13:00:00+10:00,53.16,19.18,2026-03-27T18:30:00+10:00,3.48,excellent
2026-03-27,Mars,2026-03-27T11:00:00+10:00,67.66,17.17,2026-03-27T05:30:00+10:00,10.78,excellent
2026-03-27,Jupiter,2026-03-27T18:30:00+10:00,39.57,98.82,2026-03-27T18:30:00+10:00,39.57,good
2026-03-27,Saturn,2026-03-27T12:00:00+10:00,62.41,2.59,2026-03-27T05:30:00+10:00,-4.95,excellent
2026-03-27,Uranus,2026-03-27T15:00:00+10:00,42.69,52.02,2026-03-27T18:30:00+10:00,23.16,good
2026-03-27,Neptune,2026-03-27T11:30:00+10:00,62.8,4.57,2026-03-27T05:30:00+10:00,-2.13,excellent
2026-03-28,Mercury,2026-03-28T10:30:00+10:00,70.31,26.55,2026-03-28T05:30:00+10:00,19.97,excellent
2026-03-28,Venus,2026-03-28T13:00:00+10:00,52.67,19.43,2026-03-28T18:30:00+10:00,3.4,excellent
2026-03-28,Mars,2026-03-28T11:00:00+10:00,67.33,17.38,2026-03-28T05:30:00+10:00,10.87,excellent
2026-03-28,Jupiter,2026-03-28T18:30:00+10:00,39.6,97.88,2026-03-28T18:30:00+10:00,39.6,good
2026-03-28,Saturn,2026-03-28T12:00:00+10:00,62.29,3.17,2026-03-28T05:30:00+10:00,-4.2,excellent
2026-03-28,Uranus,2026-03-28T15:00:00+10:00,42.74,51.07,2026-03-28T18:30:00+10:00,22.51,good
2026-03-28,Neptune,2026-03-28T11:30:00+10:00,62.85,5.49,2026-03-28T05:30:00+10:00,-1.29,excellent
2026-03-29,Mercury,2026-03-29T10:00:00+10:00,70.19,26.9,2026-03-29T05:30:00+10:00,20.24,excellent
2026-03-29,Venus,2026-03-29T13:00:00+10:00,52.18,19.67,2026-03-29T18:30:00+10:00,3.31,excellent
2026-03-29,Mars,2026-03-29T11:00:00+10:00,66.99,17.58,2026-03-29T05:30:00+10:00,10.96,excellent
2026-03-29,Jupiter,2026-03-29T18:30:00+10:00,39.61,96.95,2026-03-29T18:30:00+10:00,39.61,good
2026-03-29,Saturn,2026-03-29T11:30:00+10:00,62.18,3.84,2026-03-29T05:30:00+10:00,-3.45,excellent
2026-03-29,Uranus,2026-03-29T15:00:00+10:00,42.78,50.12,2026-03-29T18:30:00+10:00,21.85,good
2026-03-29,Neptune,2026-03-29T11:30:00+10:00,62.86,6.41,2026-03-29T05:30:00+10:00,-0.45,excellent
2026-03-30,Mercury,2026-03-30T10:00:00+10:00,70.14,27.2,2026-03-30T05:30:00+10:00,20.44,excellent
2026-03-30,Venus,2026-03-30T13:00:00+10:00,51.7,19.91,2026-03-30T18:30:00+10:00,3.23,excellent
2026-03-30,Mars,2026-03-30T11:00:00+10:00,66.65,17.79,2026-03-30T05:30:00+10:00,11.05,excellent
2026-03-30,Jupiter,2026-03-30T18:30:00+10:00,39.6,96.02,2026-03-30T18:30:00+10:00,39.6,good
2026-03-30,Saturn,2026-03-30T11:30:00+10:00,62.22,4.58,2026-03-30T05:30:00+10:00,-2.7,excellent
2026-03-30,Uranus,2026-03-30T15:00:00+10:00,42.79,49.18,2026-03-30T18:30:00+10:00,21.18,good
2026-03-30,Neptune,2026-03-30T11:30:00+10:00,62.85,7.35,2026-03-30T05:30:00+10:00,0.38,excellent
2026-03-31,Mercury,2026-03-31T10:00:00+10:00,70.04,27.43,2026-03-31T05:30:00+10:00,20.58,excellent
2026-03-31,Venus,2026-03-31T13:00:00+10:00,51.22,20.16,2026-03-31T18:30:00+10:00,3.16,excellent
2026-03-31,Mars,2026-03-31T11:00:00+10:00,66.31,17.99,2026-03-31T05:30:00+10:00,11.15,excellent
2026-03-31,Jupiter,2026-03-31T18:30:00+10:00,39.58,95.1,2026-03-31T18:30:00+10:00,39.58,good
2026-03-31,Saturn,2026-03-31T11:30:00+10:00,62.24,5.36,2026-03-31T05:30:00+10:00,-1.95,excellent
2026-03-31,Uranus,2026-03-31T15:00:00+10:00,42.79,48.23,2026-03-31T18:30:00+10:00,20.51,good
2026-03-31,Neptune,2026-03-31T11:30:00+10:00,62.8,8.28,2026-03-31T05:30:00+10:00,1.22,excellent
2026-04-01,Mercury,2026-04-01T10:00:00+10:00,69.9,27.61,2026-04-01T05:30:00+10:00,20.66,excellent
2026-04-01,Venus,2026-04-01T13:00:00+10:00,50.75,20.4,2026-04-01T18:30:00+10:00,3.09,excellent
2026-04-01,Mars,2026-04-01T11:00:00+10:00,65.97,18.2,2026-04-01T05:30:00+10:00,11.24,excellent
2026-04-01,Jupiter,2026-04-01T18:30:00+10:00,39.54,94.17,2026-04-01T18:30:00+10:00,39.54,good
2026-04-01,Saturn,2026-04-01T11:30:00+10:00,62.23,6.16,2026-04-01T05:30:00+10:00,-1.2,excellent
2026-04-01,Uranus,2026-04-01T15:00:00+10:00,42.77,47.29,2026-04-01T18:30:00+10:00,19.83,good
2026-04-01,Neptune,2026-04-01T11:30:00+10:00,62.73,9.22,2026-04-01T05:30:00+10:00,2.06,excellent
2026-04-02,Mercury,2026-04-02T10:00:00+10:00,69.72,27.73,2026-04-02T05:30:00+10:00,20.69,excellent
2026-04-02,Venus,2026-04-02T13:00:00+10:00,50.28,20.64,2026-04-02T18:00:00+10:00,9.37,excellent
2026-04-02,Mars,2026-04-02T11:00:00+10:00,65.63,18.4,2026-04-02T05:30:00+10:00,11.33,excellent
2026-04-02,Jupiter,2026-04-02T18:00:00+10:00,39.52,93.27,2026-04-02T18:00:00+10:00,39.52,good
2026-04-02,Saturn,2026-04-02T11:30:00+10:00,62.2,6.98,2026-04-02T05:30:00+10:00,-0.45,excellent
2026-04-02,Uranus,2026-04-02T15:00:00+10:00,42.74,46.34,2026-04-02T18:00:00+10:00,24.39,good
2026-04-02,Neptune,2026-04-02T11:30:00+10:00,62.62,10.16,2026-04-02T05:30:00+10:00,2.89,excellent
2026-04-03,Mercury,2026-04-03T10:00:00+10:00,69.5,27.8,2026-04-03T05:30:00+10:00,20.66,excellent
2026-04-03,Venus,2026-04-03T13:00:00+10:00,49.81,20.89,2026-04-03T18:00:00+10:00,9.29,excellent
2026-04-03,Mars,2026-04-03T10:30:00+10:00,65.31,18.6,2026-04-03T05:30:00+10:00,11.43,excellent
2026-04-03,Jupiter,2026-04-03T18:00:00+10:00,39.58,92.36,2026-04-03T18:00:00+10:00,39.58,good
2026-04-03,Saturn,2026-04-03T11:30:00+10:00,62.14,7.8,2026-04-03T05:30:00+10:00,0.3,excellent
2026-04-03,Uranus,2026-04-03T15:00:00+10:00,42.68,45.4,2026-04-03T18:00:00+10:00,23.75,good
2026-04-03,Neptune,2026-04-03T11:00:00+10:00,62.62,11.08,2026-04-03T05:30:00+10:00,3.73,excellent
2026-04-04,Mercury,2026-04-04T10:00:00+10:00,69.25,27.82,2026-04-04T05:30:00+10:00,20.58,excellent
2026-04-04,Venus,2026-04-04T13:00:00+10:00,49.35,21.13,2026-04-04T18:00:00+10:00,9.22,excellent
2026-04-04,Mars,2026-04-04T10:30:00+10:00,65.03,18.8,2026-04-04T05:30:00+10:00,11.52,excellent
2026-04-04,Jupiter,2026-04-04T18:00:00+10:00,39.62,91.45,2026-04-04T18:00:00+10:00,39.62,good
2026-04-04,Saturn,2026-04-04T11:30:00+10:00,62.06,8.63,2026-04-04T05:30:00+10:00,1.05,excellent
2026-04-04,Uranus,2026-04-04T14:30:00+10:00,42.62,44.48,2026-04-04T18:00:00+10:00,23.1,good
2026-04-04,Neptune,2026-04-04T11:00:00+10:00,62.69,12.03,2026-04-04T05:30:00+10:00,4.57,excellent
2026-04-05,Mercury,2026-04-05T10:00:00+10:00,68.97,27.79,2026-04-05T05:30:00+10:00,20.45,excellent
2026-04-05,Venus,2026-04-05T13:00:00+10:00,48.89,21.37,2026-04-05T18:00:00+10:00,9.15,excellent
2026-04-05,Mars,2026-04-05T10:30:00+10:00,64.75,19.01,2026-04-05T05:30:00+10:00,11.61,excellent
2026-04-05,Jupiter,2026-04-05T18:00:00+10:00,39.65,90.54,2026-04-05T18:00:00+10:00,39.65,good
2026-04-05,Saturn,2026-04-05T11:30:00+10:00,61.95,9.47,2026-04-05T05:30:00+10:00,1.8,excellent
2026-04-05,Uranus,2026-04-05T14:30:00+10:00,42.67,43.54,2026-04-05T18:00:00+10:00,22.45,good
2026-04-05,Neptune,2026-04-05T11:00:00+10:00,62.73,12.97,2026-04-05T05:30:00+10:00,5.4,excellent
2026-04-06,Mercury,2026-04-06T10:00:00+10:00,68.66,27.72,2026-04-06T05:30:00+10:00,20.28,excellent
2026-04-06,Venus,2026-04-06T13:00:00+10:00,48.44,21.62,2026-04-06T18:00:00+10:00,9.08,excellent
2026-04-06,Mars,2026-04-06T10:30:00+10:00,64.47,19.21,2026-04-06T05:30:00+10:00,11.71,excellent
2026-04-06,Jupiter,2026-04-06T18:00:00+10:00,39.67,89.63,2026-04-06T18:00:00+10:00,39.67,good
2026-04-06,Saturn,2026-04-06T11:30:00+10:00,61.82,10.31,2026-04-06T05:30:00+10:00,2.55,excellent
2026-04-06,Uranus,2026-04-06T14:30:00+10:00,42.7,42.6,2026-04-06T18:00:00+10:00,21.79,good
2026-04-06,Neptune,2026-04-06T11:00:00+10:00,62.75,13.91,2026-04-06T05:30:00+10:00,6.24,excellent
2026-04-07,Mercury,2026-04-07T10:00:00+10:00,68.31,27.61,2026-04-07T05:30:00+10:00,20.07,excellent
2026-04-07,Venus,2026-04-07T13:00:00+10:00,47.99,21.86,2026-04-07T18:00:00+10:00,9.02,excellent
2026-04-07,Mars,2026-04-07T10:30:00+10:00,64.18,19.41,2026-04-07T05:30:00+10:00,11.8,excellent
2026-04-07,Jupiter,2026-04-07T18:00:00+10:00,39.67,88.73,2026-04-07T18:00:00+10:00,39.67,good
2026-04-07,Saturn,2026-04-07T11:00:00+10:00,61.78,11.14,2026-04-07T05:30:00+10:00,3.3,excellent
2026-04-07,Uranus,2026-04-07T14:30:00+10:00,42.71,41.67,2026-04-07T18:00:00+10:00,21.13,good
2026-04-07,Neptune,2026-04-07T11:00:00+10:00,62.73,14.85,2026-04-07T05:30:00+10:00,7.08,excellent
2026-04-08,Mercury,2026-04-08T10:00:00+10:00,67.94,27.46,2026-04-08T05:30:00+10:00,19.82,excellent
2026-04-08,Venus,2026-04-08T13:00:00+10:00,47.55,22.11,2026-04-08T18:00:00+10:00,8.96,excellent
2026-04-08,Mars,2026-04-08T10:30:00+10:00,63.89,19.62,2026-04-08T05:30:00+10:00,11.9,excellent
2026-04-08,Jupiter,2026-04-08T18:00:00+10:00,39.66,87.83,2026-04-08T18:00:00+10:00,39.66,good
2026-04-08,Saturn,2026-04-08T11:00:00+10:00,61.82,11.98,2026-04-08T05:30:00+10:00,4.05,excellent
2026-04-08,Uranus,2026-04-08T14:30:00+10:00,42.71,40.73,2026-04-08T18:00:00+10:00,20.46,good
2026-04-08,Neptune,2026-04-08T11:00:00+10:00,62.68,15.8,2026-04-08T05:30:00+10:00,7.91,excellent
2026-04-09,Mercury,2026-04-09T10:00:00+10:00,67.54,27.26,2026-04-09T05:30:00+10:00,19.52,excellent
2026-04-09,Venus,2026-04-09T13:30:00+10:00,47.11,22.35,2026-04-09T18:00:00+10:00,8.91,excellent
2026-04-09,Mars,2026-04-09T10:30:00+10:00,63.6,19.82,2026-04-09T05:30:00+10:00,11.99,excellent
2026-04-09,Jupiter,2026-04-09T18:00:00+10:00,39.63,86.94,2026-04-09T18:00:00+10:00,39.63,good
2026-04-09,Saturn,2026-04-09T11:00:00+10:00,61.83,12.83,2026-04-09T05:30:00+10:00,4.8,excellent
2026-04-09,Uranus,2026-04-09T14:30:00+10:00,42.69,39.8,2026-04-09T18:00:00+10:00,19.79,good
2026-04-09,Neptune,2026-04-09T11:00:00+10:00,62.6,16.74,2026-04-09T05:30:00+10:00,8.75,excellent
2026-04-10,Mercury,2026-04-10T10:00:00+10:00,67.11,27.03,2026-04-10T05:30:00+10:00,19.19,excellent
2026-04-10,Venus,2026-04-10T13:30:00+10:00,46.71,22.6,2026-04-10T18:00:00+10:00,8.86,excellent
2026-04-10,Mars,2026-04-10T10:30:00+10:00,63.31,20.02,2026-04-10T05:30:00+10:00,12.08,excellent
2026-04-10,Jupiter,2026-04-10T18:00:00+10:00,39.59,86.04,2026-04-10T18:00:00+10:00,39.59,good
2026-04-10,Saturn,2026-04-10T11:00:00+10:00,61.81,13.68,2026-04-10T05:30:00+10:00,5.55,excellent
2026-04-10,Uranus,2026-04-10T14:30:00+10:00,42.65,38.86,2026-04-10T18:00:00+10:00,19.11,good
2026-04-10,Neptune,2026-04-10T11:00:00+10:00,62.49,17.68,2026-04-10T05:30:00+10:00,9.58,excellent
2026-04-11,Mercury,2026-04-11T10:00:00+10:00,66.65,26.77,2026-04-11T05:30:00+10:00,18.82,excellent
2026-04-11,Venus,2026-04-11T13:30:00+10:00,46.32,22.84,2026-04-11T18:00:00+10:00,8.82,excellent
2026-04-11,Mars,2026-04-11T10:30:00+10:00,63.01,20.22,2026-04-11T05:30:00+10:00,12.18,excellent
2026-04-11,Jupiter,2026-04-11T17:30:00+10:00,39.63,85.17,2026-04-11T18:00:00+10:00,39.53,good
2026-04-11,Saturn,2026-04-11T11:00:00+10:00,61.77,14.53,2026-04-11T05:30:00+10:00,6.3,excellent
2026-04-11,Uranus,2026-04-11T14:30:00+10:00,42.6,37.93,2026-04-11T18:00:00+10:00,18.43,good
2026-04-11,Neptune,2026-04-11T10:30:00+10:00,62.51,18.61,2026-04-11T05:30:00+10:00,10.42,excellent
2026-04-12,Mercury,2026-04-12T10:30:00+10:00,66.19,26.46,2026-04-12T05:30:00+10:00,18.42,excellent
2026-04-12,Venus,2026-04-12T13:30:00+10:00,45.93,23.08,2026-04-12T18:00:00+10:00,8.79,excellent
2026-04-12,Mars,2026-04-12T10:30:00+10:00,62.71,20.43,2026-04-12T05:30:00+10:00,12.27,excellent
2026-04-12,Jupiter,2026-04-12T17:30:00+10:00,39.69,84.29,2026-04-12T18:00:00+10:00,39.46,good
2026-04-12,Saturn,2026-04-12T11:00:00+10:00,61.71,15.38,2026-04-12T05:30:00+10:00,7.05,excellent
2026-04-12,Uranus,2026-04-12T14:00:00+10:00,42.53,37.01,2026-04-12T18:00:00+10:00,17.74,good
2026-04-12,Neptune,2026-04-12T10:30:00+10:00,62.58,19.55,2026-04-12T05:30:00+10:00,11.25,excellent
2026-04-13,Mercury,2026-04-13T10:30:00+10:00,65.75,26.12,2026-04-13T05:30:00+10:00,17.98,excellent
2026-04-13,Venus,2026-04-13T13:30:00+10:00,45.55,23.33,2026-04-13T18:00:00+10:00,8.76,excellent
2026-04-13,Mars,2026-04-13T10:30:00+10:00,62.4,20.63,2026-04-13T05:30:00+10:00,12.37,excellent
2026-04-13,Jupiter,2026-04-13T17:30:00+10:00,39.73,83.4,2026-04-13T18:00:00+10:00,39.38,good
2026-04-13,Saturn,2026-04-13T11:00:00+10:00,61.62,16.23,2026-04-13T05:30:00+10:00,7.8,excellent
2026-04-13,Uranus,2026-04-13T14:00:00+10:00,42.58,36.08,2026-04-13T18:00:00+10:00,17.05,good
2026-04-13,Neptune,2026-04-13T10:30:00+10:00,62.62,20.49,2026-04-13T05:30:00+10:00,12.08,excellent
2026-04-14,Mercury,2026-04-14T10:30:00+10:00,65.28,25.75,2026-04-14T05:30:00+10:00,17.51,excellent
2026-04-14,Venus,2026-04-14T13:30:00+10:00,45.17,23.57,2026-04-14T18:00:00+10:00,8.74,excellent
2026-04-14,Mars,2026-04-14T10:30:00+10:00,62.1,20.83,2026-04-14T05:30:00+10:00,12.46,excellent
2026-04-14,Jupiter,2026-04-14T17:30:00+10:00,39.75,82.52,2026-04-14T18:00:00+10:00,39.28,good
2026-04-14,Saturn,2026-04-14T11:00:00+10:00,61.5,17.08,2026-04-14T05:30:00+10:00,8.55,excellent
2026-04-14,Uranus,2026-04-14T14:00:00+10:00,42.61,35.15,2026-04-14T18:00:00+10:00,16.36,good
2026-04-14,Neptune,2026-04-14T10:30:00+10:00,62.63,21.44,2026-04-14T05:30:00+10:00,12.92,excellent
2026-04-15,Mercury,2026-04-15T10:30:00+10:00,64.8,25.35,2026-04-15T05:30:00+10:00,17.01,excellent
2026-04-15,Venus,2026-04-15T13:30:00+10:00,44.8,23.81,2026-04-15T18:00:00+10:00,8.72,good
2026-04-15,Mars,2026-04-15T10:30:00+10:00,61.79,21.04,2026-04-15T05:30:00+10:00,12.55,excellent
2026-04-15,Jupiter,2026-04-15T17:30:00+10:00,39.76,81.64,2026-04-15T18:00:00+10:00,39.17,good
2026-04-15,Saturn,2026-04-15T11:00:00+10:00,61.36,17.93,2026-04-15T05:30:00+10:00,9.3,excellent
2026-04-15,Uranus,2026-04-15T14:00:00+10:00,42.63,34.22,2026-04-15T18:00:00+10:00,15.66,good
2026-04-15,Neptune,2026-04-15T10:30:00+10:00,62.61,22.38,2026-04-15T05:30:00+10:00,13.75,excellent
2026-04-16,Mercury,2026-04-16T10:30:00+10:00,64.29,24.92,2026-04-16T05:30:00+10:00,16.48,excellent
2026-04-16,Venus,2026-04-16T13:30:00+10:00,44.44,24.06,2026-04-16T18:00:00+10:00,8.71,good
2026-04-16,Mars,2026-04-16T10:30:00+10:00,61.48,21.24,2026-04-16T05:30:00+10:00,12.65,excellent
2026-04-16,Jupiter,2026-04-16T17:30:00+10:00,39.76,80.77,2026-04-16T18:00:00+10:00,39.05,good
2026-04-16,Saturn,2026-04-16T10:30:00+10:00,61.4,18.77,2026-04-16T05:30:00+10:00,10.05,excellent
2026-04-16,Uranus,2026-04-16T14:00:00+10:00,42.63,33.29,2026-04-16T18:00:00+10:00,14.95,good
2026-04-16,Neptune,2026-04-16T10:30:00+10:00,62.56,23.32,2026-04-16T05:30:00+10:00,14.58,excellent
2026-04-17,Mercury,2026-04-17T10:30:00+10:00,63.76,24.45,2026-04-17T05:30:00+10:00,15.91,excellent
2026-04-17,Venus,2026-04-17T13:30:00+10:00,44.08,24.3,2026-04-17T18:00:00+10:00,8.7,good
2026-04-17,Mars,2026-04-17T10:30:00+10:00,61.17,21.44,2026-04-17T05:30:00+10:00,12.74,excellent
2026-04-17,Jupiter,2026-04-17T17:30:00+10:00,39.74,79.9,2026-04-17T18:00:00+10:00,38.91,good
2026-04-17,Saturn,2026-04-17T10:30:00+10:00,61.42,19.62,2026-04-17T05:30:00+10:00,10.8,excellent
2026-04-17,Uranus,2026-04-17T14:00:00+10:00,42.61,32.37,2026-04-17T18:00:00+10:00,14.25,good
2026-04-17,Neptune,2026-04-17T10:30:00+10:00,62.48,24.26,2026-04-17T05:30:00+10:00,15.41,excellent
2026-04-18,Mercury,2026-04-18T10:30:00+10:00,63.2,23.96,2026-04-18T05:30:00+10:00,15.31,excellent
2026-04-18,Venus,2026-04-18T13:30:00+10:00,43.73,24.54,2026-04-18T18:00:00+10:00,8.7,good
2026-04-18,Mars,2026-04-18T10:30:00+10:00,60.85,21.65,2026-04-18T05:30:00+10:00,12.83,excellent
2026-04-18,Jupiter,2026-04-18T17:30:00+10:00,39.71,79.03,2026-04-18T18:00:00+10:00,38.76,good
2026-04-18,Saturn,2026-04-18T10:30:00+10:00,61.42,20.47,2026-04-18T05:30:00+10:00,11.55,excellent
2026-04-18,Uranus,2026-04-18T14:00:00+10:00,42.57,31.44,2026-04-18T18:00:00+10:00,13.54,good
2026-04-18,Neptune,2026-04-18T10:30:00+10:00,62.37,25.2,2026-04-18T05:30:00+10:00,16.24,excellent
2026-04-19,Mercury,2026-04-19T10:30:00+10:00,62.63,23.43,2026-04-19T05:30:00+10:00,14.69,excellent
2026-04-19,Venus,2026-04-19T13:30:00+10:00,43.39,24.79,2026-04-19T18:00:00+10:00,8.71,good
2026-04-19,Mars,2026-04-19T10:30:00+10:00,60.54,21.85,2026-04-19T05:30:00+10:00,12.92,excellent
2026-04-19,Jupiter,2026-04-19T17:00:00+10:00,39.7,78.18,2026-04-19T18:00:00+10:00,38.6,good
2026-04-19,Saturn,2026-04-19T10:30:00+10:00,61.4,21.33,2026-04-19T05:30:00+10:00,12.3,excellent
2026-04-19,Uranus,2026-04-19T14:00:00+10:00,42.51,30.51,2026-04-19T18:00:00+10:00,12.82,good
2026-04-19,Neptune,2026-04-19T10:00:00+10:00,62.41,26.13,2026-04-19T05:30:00+10:00,17.07,excellent
2026-04-20,Mercury,2026-04-20T10:30:00+10:00,62.02,22.87,2026-04-20T05:30:00+10:00,14.03,excellent
2026-04-20,Venus,2026-04-20T13:30:00+10:00,43.05,25.03,2026-04-20T18:00:00+10:00,8.73,good
2026-04-20,Mars,2026-04-20T10:30:00+10:00,60.22,22.05,2026-04-20T05:30:00+10:00,13.02,excellent
2026-04-20,Jupiter,2026-04-20T17:00:00+10:00,39.76,77.32,2026-04-20T18:00:00+10:00,38.43,good
2026-04-20,Saturn,2026-04-20T10:30:00+10:00,61.35,22.18,2026-04-20T05:30:00+10:00,13.04,excellent
2026-04-20,Uranus,2026-04-20T14:00:00+10:00,42.44,29.59,2026-04-20T18:00:00+10:00,12.1,good
2026-04-20,Neptune,2026-04-20T10:00:00+10:00,62.48,27.07,2026-04-20T05:30:00+10:00,17.9,excellent
2026-04-21,Mercury,2026-04-21T10:30:00+10:00,61.4,22.29,2026-04-21T05:30:00+10:00,13.34,excellent
2026-04-21,Venus,2026-04-21T13:30:00+10:00,42.72,25.27,2026-04-21T18:00:00+10:00,8.75,good
2026-04-21,Mars,2026-04-21T10:30:00+10:00,59.9,22.26,2026-04-21T05:30:00+10:00,13.11,excellent
2026-04-21,Jupiter,2026-04-21T17:00:00+10:00,39.81,76.46,2026-04-21T18:00:00+10:00,38.25,good
2026-04-21,Saturn,2026-04-21T10:30:00+10:00,61.28,23.03,2026-04-21T05:30:00+10:00,13.79,excellent
2026-04-21,Uranus,2026-04-21T13:30:00+10:00,42.49,28.68,2026-04-21T18:00:00+10:00,11.38,good
2026-04-21,Neptune,2026-04-21T10:00:00+10:00,62.52,28.01,2026-04-21T05:30:00+10:00,18.73,excellent
2026-04-22,Mercury,2026-04-22T10:30:00+10:00,60.75,21.67,2026-04-22T05:30:00+10:00,12.63,excellent
2026-04-22,Venus,2026-04-22T13:30:00+10:00,42.4,25.51,2026-04-22T18:00:00+10:00,8.77,good
2026-04-22,Mars,2026-04-22T10:30:00+10:00,59.58,22.46,2026-04-22T05:30:00+10:00,13.2,excellent
2026-04-22,Jupiter,2026-04-22T17:00:00+10:00,39.85,75.61,2026-04-22T18:00:00+10:00,38.05,good
2026-04-22,Saturn,2026-04-22T10:30:00+10:00,61.18,23.89,2026-04-22T05:30:00+10:00,14.54,excellent
2026-04-22,Uranus,2026-04-22T13:30:00+10:00,42.52,27.76,2026-04-22T18:00:00+10:00,10.66,good
2026-04-22,Neptune,2026-04-22T10:00:00+10:00,62.53,28.95,2026-04-22T05:30:00+10:00,19.55,excellent
2026-04-23,Mercury,2026-04-23T10:30:00+10:00,60.08,21.03,2026-04-23T05:30:00+10:00,11.88,excellent
2026-04-23,Venus,2026-04-23T13:30:00+10:00,42.08,25.76,2026-04-23T18:00:00+10:00,8.81,good
2026-04-23,Mars,2026-04-23T10:30:00+10:00,59.26,22.66,2026-04-23T05:30:00+10:00,13.29,excellent
2026-04-23,Jupiter,2026-04-23T17:00:00+10:00,39.88,74.75,2026-04-23T18:00:00+10:00,37.84,good
2026-04-23,Saturn,2026-04-23T10:30:00+10:00,61.06,24.74,2026-04-23T05:30:00+10:00,15.28,excellent
2026-04-23,Uranus,2026-04-23T13:30:00+10:00,42.54,26.84,2026-04-23T18:00:00+10:00,9.93,good
2026-04-23,Neptune,2026-04-23T10:00:00+10:00,62.5,29.89,2026-04-23T05:30:00+10:00,20.38,excellent
2026-04-24,Mercury,2026-04-24T10:30:00+10:00,59.39,20.35,2026-04-24T05:30:00+10:00,11.1,excellent
2026-04-24,Venus,2026-04-24T13:30:00+10:00,41.78,26.0,2026-04-24T18:00:00+10:00,8.85,good
2026-04-24,Mars,2026-04-24T10:30:00+10:00,58.94,22.87,2026-04-24T05:30:00+10:00,13.38,excellent
2026-04-24,Jupiter,2026-04-24T17:00:00+10:00,39.89,73.9,2026-04-24T18:00:00+10:00,37.62,good
2026-04-24,Saturn,2026-04-24T10:00:00+10:00,60.98,25.58,2026-04-24T05:30:00+10:00,16.03,excellent
2026-04-24,Uranus,2026-04-24T13:30:00+10:00,42.53,25.92,2026-04-24T18:00:00+10:00,9.2,good
2026-04-24,Neptune,2026-04-24T10:00:00+10:00,62.45,30.83,2026-04-24T05:30:00+10:00,21.2,excellent
2026-04-25,Mercury,2026-04-25T10:30:00+10:00,58.67,19.64,2026-04-25T05:30:00+10:00,10.3,excellent
2026-04-25,Venus,2026-04-25T13:30:00+10:00,41.48,26.24,2026-04-25T18:00:00+10:00,8.9,good
2026-04-25,Mars,2026-04-25T10:30:00+10:00,58.61,23.07,2026-04-25T05:30:00+10:00,13.47,excellent
2026-04-25,Jupiter,2026-04-25T17:00:00+10:00,39.88,73.05,2026-04-25T18:00:00+10:00,37.39,good
2026-04-25,Saturn,2026-04-25T10:00:00+10:00,61.02,26.43,2026-04-25T05:30:00+10:00,16.77,excellent
2026-04-25,Uranus,2026-04-25T13:30:00+10:00,42.52,25.0,2026-04-25T18:00:00+10:00,8.47,good
2026-04-25,Neptune,2026-04-25T10:00:00+10:00,62.37,31.77,2026-04-25T05:30:00+10:00,22.02,excellent
2026-04-26,Mercury,2026-04-26T10:30:00+10:00,57.93,18.91,2026-04-26T05:30:00+10:00,9.46,excellent
2026-04-26,Venus,2026-04-26T13:30:00+10:00,41.19,26.48,2026-04-26T18:00:00+10:00,8.95,good
2026-04-26,Mars,2026-04-26T10:30:00+10:00,58.29,23.27,2026-04-26T05:30:00+10:00,13.56,excellent
2026-04-26,Jupiter,2026-04-26T17:00:00+10:00,39.87,72.21,2026-04-26T18:00:00+10:00,37.15,good
2026-04-26,Saturn,2026-04-26T10:00:00+10:00,61.04,27.29,2026-04-26T05:30:00+10:00,17.51,excellent
2026-04-26,Uranus,2026-04-26T13:30:00+10:00,42.48,24.08,2026-04-26T18:00:00+10:00,7.73,good
2026-04-26,Neptune,2026-04-26T10:00:00+10:00,62.25,32.71,2026-04-26T05:30:00+10:00,22.84,excellent
2026-04-27,Mercury,2026-04-27T10:30:00+10:00,57.16,18.14,2026-04-27T05:30:00+10:00,8.6,excellent
2026-04-27,Venus,2026-04-27T13:30:00+10:00,40.9,26.73,2026-04-27T18:00:00+10:00,9.01,good
2026-04-27,Mars,2026-04-27T10:30:00+10:00,57.96,23.48,2026-04-27T05:30:00+10:00,13.65,excellent
2026-04-27,Jupiter,2026-04-27T17:00:00+10:00,39.84,71.37,2026-04-27T18:00:00+10:00,36.9,good
2026-04-27,Saturn,2026-04-27T10:00:00+10:00,61.03,28.14,2026-04-27T05:30:00+10:00,18.26,excellent
2026-04-27,Uranus,2026-04-27T13:30:00+10:00,42.43,23.16,2026-04-27T18:00:00+10:00,6.99,good
2026-04-27,Neptune,2026-04-27T09:30:00+10:00,62.32,33.63,2026-04-27T05:30:00+10:00,23.66,excellent
2026-04-28,Mercury,2026-04-28T10:30:00+10:00,56.38,17.35,2026-04-28T05:30:00+10:00,7.7,excellent
2026-04-28,Venus,2026-04-28T13:30:00+10:00,40.63,26.97,2026-04-28T18:00:00+10:00,9.08,good
2026-04-28,Mars,2026-04-28T10:30:00+10:00,57.63,23.68,2026-04-28T05:30:00+10:00,13.74,excellent
2026-04-28,Jupiter,2026-04-28T16:30:00+10:00,39.85,70.54,2026-04-28T18:00:00+10:00,36.64,good
2026-04-28,Saturn,2026-04-28T10:00:00+10:00,61.0,29.0,2026-04-28T05:30:00+10:00,19.0,excellent
2026-04-28,Uranus,2026-04-28T13:30:00+10:00,42.36,22.24,2026-04-28T18:00:00+10:00,6.25,good
2026-04-28,Neptune,2026-04-28T09:30:00+10:00,62.39,34.57,2026-04-28T05:30:00+10:00,24.48,excellent
2026-04-29,Mercury,2026-04-29T11:00:00+10:00,55.59,16.5,2026-04-29T05:30:00+10:00,6.78,excellent
2026-04-29,Venus,2026-04-29T13:30:00+10:00,40.36,27.21,2026-04-29T18:00:00+10:00,9.16,good
2026-04-29,Mars,2026-04-29T10:30:00+10:00,57.3,23.88,2026-04-29T05:30:00+10:00,13.83,excellent
2026-04-29,Jupiter,2026-04-29T16:30:00+10:00,39.92,69.71,2026-04-29T18:00:00+10:00,36.37,good
2026-04-29,Saturn,2026-04-29T10:00:00+10:00,60.94,29.85,2026-04-29T05:30:00+10:00,19.74,excellent
2026-04-29,Uranus,2026-04-29T13:00:00+10:00,42.39,21.35,2026-04-29T18:00:00+10:00,5.5,good
2026-04-29,Neptune,2026-04-29T09:30:00+10:00,62.42,35.51,2026-04-29T05:30:00+10:00,25.3,excellent
2026-04-30,Mercury,2026-04-30T11:00:00+10:00,54.89,15.64,2026-04-30T05:30:00+10:00,5.82,excellent
2026-04-30,Venus,2026-04-30T13:30:00+10:00,40.1,27.45,2026-04-30T18:00:00+10:00,9.24,good
2026-04-30,Mars,2026-04-30T10:00:00+10:00,56.98,24.08,2026-04-30T05:30:00+10:00,13.92,excellent
2026-04-30,Jupiter,2026-04-30T16:30:00+10:00,39.97,68.87,2026-04-30T18:00:00+10:00,36.09,good
2026-04-30,Saturn,2026-04-30T10:00:00+10:00,60.86,30.71,2026-04-30T05:30:00+10:00,20.48,excellent
2026-04-30,Uranus,2026-04-30T13:00:00+10:00,42.42,20.43,2026-04-30T18:00:00+10:00,4.75,good
2026-04-30,Neptune,2026-04-30T09:30:00+10:00,62.43,36.45,2026-04-30T05:30:00+10:00,26.11,excellent
2026-05-01,Mercury,2026-05-01T11:00:00+10:00,54.17,14.76,2026-05-01T05:30:00+10:00,4.83,excellent
2026-05-01,Venus,2026-05-01T13:30:00+10:00,39.85,27.69,2026-05-01T18:00:00+10:00,9.33,good
2026-05-01,Mars,2026-05-01T10:00:00+10:00,56.71,24.29,2026-05-01T05:30:00+10:00,14.01,excellent
2026-05-01,Jupiter,2026-05-01T16:30:00+10:00,40.01,68.04,2026-05-01T18:00:00+10:00,35.8,good
2026-05-01,Saturn,2026-05-01T10:00:00+10:00,60.76,31.56,2026-05-01T05:30:00+10:00,21.22,excellent
2026-05-01,Uranus,2026-05-01T13:00:00+10:00,42.44,19.51,2026-05-01T18:00:00+10:00,4.0,good
2026-05-01,Neptune,2026-05-01T09:30:00+10:00,62.4,37.38,2026-05-01T05:30:00+10:00,26.92,excellent
2026-05-02,Mercury,2026-05-02T11:00:00+10:00,53.42,13.84,2026-05-02T05:30:00+10:00,3.82,excellent
2026-05-02,Venus,2026-05-02T13:30:00+10:00,39.61,27.93,2026-05-02T18:00:00+10:00,9.43,good
2026-05-02,Mars,2026-05-02T10:00:00+10:00,56.44,24.49,2026-05-02T05:30:00+10:00,14.1,excellent
2026-05-02,Jupiter,2026-05-02T16:30:00+10:00,40.03,67.21,2026-05-02T18:00:00+10:00,35.5,good
2026-05-02,Saturn,2026-05-02T10:00:00+10:00,60.63,32.42,2026-05-02T05:30:00+10:00,21.95,excellent
2026-05-02,Uranus,2026-05-02T13:00:00+10:00,42.44,18.6,2026-05-02T18:00:00+10:00,3.25,good
2026-05-02,Neptune,2026-05-02T09:30:00+10:00,62.35,38.32,2026-05-02T05:30:00+10:00,27.73,excellent
2026-05-03,Mercury,2026-05-03T11:00:00+10:00,52.65,12.89,2026-05-03T05:30:00+10:00,2.77,excellent
2026-05-03,Venus,2026-05-03T13:30:00+10:00,39.38,28.17,2026-05-03T18:00:00+10:00,9.54,good
2026-05-03,Mars,2026-05-03T10:00:00+10:00,56.16,24.7,2026-05-03T05:30:00+10:00,14.18,excellent
2026-05-03,Jupiter,2026-05-03T16:30:00+10:00,40.05,66.38,2026-05-03T18:00:00+10:00,35.19,good
2026-05-03,Saturn,2026-05-03T09:30:00+10:00,60.64,33.26,2026-05-03T05:30:00+10:00,22.69,excellent
2026-05-03,Uranus,2026-05-03T13:00:00+10:00,42.42,17.69,2026-05-03T18:00:00+10:00,2.5,good
2026-05-03,Neptune,2026-05-03T09:30:00+10:00,62.26,39.26,2026-05-03T05:30:00+10:00,28.54,excellent
2026-05-04,Mercury,2026-05-04T11:00:00+10:00,51.86,11.91,2026-05-04T05:30:00+10:00,1.69,excellent
2026-05-04,Venus,2026-05-04T13:30:00+10:00,39.16,28.41,2026-05-04T17:30:00+10:00,15.1,good
2026-05-04,Mars,2026-05-04T10:00:00+10:00,55.89,24.9,2026-05-04T05:30:00+10:00,14.27,excellent
2026-05-04,Jupiter,2026-05-04T16:30:00+10:00,40.05,65.56,2026-05-04T17:30:00+10:00,37.54,good
2026-05-04,Saturn,2026-05-04T09:30:00+10:00,60.67,34.12,2026-05-04T05:30:00+10:00,23.42,excellent
2026-05-04,Uranus,2026-05-04T13:00:00+10:00,42.39,16.77,2026-05-04T17:30:00+10:00,7.75,good
2026-05-04,Neptune,2026-05-04T09:00:00+10:00,62.15,40.18,2026-05-04T05:30:00+10:00,29.35,excellent
2026-05-05,Mercury,2026-05-05T11:00:00+10:00,51.05,10.9,2026-05-05T06:00:00+10:00,6.99,excellent
2026-05-05,Venus,2026-05-05T13:30:00+10:00,38.94,28.65,2026-05-05T17:30:00+10:00,15.2,good
2026-05-05,Mars,2026-05-05T10:00:00+10:00,55.61,25.1,2026-05-05T06:00:00+10:00,20.69,excellent
2026-05-05,Jupiter,2026-05-05T16:30:00+10:00,40.04,64.74,2026-05-05T17:30:00+10:00,37.31,good
2026-05-05,Saturn,2026-05-05T09:30:00+10:00,60.68,34.97,2026-05-05T06:00:00+10:00,30.5,excellent
2026-05-05,Uranus,2026-05-05T13:00:00+10:00,42.34,15.86,2026-05-05T17:30:00+10:00,7.02,good
2026-05-05,Neptune,2026-05-05T09:00:00+10:00,62.24,41.12,2026-05-05T06:00:00+10:00,36.41,excellent
2026-05-06,Mercury,2026-05-06T11:00:00+10:00,50.22,9.86,2026-05-06T06:00:00+10:00,5.84,excellent
2026-05-06,Venus,2026-05-06T13:30:00+10:00,38.73,28.89,2026-05-06T17:30:00+10:00,15.3,good
2026-05-06,Mars,2026-05-06T10:00:00+10:00,55.34,25.31,2026-05-06T06:00:00+10:00,20.76,excellent
2026-05-06,Jupiter,2026-05-06T16:30:00+10:00,40.01,63.92,2026-05-06T17:30:00+10:00,37.07,good
2026-05-06,Saturn,2026-05-06T09:30:00+10:00,60.66,35.83,2026-05-06T06:00:00+10:00,31.21,excellent
2026-05-06,Uranus,2026-05-06T13:00:00+10:00,42.27,14.95,2026-05-06T17:30:00+10:00,6.28,good
2026-05-06,Neptune,2026-05-06T09:00:00+10:00,62.3,42.06,2026-05-06T06:00:00+10:00,37.18,excellent
2026-05-07,Mercury,2026-05-07T11:00:00+10:00,49.36,8.8,2026-05-07T06:00:00+10:00,4.67,excellent
2026-05-07,Venus,2026-05-07T14:00:00+10:00,38.55,29.14,2026-05-07T17:30:00+10:00,15.41,good
2026-05-07,Mars,2026-05-07T10:00:00+10:00,55.06,25.52,2026-05-07T06:00:00+10:00,20.83,excellent
2026-05-07,Jupiter,2026-05-07T16:00:00+10:00,40.03,63.12,2026-05-07T17:30:00+10:00,36.82,good
2026-05-07,Saturn,2026-05-07T09:30:00+10:00,60.62,36.69,2026-05-07T06:00:00+10:00,31.92,excellent
2026-05-07,Uranus,2026-05-07T12:30:00+10:00,42.29,14.06,2026-05-07T17:30:00+10:00,5.53,good
2026-05-07,Neptune,2026-05-07T09:00:00+10:00,62.33,42.99,2026-05-07T06:00:00+10:00,37.95,excellent
2026-05-08,Mercury,2026-05-08T11:30:00+10:00,48.49,7.68,2026-05-08T06:00:00+10:00,3.47,excellent
2026-05-08,Venus,2026-05-08T14:00:00+10:00,38.41,29.38,2026-05-08T17:30:00+10:00,15.53,good
2026-05-08,Mars,2026-05-08T10:00:00+10:00,54.78,25.72,2026-05-08T06:00:00+10:00,20.9,excellent
2026-05-08,Jupiter,2026-05-08T16:00:00+10:00,40.09,62.3,2026-05-08T17:30:00+10:00,36.55,good
2026-05-08,Saturn,2026-05-08T09:30:00+10:00,60.56,37.55,2026-05-08T06:00:00+10:00,32.62,excellent
2026-05-08,Uranus,2026-05-08T12:30:00+10:00,42.32,13.15,2026-05-08T17:30:00+10:00,4.79,good
2026-05-08,Neptune,2026-05-08T09:00:00+10:00,62.33,43.93,2026-05-08T06:00:00+10:00,38.72,excellent
2026-05-09,Mercury,2026-05-09T11:30:00+10:00,47.77,6.56,2026-05-09T06:00:00+10:00,2.24,excellent
2026-05-09,Venus,2026-05-09T14:00:00+10:00,38.27,29.62,2026-05-09T17:30:00+10:00,15.66,good
2026-05-09,Mars,2026-05-09T10:00:00+10:00,54.5,25.93,2026-05-09T06:00:00+10:00,20.97,excellent
2026-05-09,Jupiter,2026-05-09T16:00:00+10:00,40.15,61.49,2026-05-09T17:30:00+10:00,36.28,good
2026-05-09,Saturn,2026-05-09T09:30:00+10:00,60.47,38.4,2026-05-09T06:00:00+10:00,33.33,excellent
2026-05-09,Uranus,2026-05-09T12:30:00+10:00,42.34,12.24,2026-05-09T17:30:00+10:00,4.04,good
2026-05-09,Neptune,2026-05-09T09:00:00+10:00,62.3,44.87,2026-05-09T06:00:00+10:00,39.48,excellent
2026-05-10,Mercury,2026-05-10T11:30:00+10:00,47.03,5.42,2026-05-10T06:00:00+10:00,0.98,excellent
2026-05-10,Venus,2026-05-10T14:00:00+10:00,38.15,29.85,2026-05-10T17:30:00+10:00,15.79,good
2026-05-10,Mars,2026-05-10T10:00:00+10:00,54.22,26.13,2026-05-10T06:00:00+10:00,21.04,excellent
2026-05-10,Jupiter,2026-05-10T16:00:00+10:00,40.19,60.68,2026-05-10T17:30:00+10:00,36.0,good
2026-05-10,Saturn,2026-05-10T09:30:00+10:00,60.35,39.26,2026-05-10T06:00:00+10:00,34.03,excellent
2026-05-10,Uranus,2026-05-10T12:30:00+10:00,42.34,11.33,2026-05-10T17:30:00+10:00,3.29,good
2026-05-10,Neptune,2026-05-10T09:00:00+10:00,62.25,45.81,2026-05-10T06:00:00+10:00,40.24,excellent
2026-05-11,Mercury,2026-05-11T11:30:00+10:00,46.27,4.25,2026-05-11T06:00:00+10:00,-0.29,excellent
2026-05-11,Venus,2026-05-11T14:00:00+10:00,38.03,30.09,2026-05-11T17:30:00+10:00,15.93,good
2026-05-11,Mars,2026-05-11T10:00:00+10:00,53.94,26.34,2026-05-11T06:00:00+10:00,21.1,excellent
2026-05-11,Jupiter,2026-05-11T16:00:00+10:00,40.22,59.87,2026-05-11T17:30:00+10:00,35.71,good
2026-05-11,Saturn,2026-05-11T09:00:00+10:00,60.28,40.1,2026-05-11T06:00:00+10:00,34.72,excellent
2026-05-11,Uranus,2026-05-11T12:30:00+10:00,42.33,10.42,2026-05-11T17:30:00+10:00,2.54,good
2026-05-11,Neptune,2026-05-11T09:00:00+10:00,62.16,46.74,2026-05-11T06:00:00+10:00,40.99,excellent
2026-05-12,Mercury,2026-05-12T11:30:00+10:00,45.5,3.06,2026-05-12T06:00:00+10:00,-1.59,excellent
2026-05-12,Venus,2026-05-12T14:00:00+10:00,37.93,30.33,2026-05-12T17:30:00+10:00,16.08,good
2026-05-12,Mars,2026-05-12T10:00:00+10:00,53.66,26.55,2026-05-12T06:00:00+10:00,21.17,excellent
2026-05-12,Jupiter,2026-05-12T16:00:00+10:00,40.24,59.06,2026-05-12T17:30:00+10:00,35.42,good
2026-05-12,Saturn,2026-05-12T09:00:00+10:00,60.32,40.96,2026-05-12T06:00:00+10:00,35.42,excellent
2026-05-12,Uranus,2026-05-12T12:30:00+10:00,42.3,9.51,2026-05-12T17:30:00+10:00,1.78,good
2026-05-12,Neptune,2026-05-12T08:30:00+10:00,62.08,47.66,2026-05-12T06:00:00+10:00,41.74,excellent
2026-05-13,Mercury,2026-05-13T11:30:00+10:00,44.72,1.86,2026-05-13T06:00:00+10:00,-2.9,good
2026-05-13,Venus,2026-05-13T14:00:00+10:00,37.83,30.56,2026-05-13T17:30:00+10:00,16.24,good
2026-05-13,Mars,2026-05-13T10:00:00+10:00,53.37,26.76,2026-05-13T06:00:00+10:00,21.23,excellent
2026-05-13,Jupiter,2026-05-13T16:00:00+10:00,40.25,58.26,2026-05-13T17:30:00+10:00,35.11,good
2026-05-13,Saturn,2026-05-13T09:00:00+10:00,60.34,41.82,2026-05-13T06:00:00+10:00,36.11,excellent
2026-05-13,Uranus,2026-05-13T12:30:00+10:00,42.25,8.6,2026-05-13T17:30:00+10:00,1.02,good
2026-05-13,Neptune,2026-05-13T08:30:00+10:00,62.17,48.6,2026-05-13T06:00:00+10:00,42.48,excellent
2026-05-14,Mercury,2026-05-14T11:30:00+10:00,43.93,0.65,2026-05-14T06:00:00+10:00,-4.22,good
2026-05-14,Venus,2026-05-14T14:00:00+10:00,37.74,30.8,2026-05-14T17:30:00+10:00,16.4,good
2026-05-14,Mars,2026-05-14T10:00:00+10:00,53.09,26.96,2026-05-14T06:00:00+10:00,21.29,excellent
2026-05-14,Jupiter,2026-05-14T16:00:00+10:00,40.24,57.45,2026-05-14T17:30:00+10:00,34.79,good
2026-05-14,Saturn,2026-05-14T09:00:00+10:00,60.34,42.69,2026-05-14T06:00:00+10:00,36.79,excellent
2026-05-14,Uranus,2026-05-14T12:30:00+10:00,42.18,7.69,2026-05-14T17:30:00+10:00,0.26,good
2026-05-14,Neptune,2026-05-14T08:30:00+10:00,62.22,49.54,2026-05-14T06:00:00+10:00,43.22,excellent
2026-05-15,Mercury,2026-05-15T12:00:00+10:00,43.18,0.63,2026-05-15T17:30:00+10:00,-5.1,good
2026-05-15,Venus,2026-05-15T14:00:00+10:00,37.67,31.03,2026-05-15T17:30:00+10:00,16.57,good
2026-05-15,Mars,2026-05-15T10:00:00+10:00,52.81,27.17,2026-05-15T06:00:00+10:00,21.36,excellent
2026-05-15,Jupiter,2026-05-15T16:00:00+10:00,40.23,56.65,2026-05-15T17:30:00+10:00,34.47,good
2026-05-15,Saturn,2026-05-15T09:00:00+10:00,60.32,43.55,2026-05-15T06:00:00+10:00,37.48,excellent
2026-05-15,Uranus,2026-05-15T12:00:00+10:00,42.19,6.81,2026-05-15T17:30:00+10:00,-0.5,good
2026-05-15,Neptune,2026-05-15T08:30:00+10:00,62.25,50.48,2026-05-15T06:00:00+10:00,43.95,excellent
2026-05-16,Mercury,2026-05-16T12:00:00+10:00,42.56,1.85,2026-05-16T17:30:00+10:00,-4.39,good
2026-05-16,Venus,2026-05-16T14:00:00+10:00,37.6,31.27,2026-05-16T17:30:00+10:00,16.75,good
2026-05-16,Mars,2026-05-16T10:00:00+10:00,52.53,27.38,2026-05-16T06:00:00+10:00,21.42,excellent
2026-05-16,Jupiter,2026-05-16T15:30:00+10:00,40.22,55.87,2026-05-16T17:30:00+10:00,34.14,good
2026-05-16,Saturn,2026-05-16T09:00:00+10:00,60.27,44.41,2026-05-16T06:00:00+10:00,38.16,excellent
2026-05-16,Uranus,2026-05-16T12:00:00+10:00,42.22,5.9,2026-05-16T17:30:00+10:00,-1.26,good
2026-05-16,Neptune,2026-05-16T08:30:00+10:00,62.25,51.41,2026-05-16T06:00:00+10:00,44.67,excellent
2026-05-17,Mercury,2026-05-17T12:00:00+10:00,41.94,3.08,2026-05-17T17:30:00+10:00,-3.66,good
2026-05-17,Venus,2026-05-17T14:00:00+10:00,37.54,31.5,2026-05-17T17:30:00+10:00,16.93,good
2026-05-17,Mars,2026-05-17T10:00:00+10:00,52.25,27.59,2026-05-17T06:00:00+10:00,21.48,excellent
2026-05-17,Jupiter,2026-05-17T15:30:00+10:00,40.3,55.08,2026-05-17T17:30:00+10:00,33.8,good
2026-05-17,Saturn,2026-05-17T09:00:00+10:00,60.19,45.27,2026-05-17T06:00:00+10:00,38.83,excellent
2026-05-17,Uranus,2026-05-17T12:00:00+10:00,42.24,4.99,2026-05-17T17:30:00+10:00,-2.03,good
2026-05-17,Neptune,2026-05-17T08:30:00+10:00,62.22,52.35,2026-05-17T06:00:00+10:00,45.39,excellent
2026-05-18,Mercury,2026-05-18T12:00:00+10:00,41.32,4.31,2026-05-18T17:30:00+10:00,-2.91,good
2026-05-18,Venus,2026-05-18T14:00:00+10:00,37.49,31.74,2026-05-18T17:30:00+10:00,17.12,good
2026-05-18,Mars,2026-05-18T10:00:00+10:00,51.96,27.8,2026-05-18T06:00:00+10:00,21.54,excellent
2026-05-18,Jupiter,2026-05-18T15:30:00+10:00,40.36,54.28,2026-05-18T17:30:00+10:00,33.45,good
2026-05-18,Saturn,2026-05-18T09:00:00+10:00,60.09,46.13,2026-05-18T06:00:00+10:00,39.5,excellent
2026-05-18,Uranus,2026-05-18T12:00:00+10:00,42.25,4.09,2026-05-18T17:30:00+10:00,-2.8,good
2026-05-18,Neptune,2026-05-18T08:30:00+10:00,62.15,53.29,2026-05-18T06:00:00+10:00,46.1,excellent
2026-05-19,Mercury,2026-05-19T12:00:00+10:00,40.71,5.53,2026-05-19T17:30:00+10:00,-2.15,good
2026-05-19,Venus,2026-05-19T14:00:00+10:00,37.46,31.97,2026-05-19T17:30:00+10:00,17.32,good
2026-05-19,Mars,2026-05-19T10:00:00+10:00,51.68,28.01,2026-05-19T06:00:00+10:00,21.6,excellent
2026-05-19,Jupiter,2026-05-19T15:30:00+10:00,40.41,53.49,2026-05-19T17:30:00+10:00,33.1,good
2026-05-19,Saturn,2026-05-19T09:00:00+10:00,59.97,47.0,2026-05-19T06:00:00+10:00,40.17,excellent
2026-05-19,Uranus,2026-05-19T12:00:00+10:00,42.23,3.18,2026-05-19T17:30:00+10:00,-3.57,good
2026-05-19,Neptune,2026-05-19T08:30:00+10:00,62.06,54.23,2026-05-19T06:00:00+10:00,46.81,excellent
2026-05-20,Mercury,2026-05-20T12:00:00+10:00,40.1,6.74,2026-05-20T17:30:00+10:00,-1.39,good
2026-05-20,Venus,2026-05-20T14:00:00+10:00,37.43,32.2,2026-05-20T17:30:00+10:00,17.53,good
2026-05-20,Mars,2026-05-20T10:00:00+10:00,51.4,28.22,2026-05-20T06:00:00+10:00,21.66,excellent
2026-05-20,Jupiter,2026-05-20T15:30:00+10:00,40.45,52.7,2026-05-20T17:30:00+10:00,32.74,good
2026-05-20,Saturn,2026-05-20T08:30:00+10:00,60.0,47.84,2026-05-20T06:00:00+10:00,40.83,excellent
2026-05-20,Uranus,2026-05-20T12:00:00+10:00,42.2,2.28,2026-05-20T17:30:00+10:00,-4.34,good
2026-05-20,Neptune,2026-05-20T08:00:00+10:00,62.02,55.15,2026-05-20T06:00:00+10:00,47.5,excellent
2026-05-21,Mercury,2026-05-21T12:30:00+10:00,39.56,7.95,2026-05-21T17:30:00+10:00,-0.61,good
2026-05-21,Venus,2026-05-21T14:00:00+10:00,37.41,32.44,2026-05-21T17:30:00+10:00,17.74,good
2026-05-21,Mars,2026-05-21T10:00:00+10:00,51.12,28.43,2026-05-21T06:00:00+10:00,21.71,excellent
2026-05-21,Jupiter,2026-05-21T15:30:00+10:00,40.47,51.91,2026-05-21T17:30:00+10:00,32.37,good
2026-05-21,Saturn,2026-05-21T08:30:00+10:00,60.03,48.71,2026-05-21T06:00:00+10:00,41.49,excellent
2026-05-21,Uranus,2026-05-21T12:00:00+10:00,42.16,1.38,2026-05-21T17:30:00+10:00,-5.11,good
2026-05-21,Neptune,2026-05-21T08:00:00+10:00,62.1,56.09,2026-05-21T06:00:00+10:00,48.19,excellent
2026-05-22,Mercury,2026-05-22T12:30:00+10:00,39.16,9.12,2026-05-22T17:30:00+10:00,0.16,good
2026-05-22,Venus,2026-05-22T14:00:00+10:00,37.4,32.67,2026-05-22T17:30:00+10:00,17.96,good
2026-05-22,Mars,2026-05-22T10:00:00+10:00,50.84,28.64,2026-05-22T06:00:00+10:00,21.77,excellent
2026-05-22,Jupiter,2026-05-22T15:30:00+10:00,40.49,51.12,2026-05-22T17:30:00+10:00,32.0,good
2026-05-22,Saturn,2026-05-22T08:30:00+10:00,60.04,49.57,2026-05-22T06:00:00+10:00,42.14,excellent
2026-05-22,Uranus,2026-05-22T12:00:00+10:00,42.09,0.49,2026-05-22T17:30:00+10:00,-5.89,good
2026-05-22,Neptune,2026-05-22T08:00:00+10:00,62.16,57.02,2026-05-22T06:00:00+10:00,48.87,excellent
2026-05-23,Mercury,2026-05-23T12:30:00+10:00,38.76,10.26,2026-05-23T17:30:00+10:00,0.94,good
2026-05-23,Venus,2026-05-23T14:00:00+10:00,37.41,32.9,2026-05-23T17:30:00+10:00,18.18,good
2026-05-23,Mars,2026-05-23T10:00:00+10:00,50.56,28.85,2026-05-23T06:00:00+10:00,21.83,excellent
2026-05-23,Jupiter,2026-05-23T15:30:00+10:00,40.49,50.34,2026-05-23T17:30:00+10:00,31.61,good
2026-05-23,Saturn,2026-05-23T08:30:00+10:00,60.03,50.44,2026-05-23T06:00:00+10:00,42.79,excellent
2026-05-23,Uranus,2026-05-23T11:30:00+10:00,42.08,0.45,2026-05-23T06:00:00+10:00,-5.86,good
2026-05-23,Neptune,2026-05-23T08:00:00+10:00,62.18,57.96,2026-05-23T06:00:00+10:00,49.54,excellent
2026-05-24,Mercury,2026-05-24T12:30:00+10:00,38.39,11.37,2026-05-24T17:30:00+10:00,1.71,good
2026-05-24,Venus,2026-05-24T14:00:00+10:00,37.42,33.13,2026-05-24T17:30:00+10:00,18.41,good
2026-05-24,Mars,2026-05-24T10:00:00+10:00,50.28,29.07,2026-05-24T06:00:00+10:00,21.88,excellent
2026-05-24,Jupiter,2026-05-24T15:30:00+10:00,40.49,49.55,2026-05-24T17:30:00+10:00,31.22,good
2026-05-24,Saturn,2026-05-24T08:30:00+10:00,59.99,51.31,2026-05-24T06:00:00+10:00,43.43,excellent
2026-05-24,Uranus,2026-05-24T11:30:00+10:00,42.12,1.33,2026-05-24T06:00:00+10:00,-5.09,good
2026-05-24,Neptune,2026-05-24T08:00:00+10:00,62.17,58.9,2026-05-24T06:00:00+10:00,50.2,excellent
2026-05-25,Mercury,2026-05-25T12:30:00+10:00,38.03,12.44,2026-05-25T17:30:00+10:00,2.48,good
2026-05-25,Venus,2026-05-25T14:00:00+10:00,37.44,33.36,2026-05-25T17:30:00+10:00,18.65,good
2026-05-25,Mars,2026-05-25T10:00:00+10:00,50.0,29.28,2026-05-25T06:00:00+10:00,21.94,excellent
2026-05-25,Jupiter,2026-05-25T15:30:00+10:00,40.47,48.77,2026-05-25T17:30:00+10:00,30.83,good
2026-05-25,Saturn,2026-05-25T08:30:00+10:00,59.93,52.17,2026-05-25T06:00:00+10:00,44.06,excellent
2026-05-25,Uranus,2026-05-25T11:30:00+10:00,42.14,2.23,2026-05-25T06:00:00+10:00,-4.33,good
2026-05-25,Neptune,2026-05-25T08:00:00+10:00,62.14,59.84,2026-05-25T06:00:00+10:00,50.85,excellent
2026-05-26,Mercury,2026-05-26T12:30:00+10:00,37.69,13.48,2026-05-26T17:30:00+10:00,3.24,good
2026-05-26,Venus,2026-05-26T14:00:00+10:00,37.47,33.59,2026-05-26T17:30:00+10:00,18.9,good
2026-05-26,Mars,2026-05-26T10:00:00+10:00,49.73,29.49,2026-05-26T06:00:00+10:00,21.99,excellent
2026-05-26,Jupiter,2026-05-26T15:00:00+10:00,40.53,48.01,2026-05-26T17:30:00+10:00,30.43,good
2026-05-26,Saturn,2026-05-26T08:30:00+10:00,59.85,53.04,2026-05-26T06:00:00+10:00,44.69,excellent
2026-05-26,Uranus,2026-05-26T11:30:00+10:00,42.15,3.13,2026-05-26T06:00:00+10:00,-3.57,good
2026-05-26,Neptune,2026-05-26T08:00:00+10:00,62.07,60.78,2026-05-26T06:00:00+10:00,51.49,excellent
2026-05-27,Mercury,2026-05-27T13:00:00+10:00,37.4,14.5,2026-05-27T17:30:00+10:00,3.98,good
2026-05-27,Venus,2026-05-27T14:00:00+10:00,37.52,33.81,2026-05-27T17:30:00+10:00,19.15,good
2026-05-27,Mars,2026-05-27T10:00:00+10:00,49.45,29.71,2026-05-27T06:00:00+10:00,22.05,excellent
2026-05-27,Jupiter,2026-05-27T15:00:00+10:00,40.6,47.23,2026-05-27T17:30:00+10:00,30.02,good
2026-05-27,Saturn,2026-05-27T08:30:00+10:00,59.74,53.91,2026-05-27T06:00:00+10:00,45.31,excellent
2026-05-27,Uranus,2026-05-27T11:30:00+10:00,42.14,4.03,2026-05-27T06:00:00+10:00,-2.81,good
2026-05-27,Neptune,2026-05-27T08:00:00+10:00,61.97,61.71,2026-05-27T06:00:00+10:00,52.11,excellent
2026-05-28,Mercury,2026-05-28T13:00:00+10:00,37.26,15.45,2026-05-28T17:30:00+10:00,4.72,good
2026-05-28,Venus,2026-05-28T14:00:00+10:00,37.57,34.04,2026-05-28T17:30:00+10:00,19.4,good
2026-05-28,Mars,2026-05-28T09:30:00+10:00,49.2,29.92,2026-05-28T06:00:00+10:00,22.1,excellent
2026-05-28,Jupiter,2026-05-28T15:00:00+10:00,40.66,46.45,2026-05-28T17:30:00+10:00,29.61,good
2026-05-28,Saturn,2026-05-28T08:00:00+10:00,59.7,54.76,2026-05-28T06:00:00+10:00,45.92,excellent
2026-05-28,Uranus,2026-05-28T11:30:00+10:00,42.11,4.93,2026-05-28T06:00:00+10:00,-2.05,good
2026-05-28,Neptune,2026-05-28T07:30:00+10:00,61.97,62.63,2026-05-28T06:00:00+10:00,52.73,excellent
2026-05-29,Mercury,2026-05-29T13:00:00+10:00,37.13,16.36,2026-05-29T17:30:00+10:00,5.44,good
2026-05-29,Venus,2026-05-29T14:00:00+10:00,37.63,34.27,2026-05-29T17:30:00+10:00,19.66,good
2026-05-29,Mars,2026-05-29T09:30:00+10:00,48.97,30.13,2026-05-29T06:00:00+10:00,22.15,excellent
2026-05-29,Jupiter,2026-05-29T15:00:00+10:00,40.7,45.68,2026-05-29T17:30:00+10:00,29.19,good
2026-05-29,Saturn,2026-05-29T08:00:00+10:00,59.75,55.63,2026-05-29T06:00:00+10:00,46.53,excellent
2026-05-29,Uranus,2026-05-29T11:30:00+10:00,42.07,5.83,2026-05-29T06:00:00+10:00,-1.3,good
2026-05-29,Neptune,2026-05-29T07:30:00+10:00,62.05,63.57,2026-05-29T06:00:00+10:00,53.33,excellent
2026-05-30,Mercury,2026-05-30T13:00:00+10:00,37.03,17.23,2026-05-30T17:30:00+10:00,6.14,good
2026-05-30,Venus,2026-05-30T14:30:00+10:00,37.72,34.5,2026-05-30T17:30:00+10:00,19.93,good
2026-05-30,Mars,2026-05-30T09:30:00+10:00,48.74,30.35,2026-05-30T06:00:00+10:00,22.21,excellent
2026-05-30,Jupiter,2026-05-30T15:00:00+10:00,40.74,44.91,2026-05-30T17:30:00+10:00,28.77,good
2026-05-30,Saturn,2026-05-30T08:00:00+10:00,59.77,56.5,2026-05-30T06:00:00+10:00,47.13,excellent
2026-05-30,Uranus,2026-05-30T11:30:00+10:00,42.01,6.73,2026-05-30T06:00:00+10:00,-0.55,good
2026-05-30,Neptune,2026-05-30T07:30:00+10:00,62.1,64.51,2026-05-30T06:00:00+10:00,53.92,excellent
2026-05-31,Mercury,2026-05-31T13:00:00+10:00,36.94,18.05,2026-05-31T17:30:00+10:00,6.82,good
2026-05-31,Venus,2026-05-31T14:30:00+10:00,37.85,34.72,2026-05-31T17:30:00+10:00,20.21,good
2026-05-31,Mars,2026-05-31T09:30:00+10:00,48.51,30.56,2026-05-31T06:00:00+10:00,22.26,excellent
2026-05-31,Jupiter,2026-05-31T15:00:00+10:00,40.77,44.14,2026-05-31T17:30:00+10:00,28.34,good
2026-05-31,Saturn,2026-05-31T08:00:00+10:00,59.77,57.37,2026-05-31T06:00:00+10:00,47.72,excellent
2026-05-31,Uranus,2026-05-31T11:00:00+10:00,41.98,7.61,2026-05-31T06:00:00+10:00,0.2,good
2026-05-31,Neptune,2026-05-31T07:30:00+10:00,62.12,65.45,2026-05-31T06:00:00+10:00,54.5,excellent
2026-06-01,Mercury,2026-06-01T13:00:00+10:00,36.88,18.83,2026-06-01T17:30:00+10:00,7.49,good
2026-06-01,Venus,2026-06-01T14:30:00+10:00,37.98,34.95,2026-06-01T17:30:00+10:00,20.48,good
2026-06-01,Mars,2026-06-01T09:30:00+10:00,48.29,30.78,2026-06-01T06:00:00+10:00,22.31,excellent
2026-06-01,Jupiter,2026-06-01T15:00:00+10:00,40.78,43.37,2026-06-01T17:30:00+10:00,27.9,good
2026-06-01,Saturn,2026-06-01T08:00:00+10:00,59.75,58.25,2026-06-01T06:00:00+10:00,48.3,excellent
2026-06-01,Uranus,2026-06-01T11:00:00+10:00,42.02,8.51,2026-06-01T06:00:00+10:00,0.95,good
2026-06-01,Neptune,2026-06-01T07:30:00+10:00,62.11,66.39,2026-06-01T06:00:00+10:00,55.06,excellent
2026-06-02,Mercury,2026-06-02T13:00:00+10:00,36.84,19.55,2026-06-02T17:30:00+10:00,8.13,good
2026-06-02,Venus,2026-06-02T14:30:00+10:00,38.12,35.17,2026-06-02T17:30:00+10:00,20.77,good
2026-06-02,Mars,2026-06-02T09:30:00+10:00,48.06,31.0,2026-06-02T06:00:00+10:00,22.36,excellent
2026-06-02,Jupiter,2026-06-02T15:00:00+10:00,40.78,42.6,2026-06-02T17:30:00+10:00,27.46,good
2026-06-02,Saturn,2026-06-02T08:00:00+10:00,59.7,59.12,2026-06-02T06:00:00+10:00,48.87,excellent
2026-06-02,Uranus,2026-06-02T11:00:00+10:00,42.05,9.41,2026-06-02T06:00:00+10:00,1.69,good
2026-06-02,Neptune,2026-06-02T07:30:00+10:00,62.07,67.32,2026-06-02T06:00:00+10:00,55.61,excellent
2026-06-03,Mercury,2026-06-03T13:00:00+10:00,36.82,20.23,2026-06-03T17:30:00+10:00,8.75,good
2026-06-03,Venus,2026-06-03T14:30:00+10:00,38.27,35.39,2026-06-03T17:30:00+10:00,21.06,good
2026-06-03,Mars,2026-06-03T09:30:00+10:00,47.83,31.22,2026-06-03T06:00:00+10:00,22.41,excellent
2026-06-03,Jupiter,2026-06-03T15:00:00+10:00,40.77,41.83,2026-06-03T17:30:00+10:00,27.01,good
2026-06-03,Saturn,2026-06-03T08:00:00+10:00,59.62,60.0,2026-06-03T06:00:00+10:00,49.44,excellent
2026-06-03,Uranus,2026-06-03T11:00:00+10:00,42.06,10.31,2026-06-03T06:00:00+10:00,2.43,good
2026-06-03,Neptune,2026-06-03T07:30:00+10:00,61.99,68.26,2026-06-03T06:00:00+10:00,56.14,excellent
2026-06-04,Mercury,2026-06-04T13:30:00+10:00,36.89,20.88,2026-06-04T17:30:00+10:00,9.35,good
2026-06-04,Venus,2026-06-04T14:30:00+10:00,38.43,35.61,2026-06-04T17:30:00+10:00,21.35,good
2026-06-04,Mars,2026-06-04T09:30:00+10:00,47.61,31.43,2026-06-04T06:00:00+10:00,22.46,excellent
2026-06-04,Jupiter,2026-06-04T14:30:00+10:00,40.78,41.08,2026-06-04T17:30:00+10:00,26.56,good
2026-06-04,Saturn,2026-06-04T08:00:00+10:00,59.52,60.87,2026-06-04T06:00:00+10:00,49.99,excellent
2026-06-04,Uranus,2026-06-04T11:00:00+10:00,42.05,11.21,2026-06-04T06:00:00+10:00,3.17,good
2026-06-04,Neptune,2026-06-04T07:30:00+10:00,61.89,69.2,2026-06-04T06:00:00+10:00,56.65,excellent
2026-06-05,Mercury,2026-06-05T13:30:00+10:00,37.02,21.46,2026-06-05T17:30:00+10:00,9.92,good
2026-06-05,Venus,2026-06-05T14:30:00+10:00,38.6,35.83,2026-06-05T17:30:00+10:00,21.65,good
2026-06-05,Mars,2026-06-05T09:30:00+10:00,47.38,31.65,2026-06-05T06:00:00+10:00,22.51,excellent
2026-06-05,Jupiter,2026-06-05T14:30:00+10:00,40.86,40.32,2026-06-05T17:30:00+10:00,26.11,good
2026-06-05,Saturn,2026-06-05T07:30:00+10:00,59.43,61.73,2026-06-05T06:00:00+10:00,50.54,excellent
2026-06-05,Uranus,2026-06-05T11:00:00+10:00,42.02,12.11,2026-06-05T06:00:00+10:00,3.91,good
2026-06-05,Neptune,2026-06-05T07:00:00+10:00,61.94,70.12,2026-06-05T06:00:00+10:00,57.14,excellent
2026-06-06,Mercury,2026-06-06T13:30:00+10:00,37.16,21.99,2026-06-06T17:30:00+10:00,10.47,good
2026-06-06,Venus,2026-06-06T14:30:00+10:00,38.78,36.05,2026-06-06T17:30:00+10:00,21.96,good
2026-06-06,Mars,2026-06-06T09:30:00+10:00,47.16,31.87,2026-06-06T06:00:00+10:00,22.56,excellent
2026-06-06,Jupiter,2026-06-06T14:30:00+10:00,40.93,39.55,2026-06-06T17:30:00+10:00,25.65,good
2026-06-06,Saturn,2026-06-06T07:30:00+10:00,59.49,62.61,2026-06-06T06:00:00+10:00,51.07,excellent
2026-06-06,Uranus,2026-06-06T11:00:00+10:00,41.98,13.01,2026-06-06T06:00:00+10:00,4.64,good
2026-06-06,Neptune,2026-06-06T07:00:00+10:00,62.02,71.06,2026-06-06T06:00:00+10:00,57.62,excellent
2026-06-07,Mercury,2026-06-07T13:30:00+10:00,37.33,22.48,2026-06-07T17:30:00+10:00,10.99,good
2026-06-07,Venus,2026-06-07T14:30:00+10:00,38.97,36.26,2026-06-07T17:30:00+10:00,22.26,good
2026-06-07,Mars,2026-06-07T09:30:00+10:00,46.94,32.09,2026-06-07T06:00:00+10:00,22.61,excellent
2026-06-07,Jupiter,2026-06-07T14:30:00+10:00,40.99,38.79,2026-06-07T17:30:00+10:00,25.18,good
2026-06-07,Saturn,2026-06-07T07:30:00+10:00,59.53,63.48,2026-06-07T06:00:00+10:00,51.59,excellent
2026-06-07,Uranus,2026-06-07T11:00:00+10:00,41.92,13.91,2026-06-07T06:00:00+10:00,5.37,good
2026-06-07,Neptune,2026-06-07T07:00:00+10:00,62.06,72.0,2026-06-07T06:00:00+10:00,58.08,excellent
2026-06-08,Mercury,2026-06-08T13:30:00+10:00,37.51,22.91,2026-06-08T17:30:00+10:00,11.48,good
2026-06-08,Venus,2026-06-08T14:30:00+10:00,39.17,36.48,2026-06-08T17:30:00+10:00,22.58,good
2026-06-08,Mars,2026-06-08T09:30:00+10:00,46.72,32.32,2026-06-08T06:00:00+10:00,22.65,excellent
2026-06-08,Jupiter,2026-06-08T14:30:00+10:00,41.04,38.03,2026-06-08T17:30:00+10:00,24.71,good
2026-06-08,Saturn,2026-06-08T07:30:00+10:00,59.54,64.36,2026-06-08T06:00:00+10:00,52.1,excellent
2026-06-08,Uranus,2026-06-08T10:30:00+10:00,41.88,14.8,2026-06-08T06:00:00+10:00,6.1,good
2026-06-08,Neptune,2026-06-08T07:00:00+10:00,62.07,72.94,2026-06-08T06:00:00+10:00,58.51,excellent
2026-06-09,Mercury,2026-06-09T13:30:00+10:00,37.71,23.3,2026-06-09T17:30:00+10:00,11.94,good
2026-06-09,Venus,2026-06-09T14:30:00+10:00,39.38,36.69,2026-06-09T17:30:00+10:00,22.9,good
2026-06-09,Mars,2026-06-09T09:30:00+10:00,46.5,32.54,2026-06-09T06:00:00+10:00,22.7,excellent
2026-06-09,Jupiter,2026-06-09T14:30:00+10:00,41.07,37.27,2026-06-09T17:30:00+10:00,24.24,good
2026-06-09,Saturn,2026-06-09T07:30:00+10:00,59.53,65.24,2026-06-09T06:00:00+10:00,52.59,excellent
2026-06-09,Uranus,2026-06-09T10:30:00+10:00,41.93,15.7,2026-06-09T06:00:00+10:00,6.83,good
2026-06-09,Neptune,2026-06-09T07:00:00+10:00,62.06,73.88,2026-06-09T06:00:00+10:00,58.93,excellent
2026-06-10,Mercury,2026-06-10T13:30:00+10:00,37.92,23.63,2026-06-10T17:30:00+10:00,12.37,good
2026-06-10,Venus,2026-06-10T14:30:00+10:00,39.59,36.91,2026-06-10T17:30:00+10:00,23.22,good
2026-06-10,Mars,2026-06-10T09:30:00+10:00,46.28,32.76,2026-06-10T06:00:00+10:00,22.75,excellent
2026-06-10,Jupiter,2026-06-10T14:30:00+10:00,41.1,36.51,2026-06-10T17:30:00+10:00,23.76,good
2026-06-10,Saturn,2026-06-10T07:30:00+10:00,59.49,66.13,2026-06-10T06:00:00+10:00,53.08,excellent
2026-06-10,Uranus,2026-06-10T10:30:00+10:00,41.95,16.59,2026-06-10T06:00:00+10:00,7.55,good
2026-06-10,Neptune,2026-06-10T07:00:00+10:00,62.01,74.83,2026-06-10T06:00:00+10:00,59.32,excellent
2026-06-11,Mercury,2026-06-11T13:30:00+10:00,38.15,23.91,2026-06-11T17:30:00+10:00,12.77,good
2026-06-11,Venus,2026-06-11T14:30:00+10:00,39.82,37.12,2026-06-11T17:30:00+10:00,23.54,good
2026-06-11,Mars,2026-06-11T09:30:00+10:00,46.06,32.98,2026-06-11T06:00:00+10:00,22.8,excellent
2026-06-11,Jupiter,2026-06-11T14:30:00+10:00,41.11,35.76,2026-06-11T17:30:00+10:00,23.28,good
2026-06-11,Saturn,2026-06-11T07:30:00+10:00,59.42,67.01,2026-06-11T06:00:00+10:00,53.55,excellent
2026-06-11,Uranus,2026-06-11T10:30:00+10:00,41.96,17.49,2026-06-11T06:00:00+10:00,8.27,good
2026-06-11,Neptune,2026-06-11T07:00:00+10:00,61.93,75.77,2026-06-11T06:00:00+10:00,59.69,excellent
2026-06-12,Mercury,2026-06-12T13:30:00+10:00,38.4,24.14,2026-06-12T17:30:00+10:00,13.13,good
2026-06-12,Venus,2026-06-12T14:30:00+10:00,40.05,37.33,2026-06-12T17:30:00+10:00,23.87,good
2026-06-12,Mars,2026-06-12T09:30:00+10:00,45.84,33.21,2026-06-12T06:00:00+10:00,22.85,excellent
2026-06-12,Jupiter,2026-06-12T14:30:00+10:00,41.12,35.0,2026-06-12T17:30:00+10:00,22.8,good
2026-06-12,Saturn,2026-06-12T07:30:00+10:00,59.33,67.89,2026-06-12T06:00:00+10:00,54.0,excellent
2026-06-12,Uranus,2026-06-12T10:30:00+10:00,41.96,18.39,2026-06-12T06:00:00+10:00,8.98,good
2026-06-12,Neptune,2026-06-12T06:30:00+10:00,61.82,76.69,2026-06-12T06:00:00+10:00,60.03,excellent
2026-06-13,Mercury,2026-06-13T13:30:00+10:00,38.66,24.31,2026-06-13T17:30:00+10:00,13.46,good
2026-06-13,Venus,2026-06-13T14:30:00+10:00,40.29,37.54,2026-06-13T17:30:00+10:00,24.21,good
2026-06-13,Mars,2026-06-13T09:30:00+10:00,45.63,33.43,2026-06-13T06:00:00+10:00,22.89,excellent
2026-06-13,Jupiter,2026-06-13T14:30:00+10:00,41.11,34.24,2026-06-13T17:30:00+10:00,22.31,good
2026-06-13,Saturn,2026-06-13T07:30:00+10:00,59.22,68.78,2026-06-13T06:00:00+10:00,54.44,excellent
2026-06-13,Uranus,2026-06-13T10:30:00+10:00,41.93,19.29,2026-06-13T06:00:00+10:00,9.69,good
2026-06-13,Neptune,2026-06-13T06:30:00+10:00,61.92,77.63,2026-06-13T06:00:00+10:00,60.35,excellent
2026-06-14,Mercury,2026-06-14T13:30:00+10:00,38.93,24.44,2026-06-14T17:30:00+10:00,13.75,good
2026-06-14,Venus,2026-06-14T14:30:00+10:00,40.54,37.75,2026-06-14T17:30:00+10:00,24.54,good
2026-06-14,Mars,2026-06-14T09:30:00+10:00,45.42,33.66,2026-06-14T06:00:00+10:00,22.94,excellent
2026-06-14,Jupiter,2026-06-14T14:00:00+10:00,41.16,33.51,2026-06-14T17:30:00+10:00,21.81,good
2026-06-14,Saturn,2026-06-14T07:00:00+10:00,59.28,69.65,2026-06-14T06:00:00+10:00,54.87,excellent
2026-06-14,Uranus,2026-06-14T10:30:00+10:00,41.89,20.19,2026-06-14T06:00:00+10:00,10.4,good
2026-06-14,Neptune,2026-06-14T06:30:00+10:00,61.99,78.58,2026-06-14T06:00:00+10:00,60.65,excellent
2026-06-15,Mercury,2026-06-15T13:30:00+10:00,39.22,24.5,2026-06-15T17:30:00+10:00,14.0,good
2026-06-15,Venus,2026-06-15T14:30:00+10:00,40.8,37.96,2026-06-15T17:30:00+10:00,24.88,good
2026-06-15,Mars,2026-06-15T09:30:00+10:00,45.2,33.89,2026-06-15T06:00:00+10:00,22.99,excellent
2026-06-15,Jupiter,2026-06-15T14:00:00+10:00,41.24,32.75,2026-06-15T17:30:00+10:00,21.32,good
2026-06-15,Saturn,2026-06-15T07:00:00+10:00,59.33,70.53,2026-06-15T06:00:00+10:00,55.27,excellent
2026-06-15,Uranus,2026-06-15T10:30:00+10:00,41.84,21.1,2026-06-15T06:00:00+10:00,11.11,good
2026-06-15,Neptune,2026-06-15T06:30:00+10:00,62.03,79.52,2026-06-15T06:00:00+10:00,60.92,excellent
2026-06-16,Mercury,2026-06-16T13:30:00+10:00,39.52,24.51,2026-06-16T17:30:00+10:00,14.2,good
2026-06-16,Venus,2026-06-16T14:30:00+10:00,41.07,38.16,2026-06-16T17:30:00+10:00,25.23,good
2026-06-16,Mars,2026-06-16T09:30:00+10:00,44.99,34.12,2026-06-16T06:00:00+10:00,23.04,good
2026-06-16,Jupiter,2026-06-16T14:00:00+10:00,41.31,32.0,2026-06-16T17:30:00+10:00,20.81,good
2026-06-16,Saturn,2026-06-16T07:00:00+10:00,59.35,71.42,2026-06-16T06:00:00+10:00,55.67,excellent
2026-06-16,Uranus,2026-06-16T10:00:00+10:00,41.79,21.98,2026-06-16T06:00:00+10:00,11.81,good
2026-06-16,Neptune,2026-06-16T06:30:00+10:00,62.04,80.46,2026-06-16T06:00:00+10:00,61.16,excellent
2026-06-17,Mercury,2026-06-17T13:30:00+10:00,39.83,24.47,2026-06-17T17:30:00+10:00,14.36,good
2026-06-17,Venus,2026-06-17T14:30:00+10:00,41.35,38.37,2026-06-17T17:30:00+10:00,25.57,good
2026-06-17,Mars,2026-06-17T09:30:00+10:00,44.79,34.35,2026-06-17T06:00:00+10:00,23.08,good
2026-06-17,Jupiter,2026-06-17T14:00:00+10:00,41.37,31.25,2026-06-17T17:30:00+10:00,20.31,good
2026-06-17,Saturn,2026-06-17T07:00:00+10:00,59.34,72.31,2026-06-17T06:00:00+10:00,56.04,excellent
2026-06-17,Uranus,2026-06-17T10:00:00+10:00,41.83,22.88,2026-06-17T06:00:00+10:00,12.51,good
2026-06-17,Neptune,2026-06-17T06:30:00+10:00,62.01,81.41,2026-06-17T06:00:00+10:00,61.37,excellent
2026-06-18,Mercury,2026-06-18T13:30:00+10:00,40.15,24.36,2026-06-18T17:30:00+10:00,14.48,good
2026-06-18,Venus,2026-06-18T14:30:00+10:00,41.63,38.57,2026-06-18T17:30:00+10:00,25.92,good
2026-06-18,Mars,2026-06-18T09:30:00+10:00,44.58,34.57,2026-06-18T06:00:00+10:00,23.13,good
2026-06-18,Jupiter,2026-06-18T14:00:00+10:00,41.41,30.5,2026-06-18T17:30:00+10:00,19.8,good
2026-06-18,Saturn,2026-06-18T07:00:00+10:00,59.31,73.2,2026-06-18T06:00:00+10:00,56.39,excellent
2026-06-18,Uranus,2026-06-18T10:00:00+10:00,41.86,23.78,2026-06-18T06:00:00+10:00,13.2,good
2026-06-18,Neptune,2026-06-18T06:30:00+10:00,61.96,82.35,2026-06-18T06:00:00+10:00,61.55,excellent
2026-06-19,Mercury,2026-06-19T13:30:00+10:00,40.47,24.2,2026-06-19T17:30:00+10:00,14.54,good
2026-06-19,Venus,2026-06-19T14:30:00+10:00,41.92,38.77,2026-06-19T17:30:00+10:00,26.28,good
2026-06-19,Mars,2026-06-19T09:30:00+10:00,44.37,34.81,2026-06-19T06:00:00+10:00,23.18,good
2026-06-19,Jupiter,2026-06-19T14:00:00+10:00,41.45,29.75,2026-06-19T17:30:00+10:00,19.29,good
2026-06-19,Saturn,2026-06-19T07:00:00+10:00,59.25,74.1,2026-06-19T06:00:00+10:00,56.73,excellent
2026-06-19,Uranus,2026-06-19T10:00:00+10:00,41.88,24.68,2026-06-19T06:00:00+10:00,13.89,good
2026-06-19,Neptune,2026-06-19T06:30:00+10:00,61.87,83.29,2026-06-19T06:00:00+10:00,61.7,excellent
2026-06-20,Mercury,2026-06-20T13:30:00+10:00,40.8,23.97,2026-06-20T17:30:00+10:00,14.55,good
2026-06-20,Venus,2026-06-20T14:30:00+10:00,42.22,38.97,2026-06-20T17:30:00+10:00,26.63,good
2026-06-20,Mars,2026-06-20T09:30:00+10:00,44.17,35.04,2026-06-20T06:00:00+10:00,23.23,good
2026-06-20,Jupiter,2026-06-20T14:00:00+10:00,41.48,29.0,2026-06-20T17:30:00+10:00,18.78,good
2026-06-20,Saturn,2026-06-20T07:00:00+10:00,59.17,74.99,2026-06-20T06:00:00+10:00,57.05,excellent
2026-06-20,Uranus,2026-06-20T10:00:00+10:00,41.87,25.58,2026-06-20T06:00:00+10:00,14.58,good
2026-06-20,Neptune,2026-06-20T06:00:00+10:00,61.83,84.22,2026-06-20T06:00:00+10:00,61.83,excellent
2026-06-21,Mercury,2026-06-21T13:30:00+10:00,41.13,23.68,2026-06-21T17:30:00+10:00,14.51,good
2026-06-21,Venus,2026-06-21T14:30:00+10:00,42.53,39.17,2026-06-21T17:30:00+10:00,26.99,good
2026-06-21,Mars,2026-06-21T09:30:00+10:00,43.97,35.27,2026-06-21T06:00:00+10:00,23.28,good
2026-06-21,Jupiter,2026-06-21T14:00:00+10:00,41.49,28.26,2026-06-21T17:30:00+10:00,18.26,good
2026-06-21,Saturn,2026-06-21T07:00:00+10:00,59.07,75.88,2026-06-21T06:00:00+10:00,57.34,excellent
2026-06-21,Uranus,2026-06-21T10:00:00+10:00,41.85,26.48,2026-06-21T06:00:00+10:00,15.26,good
2026-06-21,Neptune,2026-06-21T06:00:00+10:00,61.92,85.16,2026-06-21T06:00:00+10:00,61.92,excellent
2026-06-22,Mercury,2026-06-22T13:30:00+10:00,41.45,23.32,2026-06-22T17:30:00+10:00,14.4,good
2026-06-22,Venus,2026-06-22T14:30:00+10:00,42.84,39.36,2026-06-22T17:30:00+10:00,27.34,good
2026-06-22,Mars,2026-06-22T09:30:00+10:00,43.77,35.5,2026-06-22T06:00:00+10:00,23.33,good
2026-06-22,Jupiter,2026-06-22T14:00:00+10:00,41.5,27.51,2026-06-22T17:30:00+10:00,17.74,good
2026-06-22,Saturn,2026-06-22T06:30:00+10:00,59.11,76.76,2026-06-22T06:00:00+10:00,57.62,excellent
2026-06-22,Uranus,2026-06-22T10:00:00+10:00,41.81,27.38,2026-06-22T06:00:00+10:00,15.94,good
2026-06-22,Neptune,2026-06-22T06:00:00+10:00,61.98,86.11,2026-06-22T06:00:00+10:00,61.98,excellent
2026-06-23,Mercury,2026-06-23T13:30:00+10:00,41.77,22.9,2026-06-23T17:30:00+10:00,14.24,good
2026-06-23,Venus,2026-06-23T14:30:00+10:00,43.16,39.56,2026-06-23T17:30:00+10:00,27.7,good
2026-06-23,Mars,2026-06-23T09:30:00+10:00,43.57,35.74,2026-06-23T06:00:00+10:00,23.38,good
2026-06-23,Jupiter,2026-06-23T14:00:00+10:00,41.49,26.77,2026-06-23T17:30:00+10:00,17.21,good
2026-06-23,Saturn,2026-06-23T06:30:00+10:00,59.16,77.66,2026-06-23T06:00:00+10:00,57.87,excellent
2026-06-23,Uranus,2026-06-23T10:00:00+10:00,41.76,28.28,2026-06-23T06:00:00+10:00,16.61,good
2026-06-23,Neptune,2026-06-23T06:00:00+10:00,62.01,87.06,2026-06-23T06:00:00+10:00,62.01,excellent
2026-06-24,Mercury,2026-06-24T13:30:00+10:00,42.08,22.41,2026-06-24T17:30:00+10:00,14.01,good
2026-06-24,Venus,2026-06-24T14:30:00+10:00,43.49,39.75,2026-06-24T17:30:00+10:00,28.07,good
2026-06-24,Mars,2026-06-24T09:30:00+10:00,43.38,35.97,2026-06-24T06:00:00+10:00,23.43,good
2026-06-24,Jupiter,2026-06-24T13:30:00+10:00,41.56,26.04,2026-06-24T17:30:00+10:00,16.68,good
2026-06-24,Saturn,2026-06-24T06:30:00+10:00,59.19,78.56,2026-06-24T06:00:00+10:00,58.1,excellent
2026-06-24,Uranus,2026-06-24T09:30:00+10:00,41.7,29.16,2026-06-24T06:00:00+10:00,17.28,good
2026-06-24,Neptune,2026-06-24T06:00:00+10:00,62.01,88.0,2026-06-24T06:00:00+10:00,62.01,excellent
2026-06-25,Mercury,2026-06-25T13:30:00+10:00,42.38,21.85,2026-06-25T17:30:00+10:00,13.71,good
2026-06-25,Venus,2026-06-25T14:30:00+10:00,43.83,39.95,2026-06-25T17:30:00+10:00,28.43,good
2026-06-25,Mars,2026-06-25T09:30:00+10:00,43.19,36.21,2026-06-25T06:00:00+10:00,23.48,good
2026-06-25,Jupiter,2026-06-25T13:30:00+10:00,41.65,25.29,2026-06-25T17:30:00+10:00,16.15,good
2026-06-25,Saturn,2026-06-25T06:30:00+10:00,59.19,79.46,2026-06-25T06:00:00+10:00,58.31,excellent
2026-06-25,Uranus,2026-06-25T09:30:00+10:00,41.75,30.06,2026-06-25T06:00:00+10:00,17.94,good
2026-06-25,Neptune,2026-06-25T06:00:00+10:00,61.98,88.95,2026-06-25T06:00:00+10:00,61.98,excellent
2026-06-26,Mercury,2026-06-26T13:30:00+10:00,42.66,21.22,2026-06-26T17:30:00+10:00,13.34,good
2026-06-26,Venus,2026-06-26T14:30:00+10:00,44.17,40.13,2026-06-26T17:30:00+10:00,28.79,good
2026-06-26,Mars,2026-06-26T09:00:00+10:00,43.01,36.44,2026-06-26T06:00:00+10:00,23.53,good
2026-06-26,Jupiter,2026-06-26T13:30:00+10:00,41.72,24.55,2026-06-26T17:30:00+10:00,15.62,good
2026-06-26,Saturn,2026-06-26T06:30:00+10:00,59.17,80.36,2026-06-26T06:00:00+10:00,58.49,excellent
2026-06-26,Uranus,2026-06-26T09:30:00+10:00,41.78,30.97,2026-06-26T06:00:00+10:00,18.6,good
2026-06-26,Neptune,2026-06-26T06:00:00+10:00,61.91,89.89,2026-06-26T06:00:00+10:00,61.91,excellent
2026-06-27,Mercury,2026-06-27T13:30:00+10:00,42.92,20.52,2026-06-27T17:30:00+10:00,12.91,good
2026-06-27,Venus,2026-06-27T14:30:00+10:00,44.52,40.32,2026-06-27T17:30:00+10:00,29.16,good
2026-06-27,Mars,2026-06-27T09:00:00+10:00,42.86,36.68,2026-06-27T06:00:00+10:00,23.59,good
2026-06-27,Jupiter,2026-06-27T13:30:00+10:00,41.78,23.81,2026-06-27T17:30:00+10:00,15.08,good
2026-06-27,Saturn,2026-06-27T06:30:00+10:00,59.12,81.26,2026-06-27T06:00:00+10:00,58.65,excellent
2026-06-27,Uranus,2026-06-27T09:30:00+10:00,41.79,31.87,2026-06-27T06:00:00+10:00,19.26,good
2026-06-27,Neptune,2026-06-27T06:00:00+10:00,61.82,90.84,2026-06-27T06:00:00+10:00,61.82,excellent
2026-06-28,Mercury,2026-06-28T13:00:00+10:00,43.16,19.77,2026-06-28T17:30:00+10:00,12.39,good
2026-06-28,Venus,2026-06-28T14:30:00+10:00,44.88,40.51,2026-06-28T17:30:00+10:00,29.52,good
2026-06-28,Mars,2026-06-28T09:00:00+10:00,42.71,36.91,2026-06-28T06:00:00+10:00,23.64,good
2026-06-28,Jupiter,2026-06-28T13:30:00+10:00,41.83,23.07,2026-06-28T17:30:00+10:00,14.54,good
2026-06-28,Saturn,2026-06-28T06:30:00+10:00,59.04,82.17,2026-06-28T06:00:00+10:00,58.79,excellent
2026-06-28,Uranus,2026-06-28T09:30:00+10:00,41.79,32.77,2026-06-28T06:00:00+10:00,19.91,good
2026-06-28,Neptune,2026-06-28T05:30:00+10:00,61.84,91.77,2026-06-28T06:00:00+10:00,61.69,excellent
2026-06-29,Mercury,2026-06-29T13:00:00+10:00,43.5,18.93,2026-06-29T17:30:00+10:00,11.8,good
2026-06-29,Venus,2026-06-29T14:30:00+10:00,45.24,40.69,2026-06-29T17:30:00+10:00,29.89,excellent
2026-06-29,Mars,2026-06-29T09:00:00+10:00,42.56,37.15,2026-06-29T06:00:00+10:00,23.7,good
2026-06-29,Jupiter,2026-06-29T13:30:00+10:00,41.87,22.33,2026-06-29T17:30:00+10:00,14.0,good
2026-06-29,Saturn,2026-06-29T06:30:00+10:00,58.94,83.07,2026-06-29T06:00:00+10:00,58.9,excellent
2026-06-29,Uranus,2026-06-29T09:30:00+10:00,41.77,33.67,2026-06-29T06:00:00+10:00,20.55,good
2026-06-29,Neptune,2026-06-29T05:30:00+10:00,61.93,92.72,2026-06-29T06:00:00+10:00,61.54,excellent
2026-06-30,Mercury,2026-06-30T13:00:00+10:00,43.8,18.02,2026-06-30T17:30:00+10:00,11.13,good
2026-06-30,Venus,2026-06-30T14:30:00+10:00,45.61,40.88,2026-06-30T17:30:00+10:00,30.25,excellent
2026-06-30,Mars,2026-06-30T09:00:00+10:00,42.41,37.39,2026-06-30T06:00:00+10:00,23.75,good
2026-06-30,Jupiter,2026-06-30T13:30:00+10:00,41.9,21.59,2026-06-30T17:30:00+10:00,13.46,good
2026-06-30,Saturn,2026-06-30T06:00:00+10:00,58.98,83.96,2026-06-30T06:00:00+10:00,58.98,excellent
2026-06-30,Uranus,2026-06-30T09:30:00+10:00,41.74,34.58,2026-06-30T06:00:00+10:00,21.19,good
2026-06-30,Neptune,2026-06-30T05:30:00+10:00,61.98,93.67,2026-06-30T06:00:00+10:00,61.35,excellent
2026-07-01,Mercury,2026-07-01T13:00:00+10:00,44.07,17.05,2026-07-01T17:30:00+10:00,10.39,good
2026-07-01,Venus,2026-07-01T14:30:00+10:00,45.99,41.06,2026-07-01T17:30:00+10:00,30.62,excellent
2026-07-01,Mars,2026-07-01T09:00:00+10:00,42.27,37.64,2026-07-01T06:00:00+10:00,23.81,good
2026-07-01,Jupiter,2026-07-01T13:30:00+10:00,41.91,20.85,2026-07-01T17:30:00+10:00,12.91,good
2026-07-01,Saturn,2026-07-01T06:00:00+10:00,59.04,84.87,2026-07-01T06:00:00+10:00,59.04,excellent
2026-07-01,Uranus,2026-07-01T09:30:00+10:00,41.69,35.48,2026-07-01T06:00:00+10:00,21.82,good
2026-07-01,Neptune,2026-07-01T05:30:00+10:00,62.0,94.62,2026-07-01T06:00:00+10:00,61.13,excellent
2026-07-02,Mercury,2026-07-02T13:00:00+10:00,44.3,16.0,2026-07-02T17:30:00+10:00,9.56,good
2026-07-02,Venus,2026-07-02T15:00:00+10:00,46.38,41.24,2026-07-02T17:30:00+10:00,30.99,excellent
2026-07-02,Mars,2026-07-02T09:00:00+10:00,42.13,37.88,2026-07-02T06:00:00+10:00,23.86,good
2026-07-02,Jupiter,2026-07-02T13:30:00+10:00,41.92,20.11,2026-07-02T17:30:00+10:00,12.36,good
2026-07-02,Saturn,2026-07-02T06:00:00+10:00,59.07,85.78,2026-07-02T06:00:00+10:00,59.07,excellent
2026-07-02,Uranus,2026-07-02T09:30:00+10:00,41.62,36.38,2026-07-02T06:00:00+10:00,22.45,good
2026-07-02,Neptune,2026-07-02T05:30:00+10:00,61.99,95.57,2026-07-02T06:00:00+10:00,60.89,excellent
2026-07-03,Mercury,2026-07-03T13:00:00+10:00,44.48,14.9,2026-07-03T17:30:00+10:00,8.66,good
2026-07-03,Venus,2026-07-03T15:00:00+10:00,46.79,41.41,2026-07-03T17:30:00+10:00,31.35,excellent
2026-07-03,Mars,2026-07-03T09:00:00+10:00,41.99,38.12,2026-07-03T06:00:00+10:00,23.92,good
2026-07-03,Jupiter,2026-07-03T13:30:00+10:00,41.91,19.37,2026-07-03T17:30:00+10:00,11.81,good
2026-07-03,Saturn,2026-07-03T06:00:00+10:00,59.08,86.69,2026-07-03T06:00:00+10:00,59.08,excellent
2026-07-03,Uranus,2026-07-03T09:00:00+10:00,41.67,37.27,2026-07-03T06:00:00+10:00,23.07,good
2026-07-03,Neptune,2026-07-03T05:30:00+10:00,61.95,96.52,2026-07-03T06:00:00+10:00,60.62,excellent
2026-07-04,Mercury,2026-07-04T13:00:00+10:00,44.6,13.75,2026-07-04T17:30:00+10:00,7.68,good
2026-07-04,Venus,2026-07-04T15:00:00+10:00,47.2,41.59,2026-07-04T17:30:00+10:00,31.72,excellent
2026-07-04,Mars,2026-07-04T09:00:00+10:00,41.85,38.37,2026-07-04T06:00:00+10:00,23.98,good
2026-07-04,Jupiter,2026-07-04T13:00:00+10:00,42.01,18.65,2026-07-04T17:30:00+10:00,11.25,good
2026-07-04,Saturn,2026-07-04T06:00:00+10:00,59.06,87.6,2026-07-04T06:00:00+10:00,59.06,excellent
2026-07-04,Uranus,2026-07-04T09:00:00+10:00,41.7,38.17,2026-07-04T06:00:00+10:00,23.69,good
2026-07-04,Neptune,2026-07-04T05:30:00+10:00,61.88,97.47,2026-07-04T06:00:00+10:00,60.32,excellent
2026-07-05,Mercury,2026-07-05T12:30:00+10:00,44.8,12.57,2026-07-05T17:30:00+10:00,6.63,good
2026-07-05,Venus,2026-07-05T15:00:00+10:00,47.62,41.76,2026-07-05T17:30:00+10:00,32.08,excellent
2026-07-05,Mars,2026-07-05T09:00:00+10:00,41.71,38.61,2026-07-05T06:00:00+10:00,24.04,good
2026-07-05,Jupiter,2026-07-05T13:00:00+10:00,42.09,17.91,2026-07-05T17:30:00+10:00,10.7,good
2026-07-05,Saturn,2026-07-05T06:00:00+10:00,59.02,88.52,2026-07-05T06:00:00+10:00,59.02,excellent
2026-07-05,Uranus,2026-07-05T09:00:00+10:00,41.72,39.08,2026-07-05T06:00:00+10:00,24.3,good
2026-07-05,Neptune,2026-07-05T05:30:00+10:00,61.77,98.42,2026-07-05T06:00:00+10:00,59.99,excellent
2026-07-06,Mercury,2026-07-06T12:30:00+10:00,45.01,11.33,2026-07-06T17:30:00+10:00,5.51,excellent
2026-07-06,Venus,2026-07-06T15:00:00+10:00,48.04,41.93,2026-07-06T17:30:00+10:00,32.45,excellent
2026-07-06,Mars,2026-07-06T09:00:00+10:00,41.58,38.86,2026-07-06T06:00:00+10:00,24.1,good
2026-07-06,Jupiter,2026-07-06T13:00:00+10:00,42.17,17.18,2026-07-06T17:30:00+10:00,10.14,good
2026-07-06,Saturn,2026-07-06T06:00:00+10:00,58.94,89.43,2026-07-06T06:00:00+10:00,58.94,excellent
2026-07-06,Uranus,2026-07-06T09:00:00+10:00,41.72,39.98,2026-07-06T06:00:00+10:00,24.9,good
2026-07-06,Neptune,2026-07-06T05:00:00+10:00,61.87,99.35,2026-07-06T06:00:00+10:00,59.64,excellent
2026-07-07,Mercury,2026-07-07T12:30:00+10:00,45.16,10.08,2026-07-07T17:30:00+10:00,4.32,excellent
2026-07-07,Venus,2026-07-07T15:00:00+10:00,48.47,42.09,2026-07-07T17:30:00+10:00,32.81,excellent
2026-07-07,Mars,2026-07-07T09:00:00+10:00,41.45,39.11,2026-07-07T06:00:00+10:00,24.16,good
2026-07-07,Jupiter,2026-07-07T13:00:00+10:00,42.23,16.44,2026-07-07T17:30:00+10:00,9.57,good
2026-07-07,Saturn,2026-07-07T06:00:00+10:00,58.85,90.35,2026-07-07T06:00:00+10:00,58.85,excellent
2026-07-07,Uranus,2026-07-07T09:00:00+10:00,41.7,40.89,2026-07-07T06:00:00+10:00,25.5,good
2026-07-07,Neptune,2026-07-07T05:00:00+10:00,61.95,100.3,2026-07-07T06:00:00+10:00,59.26,excellent
2026-07-08,Mercury,2026-07-08T12:30:00+10:00,45.24,8.83,2026-07-08T17:30:00+10:00,3.08,excellent
2026-07-08,Venus,2026-07-08T15:00:00+10:00,48.9,42.26,2026-07-08T17:30:00+10:00,33.17,excellent
2026-07-08,Mars,2026-07-08T09:00:00+10:00,41.32,39.36,2026-07-08T06:00:00+10:00,24.23,good
2026-07-08,Jupiter,2026-07-08T13:00:00+10:00,42.28,15.71,2026-07-08T17:30:00+10:00,9.01,good
2026-07-08,Saturn,2026-07-08T05:30:00+10:00,58.9,91.25,2026-07-08T06:00:00+10:00,58.72,excellent
2026-07-08,Uranus,2026-07-08T09:00:00+10:00,41.67,41.79,2026-07-08T06:00:00+10:00,26.09,good
2026-07-08,Neptune,2026-07-08T05:00:00+10:00,61.99,101.26,2026-07-08T06:00:00+10:00,58.86,excellent
2026-07-09,Mercury,2026-07-09T12:30:00+10:00,45.23,7.62,2026-07-09T17:30:00+10:00,1.78,excellent
2026-07-09,Venus,2026-07-09T15:00:00+10:00,49.34,42.42,2026-07-09T17:30:00+10:00,33.53,excellent
2026-07-09,Mars,2026-07-09T09:00:00+10:00,41.19,39.61,2026-07-09T06:00:00+10:00,24.29,good
2026-07-09,Jupiter,2026-07-09T13:00:00+10:00,42.32,14.97,2026-07-09T17:30:00+10:00,8.44,good
2026-07-09,Saturn,2026-07-09T05:30:00+10:00,58.97,92.17,2026-07-09T06:00:00+10:00,58.57,excellent
2026-07-09,Uranus,2026-07-09T09:00:00+10:00,41.61,42.7,2026-07-09T06:00:00+10:00,26.67,good
2026-07-09,Neptune,2026-07-09T05:00:00+10:00,62.0,102.21,2026-07-09T06:00:00+10:00,58.43,excellent
2026-07-10,Mercury,2026-07-10T12:00:00+10:00,45.33,6.54,2026-07-10T17:30:00+10:00,0.44,excellent
2026-07-10,Venus,2026-07-10T15:00:00+10:00,49.78,42.58,2026-07-10T17:30:00+10:00,33.89,excellent
2026-07-10,Mars,2026-07-10T09:00:00+10:00,41.06,39.86,2026-07-10T06:00:00+10:00,24.36,good
2026-07-10,Jupiter,2026-07-10T13:00:00+10:00,42.35,14.24,2026-07-10T17:30:00+10:00,7.87,good
2026-07-10,Saturn,2026-07-10T05:30:00+10:00,59.0,93.1,2026-07-10T06:00:00+10:00,58.39,excellent
2026-07-10,Uranus,2026-07-10T09:00:00+10:00,41.55,43.61,2026-07-10T06:00:00+10:00,27.25,good
2026-07-10,Neptune,2026-07-10T05:00:00+10:00,61.98,103.16,2026-07-10T06:00:00+10:00,57.98,excellent
2026-07-11,Mercury,2026-07-11T12:00:00+10:00,45.43,5.62,2026-07-11T17:30:00+10:00,-0.94,excellent
2026-07-11,Venus,2026-07-11T15:00:00+10:00,50.22,42.73,2026-07-11T17:30:00+10:00,34.25,excellent
2026-07-11,Mars,2026-07-11T09:00:00+10:00,40.94,40.11,2026-07-11T06:00:00+10:00,24.42,good
2026-07-11,Jupiter,2026-07-11T13:00:00+10:00,42.37,13.5,2026-07-11T17:30:00+10:00,7.3,good
2026-07-11,Saturn,2026-07-11T05:30:00+10:00,59.01,94.02,2026-07-11T06:00:00+10:00,58.19,excellent
2026-07-11,Uranus,2026-07-11T08:30:00+10:00,41.59,44.5,2026-07-11T06:00:00+10:00,27.81,good
2026-07-11,Neptune,2026-07-11T05:00:00+10:00,61.93,104.12,2026-07-11T06:00:00+10:00,57.51,excellent
2026-07-12,Mercury,2026-07-12T12:00:00+10:00,45.44,5.01,2026-07-12T17:30:00+10:00,-2.34,excellent
2026-07-12,Venus,2026-07-12T15:00:00+10:00,50.67,42.89,2026-07-12T17:30:00+10:00,34.61,excellent
2026-07-12,Mars,2026-07-12T09:00:00+10:00,40.82,40.36,2026-07-12T06:00:00+10:00,24.49,good
2026-07-12,Jupiter,2026-07-12T13:00:00+10:00,42.38,12.77,2026-07-12T17:30:00+10:00,6.73,good
2026-07-12,Saturn,2026-07-12T05:30:00+10:00,58.99,94.95,2026-07-12T06:00:00+10:00,57.97,excellent
2026-07-12,Uranus,2026-07-12T08:30:00+10:00,41.63,45.41,2026-07-12T06:00:00+10:00,28.37,good
2026-07-12,Neptune,2026-07-12T05:00:00+10:00,61.85,105.07,2026-07-12T06:00:00+10:00,57.02,excellent
2026-07-13,Mercury,2026-07-13T12:00:00+10:00,45.38,4.84,2026-07-13T17:30:00+10:00,-3.75,excellent
2026-07-13,Venus,2026-07-13T15:00:00+10:00,51.12,43.04,2026-07-13T17:30:00+10:00,34.96,excellent
2026-07-13,Mars,2026-07-13T09:00:00+10:00,40.7,40.62,2026-07-13T06:00:00+10:00,24.56,good
2026-07-13,Jupiter,2026-07-13T12:30:00+10:00,42.39,12.05,2026-07-13T17:30:00+10:00,6.15,good
2026-07-13,Saturn,2026-07-13T05:30:00+10:00,58.95,95.88,2026-07-13T06:00:00+10:00,57.71,excellent
2026-07-13,Uranus,2026-07-13T08:30:00+10:00,41.65,46.32,2026-07-13T06:00:00+10:00,28.93,good
2026-07-13,Neptune,2026-07-13T04:30:00+10:00,61.82,106.01,2026-07-13T06:00:00+10:00,56.52,excellent
2026-07-14,Mercury,2026-07-14T11:30:00+10:00,45.27,5.15,2026-07-14T06:00:00+10:00,-4.72,excellent
2026-07-14,Venus,2026-07-14T15:00:00+10:00,51.57,43.19,2026-07-14T17:30:00+10:00,35.31,excellent
2026-07-14,Mars,2026-07-14T09:00:00+10:00,40.59,40.88,2026-07-14T06:00:00+10:00,24.63,good
2026-07-14,Jupiter,2026-07-14T12:30:00+10:00,42.49,11.31,2026-07-14T17:30:00+10:00,5.57,good
2026-07-14,Saturn,2026-07-14T05:30:00+10:00,58.88,96.81,2026-07-14T06:00:00+10:00,57.44,excellent
2026-07-14,Uranus,2026-07-14T08:30:00+10:00,41.65,47.23,2026-07-14T06:00:00+10:00,29.47,good
2026-07-14,Neptune,2026-07-14T04:30:00+10:00,61.91,106.97,2026-07-14T06:00:00+10:00,55.99,excellent
2026-07-15,Mercury,2026-07-15T11:30:00+10:00,45.31,5.85,2026-07-15T06:00:00+10:00,-3.36,excellent
2026-07-15,Venus,2026-07-15T15:00:00+10:00,52.03,43.33,2026-07-15T17:30:00+10:00,35.66,excellent
2026-07-15,Mars,2026-07-15T09:00:00+10:00,40.47,41.13,2026-07-15T06:00:00+10:00,24.71,good
2026-07-15,Jupiter,2026-07-15T12:30:00+10:00,42.58,10.58,2026-07-15T17:30:00+10:00,5.0,good
2026-07-15,Saturn,2026-07-15T05:00:00+10:00,58.78,97.72,2026-07-15T06:00:00+10:00,57.14,excellent
2026-07-15,Uranus,2026-07-15T08:30:00+10:00,41.63,48.14,2026-07-15T06:00:00+10:00,30.01,good
2026-07-15,Neptune,2026-07-15T04:30:00+10:00,61.98,107.93,2026-07-15T06:00:00+10:00,55.44,excellent
2026-07-16,Mercury,2026-07-16T11:30:00+10:00,45.26,6.81,2026-07-16T06:00:00+10:00,-2.04,excellent
2026-07-16,Venus,2026-07-16T15:00:00+10:00,52.49,43.47,2026-07-16T17:30:00+10:00,36.0,excellent
2026-07-16,Mars,2026-07-16T09:00:00+10:00,40.36,41.39,2026-07-16T06:00:00+10:00,24.78,good
2026-07-16,Jupiter,2026-07-16T12:30:00+10:00,42.65,9.84,2026-07-16T17:30:00+10:00,4.41,good
2026-07-16,Saturn,2026-07-16T05:00:00+10:00,58.87,98.65,2026-07-16T06:00:00+10:00,56.82,excellent
2026-07-16,Uranus,2026-07-16T08:30:00+10:00,41.6,49.05,2026-07-16T06:00:00+10:00,30.53,good
2026-07-16,Neptune,2026-07-16T04:30:00+10:00,62.01,108.88,2026-07-16T06:00:00+10:00,54.88,excellent
2026-07-17,Mercury,2026-07-17T11:30:00+10:00,45.15,7.91,2026-07-17T06:00:00+10:00,-0.78,excellent
2026-07-17,Venus,2026-07-17T15:00:00+10:00,52.95,43.61,2026-07-17T17:30:00+10:00,36.34,excellent
2026-07-17,Mars,2026-07-17T09:00:00+10:00,40.25,41.65,2026-07-17T06:00:00+10:00,24.86,good
2026-07-17,Jupiter,2026-07-17T12:30:00+10:00,42.72,9.11,2026-07-17T17:30:00+10:00,3.83,good
2026-07-17,Saturn,2026-07-17T05:00:00+10:00,58.94,99.59,2026-07-17T06:00:00+10:00,56.47,excellent
2026-07-17,Uranus,2026-07-17T08:30:00+10:00,41.55,49.96,2026-07-17T06:00:00+10:00,31.05,good
2026-07-17,Neptune,2026-07-17T04:30:00+10:00,62.02,109.84,2026-07-17T06:00:00+10:00,54.3,excellent
2026-07-18,Mercury,2026-07-18T11:30:00+10:00,44.97,9.07,2026-07-18T06:00:00+10:00,0.43,good
2026-07-18,Venus,2026-07-18T15:00:00+10:00,53.42,43.75,2026-07-18T17:30:00+10:00,36.68,excellent
2026-07-18,Mars,2026-07-18T09:00:00+10:00,40.15,41.91,2026-07-18T06:00:00+10:00,24.94,good
2026-07-18,Jupiter,2026-07-18T12:30:00+10:00,42.77,8.38,2026-07-18T17:30:00+10:00,3.24,good
2026-07-18,Saturn,2026-07-18T05:00:00+10:00,58.97,100.53,2026-07-18T06:00:00+10:00,56.1,excellent
2026-07-18,Uranus,2026-07-18T08:30:00+10:00,41.48,50.87,2026-07-18T06:00:00+10:00,31.56,good
2026-07-18,Neptune,2026-07-18T04:30:00+10:00,61.98,110.8,2026-07-18T06:00:00+10:00,53.7,excellent
2026-07-19,Mercury,2026-07-19T11:00:00+10:00,44.8,10.21,2026-07-19T06:00:00+10:00,1.57,good
2026-07-19,Venus,2026-07-19T15:00:00+10:00,53.89,43.88,2026-07-19T17:30:00+10:00,37.02,excellent
2026-07-19,Mars,2026-07-19T09:00:00+10:00,40.04,42.18,2026-07-19T06:00:00+10:00,25.02,good
2026-07-19,Jupiter,2026-07-19T12:30:00+10:00,42.82,7.65,2026-07-19T17:30:00+10:00,2.66,good
2026-07-19,Saturn,2026-07-19T05:00:00+10:00,58.98,101.46,2026-07-19T06:00:00+10:00,55.71,excellent
2026-07-19,Uranus,2026-07-19T08:00:00+10:00,41.53,51.77,2026-07-19T06:00:00+10:00,32.06,good
2026-07-19,Neptune,2026-07-19T04:30:00+10:00,61.92,111.76,2026-07-19T06:00:00+10:00,53.09,excellent
2026-07-20,Mercury,2026-07-20T11:00:00+10:00,44.73,11.36,2026-07-20T06:00:00+10:00,2.63,good
2026-07-20,Venus,2026-07-20T15:00:00+10:00,54.36,44.01,2026-07-20T17:30:00+10:00,37.35,excellent
2026-07-20,Mars,2026-07-20T09:00:00+10:00,39.94,42.44,2026-07-20T06:00:00+10:00,25.1,good
2026-07-20,Jupiter,2026-07-20T12:30:00+10:00,42.85,6.91,2026-07-20T17:30:00+10:00,2.07,good
2026-07-20,Saturn,2026-07-20T05:00:00+10:00,58.96,102.41,2026-07-20T06:00:00+10:00,55.3,excellent
2026-07-20,Uranus,2026-07-20T08:00:00+10:00,41.57,52.68,2026-07-20T06:00:00+10:00,32.55,good
2026-07-20,Neptune,2026-07-20T04:30:00+10:00,61.83,112.72,2026-07-20T06:00:00+10:00,52.47,excellent
2026-07-21,Mercury,2026-07-21T11:00:00+10:00,44.6,12.46,2026-07-21T06:00:00+10:00,3.62,good
2026-07-21,Venus,2026-07-21T15:00:00+10:00,54.83,44.14,2026-07-21T17:30:00+10:00,37.68,excellent
2026-07-21,Mars,2026-07-21T09:00:00+10:00,39.84,42.71,2026-07-21T06:00:00+10:00,25.18,good
2026-07-21,Jupiter,2026-07-21T12:30:00+10:00,42.87,6.18,2026-07-21T17:30:00+10:00,1.47,good
2026-07-21,Saturn,2026-07-21T05:00:00+10:00,58.92,103.35,2026-07-21T06:00:00+10:00,54.87,excellent
2026-07-21,Uranus,2026-07-21T08:00:00+10:00,41.58,53.59,2026-07-21T06:00:00+10:00,33.03,good
2026-07-21,Neptune,2026-07-21T04:00:00+10:00,61.88,113.66,2026-07-21T06:00:00+10:00,51.83,excellent
2026-07-22,Mercury,2026-07-22T11:00:00+10:00,44.43,13.51,2026-07-22T06:00:00+10:00,4.53,good
2026-07-22,Venus,2026-07-22T15:00:00+10:00,55.31,44.26,2026-07-22T17:30:00+10:00,38.0,excellent
2026-07-22,Mars,2026-07-22T09:00:00+10:00,39.75,42.97,2026-07-22T06:00:00+10:00,25.27,good
2026-07-22,Jupiter,2026-07-22T12:30:00+10:00,42.88,5.45,2026-07-22T17:30:00+10:00,0.88,good
2026-07-22,Saturn,2026-07-22T05:00:00+10:00,58.85,104.29,2026-07-22T06:00:00+10:00,54.42,excellent
2026-07-22,Uranus,2026-07-22T08:00:00+10:00,41.59,54.51,2026-07-22T06:00:00+10:00,33.5,good
2026-07-22,Neptune,2026-07-22T04:00:00+10:00,61.97,114.62,2026-07-22T06:00:00+10:00,51.18,excellent
2026-07-23,Mercury,2026-07-23T11:00:00+10:00,44.23,14.49,2026-07-23T06:00:00+10:00,5.34,good
2026-07-23,Venus,2026-07-23T15:00:00+10:00,55.78,44.38,2026-07-23T18:00:00+10:00,32.69,excellent
2026-07-23,Mars,2026-07-23T09:00:00+10:00,39.65,43.24,2026-07-23T06:00:00+10:00,25.36,good
2026-07-23,Jupiter,2026-07-23T12:00:00+10:00,42.9,4.74,2026-07-23T18:00:00+10:00,-5.96,good
2026-07-23,Saturn,2026-07-23T04:30:00+10:00,58.8,105.22,2026-07-23T06:00:00+10:00,53.95,excellent
2026-07-23,Uranus,2026-07-23T08:00:00+10:00,41.57,55.43,2026-07-23T06:00:00+10:00,33.96,good
2026-07-23,Neptune,2026-07-23T04:00:00+10:00,62.02,115.59,2026-07-23T06:00:00+10:00,50.51,excellent
2026-07-24,Mercury,2026-07-24T11:00:00+10:00,43.99,15.39,2026-07-24T06:00:00+10:00,6.08,good
2026-07-24,Venus,2026-07-24T15:00:00+10:00,56.26,44.5,2026-07-24T18:00:00+10:00,32.97,excellent
2026-07-24,Mars,2026-07-24T09:00:00+10:00,39.56,43.51,2026-07-24T06:00:00+10:00,25.45,good
2026-07-24,Jupiter,2026-07-24T12:00:00+10:00,43.0,4.01,2026-07-24T18:00:00+10:00,-6.57,good
2026-07-24,Saturn,2026-07-24T04:30:00+10:00,58.89,106.17,2026-07-24T06:00:00+10:00,53.46,excellent
2026-07-24,Uranus,2026-07-24T08:00:00+10:00,41.54,56.34,2026-07-24T06:00:00+10:00,34.41,good
2026-07-24,Neptune,2026-07-24T04:00:00+10:00,62.04,116.55,2026-07-24T06:00:00+10:00,49.84,excellent
2026-07-25,Mercury,2026-07-25T11:00:00+10:00,43.74,16.21,2026-07-25T06:00:00+10:00,6.72,good
2026-07-25,Venus,2026-07-25T15:00:00+10:00,56.74,44.61,2026-07-25T18:00:00+10:00,33.25,excellent
2026-07-25,Mars,2026-07-25T09:00:00+10:00,39.47,43.78,2026-07-25T06:00:00+10:00,25.54,good
2026-07-25,Jupiter,2026-07-25T12:00:00+10:00,43.09,3.28,2026-07-25T18:00:00+10:00,-7.18,good
2026-07-25,Saturn,2026-07-25T04:30:00+10:00,58.95,107.12,2026-07-25T06:00:00+10:00,52.96,excellent
2026-07-25,Uranus,2026-07-25T08:00:00+10:00,41.49,57.26,2026-07-25T06:00:00+10:00,34.85,good
2026-07-25,Neptune,2026-07-25T04:00:00+10:00,62.03,117.51,2026-07-25T06:00:00+10:00,49.15,excellent
2026-07-26,Mercury,2026-07-26T10:30:00+10:00,43.57,16.93,2026-07-26T06:00:00+10:00,7.27,good
2026-07-26,Venus,2026-07-26T15:00:00+10:00,57.22,44.72,2026-07-26T18:00:00+10:00,33.53,excellent
2026-07-26,Mars,2026-07-26T09:00:00+10:00,39.38,44.05,2026-07-26T06:00:00+10:00,25.63,good
2026-07-26,Jupiter,2026-07-26T12:00:00+10:00,43.17,2.56,2026-07-26T18:00:00+10:00,-7.8,good
2026-07-26,Saturn,2026-07-26T04:30:00+10:00,58.99,108.07,2026-07-26T06:00:00+10:00,52.44,excellent
2026-07-26,Uranus,2026-07-26T08:00:00+10:00,41.42,58.18,2026-07-26T06:00:00+10:00,35.27,good
2026-07-26,Neptune,2026-07-26T04:00:00+10:00,61.99,118.48,2026-07-26T06:00:00+10:00,48.46,excellent
2026-07-27,Mercury,2026-07-27T10:30:00+10:00,43.42,17.58,2026-07-27T06:00:00+10:00,7.74,good
2026-07-27,Venus,2026-07-27T15:00:00+10:00,57.7,44.83,2026-07-27T18:00:00+10:00,33.8,excellent
2026-07-27,Mars,2026-07-27T08:30:00+10:00,39.32,44.32,2026-07-27T06:00:00+10:00,25.73,good
2026-07-27,Jupiter,2026-07-27T12:00:00+10:00,43.24,1.84,2026-07-27T18:00:00+10:00,-8.42,good
2026-07-27,Saturn,2026-07-27T04:30:00+10:00,58.99,109.02,2026-07-27T06:00:00+10:00,51.9,excellent
2026-07-27,Uranus,2026-07-27T07:30:00+10:00,41.48,59.08,2026-07-27T06:00:00+10:00,35.69,good
2026-07-27,Neptune,2026-07-27T04:00:00+10:00,61.92,119.44,2026-07-27T06:00:00+10:00,47.75,excellent
2026-07-28,Mercury,2026-07-28T10:30:00+10:00,43.25,18.13,2026-07-28T06:00:00+10:00,8.11,good
2026-07-28,Venus,2026-07-28T15:00:00+10:00,58.18,44.93,2026-07-28T18:00:00+10:00,34.06,excellent
2026-07-28,Mars,2026-07-28T08:30:00+10:00,39.27,44.59,2026-07-28T06:00:00+10:00,25.83,good
2026-07-28,Jupiter,2026-07-28T12:00:00+10:00,43.29,1.15,2026-07-28T06:00:00+10:00,-8.76,good
2026-07-28,Saturn,2026-07-28T04:30:00+10:00,58.97,109.98,2026-07-28T06:00:00+10:00,51.34,excellent
2026-07-28,Uranus,2026-07-28T07:30:00+10:00,41.51,60.0,2026-07-28T06:00:00+10:00,36.09,good
2026-07-28,Neptune,2026-07-28T03:30:00+10:00,61.85,120.39,2026-07-28T06:00:00+10:00,47.03,excellent
2026-07-29,Mercury,2026-07-29T10:30:00+10:00,43.08,18.59,2026-07-29T06:00:00+10:00,8.41,good
2026-07-29,Venus,2026-07-29T15:00:00+10:00,58.66,45.02,2026-07-29T18:00:00+10:00,34.32,excellent
2026-07-29,Mars,2026-07-29T08:30:00+10:00,39.23,44.87,2026-07-29T06:00:00+10:00,25.93,good
2026-07-29,Jupiter,2026-07-29T12:00:00+10:00,43.34,0.57,2026-07-29T06:00:00+10:00,-8.09,good
2026-07-29,Saturn,2026-07-29T04:30:00+10:00,58.92,110.93,2026-07-29T06:00:00+10:00,50.77,excellent
2026-07-29,Uranus,2026-07-29T07:30:00+10:00,41.53,60.92,2026-07-29T06:00:00+10:00,36.48,good
2026-07-29,Neptune,2026-07-29T03:30:00+10:00,61.96,121.35,2026-07-29T06:00:00+10:00,46.31,excellent
2026-07-30,Mercury,2026-07-30T10:30:00+10:00,42.91,18.95,2026-07-30T06:00:00+10:00,8.62,good
2026-07-30,Venus,2026-07-30T15:00:00+10:00,59.15,45.12,2026-07-30T18:00:00+10:00,34.57,excellent
2026-07-30,Mars,2026-07-30T08:30:00+10:00,39.18,45.15,2026-07-30T06:00:00+10:00,26.03,good
2026-07-30,Jupiter,2026-07-30T12:00:00+10:00,43.37,0.64,2026-07-30T06:00:00+10:00,-7.43,good
2026-07-30,Saturn,2026-07-30T04:30:00+10:00,58.84,111.89,2026-07-30T06:00:00+10:00,50.18,excellent
2026-07-30,Uranus,2026-07-30T07:30:00+10:00,41.53,61.84,2026-07-30T06:00:00+10:00,36.86,good
2026-07-30,Neptune,2026-07-30T03:30:00+10:00,62.03,122.32,2026-07-30T06:00:00+10:00,45.57,excellent
2026-07-31,Mercury,2026-07-31T10:30:00+10:00,42.75,19.22,2026-07-31T06:00:00+10:00,8.75,good
2026-07-31,Venus,2026-07-31T15:00:00+10:00,59.63,45.2,2026-07-31T18:00:00+10:00,34.81,excellent
2026-07-31,Mars,2026-07-31T08:30:00+10:00,39.14,45.42,2026-07-31T06:00:00+10:00,26.13,good
2026-07-31,Jupiter,2026-07-31T12:00:00+10:00,43.4,1.25,2026-07-31T06:00:00+10:00,-6.76,good
2026-07-31,Saturn,2026-07-31T04:00:00+10:00,58.87,112.83,2026-07-31T06:00:00+10:00,49.58,excellent
2026-07-31,Uranus,2026-07-31T07:30:00+10:00,41.52,62.76,2026-07-31T06:00:00+10:00,37.22,good
2026-07-31,Neptune,2026-07-31T03:30:00+10:00,62.07,123.29,2026-07-31T06:00:00+10:00,44.83,excellent
2026-08-01,Mercury,2026-08-01T10:30:00+10:00,42.6,19.39,2026-08-01T06:00:00+10:00,8.8,good
2026-08-01,Venus,2026-08-01T15:00:00+10:00,60.11,45.29,2026-08-01T18:00:00+10:00,35.05,excellent
2026-08-01,Mars,2026-08-01T08:30:00+10:00,39.1,45.7,2026-08-01T06:00:00+10:00,26.24,good
2026-08-01,Jupiter,2026-08-01T12:00:00+10:00,43.41,1.95,2026-08-01T06:00:00+10:00,-6.1,good
2026-08-01,Saturn,2026-08-01T04:00:00+10:00,58.96,113.79,2026-08-01T06:00:00+10:00,48.97,excellent
2026-08-01,Uranus,2026-08-01T07:30:00+10:00,41.49,63.68,2026-08-01T06:00:00+10:00,37.57,good
2026-08-01,Neptune,2026-08-01T03:30:00+10:00,62.08,124.25,2026-08-01T06:00:00+10:00,44.08,excellent
2026-08-02,Mercury,2026-08-02T10:30:00+10:00,42.47,19.46,2026-08-02T06:00:00+10:00,8.77,good
2026-08-02,Venus,2026-08-02T15:00:00+10:00,60.59,45.37,2026-08-02T18:00:00+10:00,35.28,excellent
2026-08-02,Mars,2026-08-02T08:30:00+10:00,39.07,45.99,2026-08-02T06:00:00+10:00,26.35,good
2026-08-02,Jupiter,2026-08-02T11:30:00+10:00,43.44,2.66,2026-08-02T06:00:00+10:00,-5.44,good
2026-08-02,Saturn,2026-08-02T04:00:00+10:00,59.01,114.76,2026-08-02T06:00:00+10:00,48.34,excellent
2026-08-02,Uranus,2026-08-02T07:30:00+10:00,41.44,64.61,2026-08-02T06:00:00+10:00,37.91,good
2026-08-02,Neptune,2026-08-02T03:30:00+10:00,62.06,125.22,2026-08-02T06:00:00+10:00,43.32,excellent
2026-08-03,Mercury,2026-08-03T10:30:00+10:00,42.36,19.45,2026-08-03T06:00:00+10:00,8.68,good
2026-08-03,Venus,2026-08-03T15:00:00+10:00,61.07,45.44,2026-08-03T18:00:00+10:00,35.51,excellent
2026-08-03,Mars,2026-08-03T08:30:00+10:00,39.03,46.27,2026-08-03T06:00:00+10:00,26.46,good
2026-08-03,Jupiter,2026-08-03T11:30:00+10:00,43.54,3.38,2026-08-03T06:00:00+10:00,-4.77,good
2026-08-03,Saturn,2026-08-03T04:00:00+10:00,59.04,115.72,2026-08-03T06:00:00+10:00,47.7,excellent
2026-08-03,Uranus,2026-08-03T07:00:00+10:00,41.38,65.51,2026-08-03T06:00:00+10:00,38.23,good
2026-08-03,Neptune,2026-08-03T03:30:00+10:00,62.0,126.19,2026-08-03T06:00:00+10:00,42.56,excellent
2026-08-04,Mercury,2026-08-04T10:30:00+10:00,42.27,19.34,2026-08-04T06:00:00+10:00,8.52,good
2026-08-04,Venus,2026-08-04T15:00:00+10:00,61.55,45.51,2026-08-04T18:00:00+10:00,35.73,excellent
2026-08-04,Mars,2026-08-04T08:30:00+10:00,39.0,46.55,2026-08-04T06:00:00+10:00,26.57,good
2026-08-04,Jupiter,2026-08-04T11:30:00+10:00,43.63,4.11,2026-08-04T06:00:00+10:00,-4.11,good
2026-08-04,Saturn,2026-08-04T04:00:00+10:00,59.04,116.69,2026-08-04T06:00:00+10:00,47.05,excellent
2026-08-04,Uranus,2026-08-04T07:00:00+10:00,41.43,66.44,2026-08-04T06:00:00+10:00,38.55,good
2026-08-04,Neptune,2026-08-04T03:30:00+10:00,61.91,127.16,2026-08-04T06:00:00+10:00,41.79,excellent
2026-08-05,Mercury,2026-08-05T10:30:00+10:00,42.2,19.14,2026-08-05T06:00:00+10:00,8.29,good
2026-08-05,Venus,2026-08-05T15:00:00+10:00,62.03,45.57,2026-08-05T18:00:00+10:00,35.94,excellent
2026-08-05,Mars,2026-08-05T08:30:00+10:00,38.97,46.84,2026-08-05T06:00:00+10:00,26.69,good
2026-08-05,Jupiter,2026-08-05T11:30:00+10:00,43.71,4.84,2026-08-05T06:00:00+10:00,-3.45,good
2026-08-05,Saturn,2026-08-05T04:00:00+10:00,59.01,117.66,2026-08-05T06:00:00+10:00,46.39,excellent
2026-08-05,Uranus,2026-08-05T07:00:00+10:00,41.47,67.37,2026-08-05T06:00:00+10:00,38.84,good
2026-08-05,Neptune,2026-08-05T03:00:00+10:00,61.94,128.11,2026-08-05T06:00:00+10:00,41.01,excellent
2026-08-06,Mercury,2026-08-06T10:30:00+10:00,42.16,18.85,2026-08-06T06:00:00+10:00,8.01,good
2026-08-06,Venus,2026-08-06T15:00:00+10:00,62.5,45.63,2026-08-06T18:00:00+10:00,36.14,excellent
2026-08-06,Mars,2026-08-06T08:30:00+10:00,38.94,47.13,2026-08-06T06:00:00+10:00,26.81,good
2026-08-06,Jupiter,2026-08-06T11:30:00+10:00,43.78,5.58,2026-08-06T06:00:00+10:00,-2.79,good
2026-08-06,Saturn,2026-08-06T04:00:00+10:00,58.95,118.64,2026-08-06T06:00:00+10:00,45.71,excellent
2026-08-06,Uranus,2026-08-06T07:00:00+10:00,41.49,68.3,2026-08-06T06:00:00+10:00,39.12,good
2026-08-06,Neptune,2026-08-06T03:00:00+10:00,62.04,129.09,2026-08-06T06:00:00+10:00,40.22,excellent
2026-08-07,Mercury,2026-08-07T10:30:00+10:00,42.14,18.48,2026-08-07T06:00:00+10:00,7.67,good
2026-08-07,Venus,2026-08-07T15:00:00+10:00,62.98,45.68,2026-08-07T18:00:00+10:00,36.34,excellent
2026-08-07,Mars,2026-08-07T08:30:00+10:00,38.91,47.41,2026-08-07T06:00:00+10:00,26.93,good
2026-08-07,Jupiter,2026-08-07T11:30:00+10:00,43.84,6.31,2026-08-07T06:00:00+10:00,-2.13,good
2026-08-07,Saturn,2026-08-07T03:30:00+10:00,58.88,119.59,2026-08-07T06:00:00+10:00,45.03,excellent
2026-08-07,Uranus,2026-08-07T07:00:00+10:00,41.49,69.23,2026-08-07T06:00:00+10:00,39.39,good
2026-08-07,Neptune,2026-08-07T03:00:00+10:00,62.1,130.06,2026-08-07T06:00:00+10:00,39.43,excellent
2026-08-08,Mercury,2026-08-08T10:30:00+10:00,42.15,18.03,2026-08-08T06:00:00+10:00,7.28,good
2026-08-08,Venus,2026-08-08T15:00:00+10:00,63.45,45.73,2026-08-08T18:00:00+10:00,36.53,excellent
2026-08-08,Mars,2026-08-08T08:30:00+10:00,38.89,47.7,2026-08-08T06:00:00+10:00,27.05,good
2026-08-08,Jupiter,2026-08-08T11:30:00+10:00,43.89,7.05,2026-08-08T06:00:00+10:00,-1.47,good
2026-08-08,Saturn,2026-08-08T03:30:00+10:00,58.98,120.57,2026-08-08T06:00:00+10:00,44.33,excellent
2026-08-08,Uranus,2026-08-08T07:00:00+10:00,41.47,70.16,2026-08-08T06:00:00+10:00,39.64,good
2026-08-08,Neptune,2026-08-08T03:00:00+10:00,62.13,131.03,2026-08-08T06:00:00+10:00,38.64,excellent
2026-08-09,Mercury,2026-08-09T10:30:00+10:00,42.19,17.5,2026-08-09T06:00:00+10:00,6.84,good
2026-08-09,Venus,2026-08-09T14:30:00+10:00,63.92,45.77,2026-08-09T18:00:00+10:00,36.71,excellent
2026-08-09,Mars,2026-08-09T08:30:00+10:00,38.87,48.0,2026-08-09T06:00:00+10:00,27.18,good
2026-08-09,Jupiter,2026-08-09T11:30:00+10:00,43.92,7.79,2026-08-09T06:00:00+10:00,-0.81,good
2026-08-09,Saturn,2026-08-09T03:30:00+10:00,59.06,121.54,2026-08-09T06:00:00+10:00,43.62,excellent
2026-08-09,Uranus,2026-08-09T07:00:00+10:00,41.44,71.09,2026-08-09T06:00:00+10:00,39.87,good
2026-08-09,Neptune,2026-08-09T03:00:00+10:00,62.12,132.01,2026-08-09T06:00:00+10:00,37.84,excellent
2026-08-10,Mercury,2026-08-10T11:00:00+10:00,42.26,16.89,2026-08-10T06:00:00+10:00,6.36,good
2026-08-10,Venus,2026-08-10T14:30:00+10:00,64.42,45.81,2026-08-10T18:00:00+10:00,36.88,excellent
2026-08-10,Mars,2026-08-10T08:30:00+10:00,38.85,48.29,2026-08-10T06:00:00+10:00,27.31,good
2026-08-10,Jupiter,2026-08-10T11:30:00+10:00,43.94,8.52,2026-08-10T06:00:00+10:00,-0.15,good
2026-08-10,Saturn,2026-08-10T03:30:00+10:00,59.11,122.52,2026-08-10T06:00:00+10:00,42.91,excellent
2026-08-10,Uranus,2026-08-10T07:00:00+10:00,41.39,72.02,2026-08-10T06:00:00+10:00,40.09,good
2026-08-10,Neptune,2026-08-10T03:00:00+10:00,62.08,132.98,2026-08-10T06:00:00+10:00,37.03,excellent
2026-08-11,Mercury,2026-08-11T11:00:00+10:00,42.47,16.21,2026-08-11T06:00:00+10:00,5.85,good
2026-08-11,Venus,2026-08-11T14:30:00+10:00,64.91,45.84,2026-08-11T18:00:00+10:00,37.05,excellent
2026-08-11,Mars,2026-08-11T08:30:00+10:00,38.83,48.59,2026-08-11T06:00:00+10:00,27.44,good
2026-08-11,Jupiter,2026-08-11T11:30:00+10:00,43.96,9.26,2026-08-11T06:00:00+10:00,0.51,good
2026-08-11,Saturn,2026-08-11T03:30:00+10:00,59.13,123.51,2026-08-11T06:00:00+10:00,42.18,excellent
2026-08-11,Uranus,2026-08-11T06:30:00+10:00,41.35,72.93,2026-08-11T06:00:00+10:00,40.3,good
2026-08-11,Neptune,2026-08-11T03:00:00+10:00,62.01,133.96,2026-08-11T06:00:00+10:00,36.22,excellent
2026-08-12,Mercury,2026-08-12T11:00:00+10:00,42.71,15.48,2026-08-12T06:00:00+10:00,5.31,good
2026-08-12,Venus,2026-08-12T14:30:00+10:00,65.41,45.86,2026-08-12T18:00:00+10:00,37.2,excellent
2026-08-12,Mars,2026-08-12T08:30:00+10:00,38.82,48.88,2026-08-12T06:00:00+10:00,27.57,good
2026-08-12,Jupiter,2026-08-12T11:00:00+10:00,44.0,9.99,2026-08-12T06:00:00+10:00,1.17,good
2026-08-12,Saturn,2026-08-12T03:30:00+10:00,59.12,124.49,2026-08-12T05:30:00+10:00,46.79,excellent
2026-08-12,Uranus,2026-08-12T06:30:00+10:00,41.4,73.87,2026-08-12T06:00:00+10:00,40.49,good
2026-08-12,Neptune,2026-08-12T02:30:00+10:00,61.94,134.91,2026-08-12T05:30:00+10:00,41.45,excellent
2026-08-13,Mercury,2026-08-13T11:00:00+10:00,42.99,14.68,2026-08-13T06:00:00+10:00,4.74,good
2026-08-13,Venus,2026-08-13T14:30:00+10:00,65.9,45.88,2026-08-13T18:00:00+10:00,37.35,excellent
2026-08-13,Mars,2026-08-13T08:30:00+10:00,38.8,49.18,2026-08-13T06:00:00+10:00,27.71,good
2026-08-13,Jupiter,2026-08-13T11:00:00+10:00,44.1,10.73,2026-08-13T06:00:00+10:00,1.82,good
2026-08-13,Saturn,2026-08-13T03:30:00+10:00,59.08,125.48,2026-08-13T05:30:00+10:00,46.11,excellent
2026-08-13,Uranus,2026-08-13T06:30:00+10:00,41.43,74.8,2026-08-13T06:00:00+10:00,40.66,good
2026-08-13,Neptune,2026-08-13T02:30:00+10:00,62.05,135.89,2026-08-13T05:30:00+10:00,40.66,excellent
2026-08-14,Mercury,2026-08-14T11:00:00+10:00,43.29,13.84,2026-08-14T06:00:00+10:00,4.15,good
2026-08-14,Venus,2026-08-14T14:30:00+10:00,66.4,45.89,2026-08-14T18:00:00+10:00,37.49,excellent
2026-08-14,Mars,2026-08-14T08:30:00+10:00,38.79,49.48,2026-08-14T06:00:00+10:00,27.85,good
2026-08-14,Jupiter,2026-08-14T11:00:00+10:00,44.2,11.47,2026-08-14T06:00:00+10:00,2.48,good
2026-08-14,Saturn,2026-08-14T03:30:00+10:00,59.01,126.46,2026-08-14T05:30:00+10:00,45.43,excellent
2026-08-14,Uranus,2026-08-14T06:30:00+10:00,41.45,75.74,2026-08-14T06:00:00+10:00,40.81,good
2026-08-14,Neptune,2026-08-14T02:30:00+10:00,62.13,136.87,2026-08-14T05:30:00+10:00,39.88,excellent
2026-08-15,Mercury,2026-08-15T11:00:00+10:00,43.62,12.95,2026-08-15T06:00:00+10:00,3.54,good
2026-08-15,Venus,2026-08-15T14:30:00+10:00,66.89,45.89,2026-08-15T18:00:00+10:00,37.62,excellent
2026-08-15,Mars,2026-08-15T08:30:00+10:00,38.78,49.78,2026-08-15T06:00:00+10:00,27.99,good
2026-08-15,Jupiter,2026-08-15T11:00:00+10:00,44.28,12.21,2026-08-15T06:00:00+10:00,3.13,good
2026-08-15,Saturn,2026-08-15T03:00:00+10:00,59.04,127.43,2026-08-15T05:30:00+10:00,44.73,excellent
2026-08-15,Uranus,2026-08-15T06:30:00+10:00,41.45,76.68,2026-08-15T06:00:00+10:00,40.95,good
2026-08-15,Neptune,2026-08-15T02:30:00+10:00,62.17,137.85,2026-08-15T05:30:00+10:00,39.08,excellent
2026-08-16,Mercury,2026-08-16T11:00:00+10:00,43.98,12.03,2026-08-16T06:00:00+10:00,2.93,good
2026-08-16,Venus,2026-08-16T14:30:00+10:00,67.38,45.89,2026-08-16T18:00:00+10:00,37.74,excellent
2026-08-16,Mars,2026-08-16T08:30:00+10:00,38.77,50.09,2026-08-16T06:00:00+10:00,28.13,good
2026-08-16,Jupiter,2026-08-16T11:00:00+10:00,44.35,12.95,2026-08-16T06:00:00+10:00,3.79,good
2026-08-16,Saturn,2026-08-16T03:00:00+10:00,59.14,128.42,2026-08-16T05:30:00+10:00,44.02,excellent
2026-08-16,Uranus,2026-08-16T06:30:00+10:00,41.43,77.62,2026-08-16T06:00:00+10:00,41.07,good
2026-08-16,Neptune,2026-08-16T02:30:00+10:00,62.19,138.83,2026-08-16T05:30:00+10:00,38.28,excellent
2026-08-17,Mercury,2026-08-17T11:00:00+10:00,44.36,11.07,2026-08-17T06:00:00+10:00,2.31,good
2026-08-17,Venus,2026-08-17T14:30:00+10:00,67.87,45.88,2026-08-17T18:00:00+10:00,37.85,excellent
2026-08-17,Mars,2026-08-17T08:30:00+10:00,38.77,50.39,2026-08-17T06:00:00+10:00,28.28,good
2026-08-17,Jupiter,2026-08-17T11:00:00+10:00,44.41,13.69,2026-08-17T06:00:00+10:00,4.44,good
2026-08-17,Saturn,2026-08-17T03:00:00+10:00,59.2,129.42,2026-08-17T05:30:00+10:00,43.3,excellent
2026-08-17,Uranus,2026-08-17T06:30:00+10:00,41.4,78.56,2026-08-17T06:00:00+10:00,41.17,good
2026-08-17,Neptune,2026-08-17T02:30:00+10:00,62.17,139.81,2026-08-17T05:30:00+10:00,37.47,excellent
2026-08-18,Mercury,2026-08-18T11:00:00+10:00,44.76,10.09,2026-08-18T06:00:00+10:00,1.7,good
2026-08-18,Venus,2026-08-18T14:30:00+10:00,68.36,45.86,2026-08-18T18:00:00+10:00,37.95,excellent
2026-08-18,Mars,2026-08-18T08:30:00+10:00,38.76,50.7,2026-08-18T06:00:00+10:00,28.43,good
2026-08-18,Jupiter,2026-08-18T11:00:00+10:00,44.45,14.44,2026-08-18T06:00:00+10:00,5.09,good
2026-08-18,Saturn,2026-08-18T03:00:00+10:00,59.24,130.41,2026-08-18T05:30:00+10:00,42.57,excellent
2026-08-18,Uranus,2026-08-18T06:30:00+10:00,41.34,79.5,2026-08-18T06:00:00+10:00,41.26,good
2026-08-18,Neptune,2026-08-18T02:30:00+10:00,62.11,140.79,2026-08-18T05:30:00+10:00,36.66,excellent
2026-08-19,Mercury,2026-08-19T11:30:00+10:00,45.32,9.08,2026-08-19T06:00:00+10:00,1.09,excellent
2026-08-19,Venus,2026-08-19T14:30:00+10:00,68.84,45.84,2026-08-19T18:00:00+10:00,38.05,excellent
2026-08-19,Mars,2026-08-19T08:30:00+10:00,38.76,51.01,2026-08-19T06:00:00+10:00,28.58,good
2026-08-19,Jupiter,2026-08-19T11:00:00+10:00,44.49,15.18,2026-08-19T06:00:00+10:00,5.75,good
2026-08-19,Saturn,2026-08-19T03:00:00+10:00,59.25,131.41,2026-08-19T05:30:00+10:00,41.84,excellent
2026-08-19,Uranus,2026-08-19T06:00:00+10:00,41.33,80.42,2026-08-19T06:00:00+10:00,41.33,good
2026-08-19,Neptune,2026-08-19T02:30:00+10:00,62.03,141.77,2026-08-19T05:30:00+10:00,35.85,excellent
2026-08-20,Mercury,2026-08-20T11:30:00+10:00,45.91,8.07,2026-08-20T05:30:00+10:00,-5.85,excellent
2026-08-20,Venus,2026-08-20T14:30:00+10:00,69.32,45.8,2026-08-20T18:00:00+10:00,38.13,excellent
2026-08-20,Mars,2026-08-20T08:30:00+10:00,38.76,51.32,2026-08-20T05:30:00+10:00,24.48,good
2026-08-20,Jupiter,2026-08-20T11:00:00+10:00,44.51,15.93,2026-08-20T05:30:00+10:00,0.23,good
2026-08-20,Saturn,2026-08-20T03:00:00+10:00,59.22,132.41,2026-08-20T05:30:00+10:00,41.09,excellent
2026-08-20,Uranus,2026-08-20T06:00:00+10:00,41.38,81.37,2026-08-20T05:30:00+10:00,40.49,good
2026-08-20,Neptune,2026-08-20T02:00:00+10:00,62.06,142.73,2026-08-20T05:30:00+10:00,35.03,excellent
2026-08-21,Mercury,2026-08-21T11:30:00+10:00,46.51,7.06,2026-08-21T05:30:00+10:00,-6.46,excellent
2026-08-21,Venus,2026-08-21T14:30:00+10:00,69.8,45.76,2026-08-21T18:00:00+10:00,38.2,excellent
2026-08-21,Mars,2026-08-21T08:30:00+10:00,38.76,51.63,2026-08-21T05:30:00+10:00,24.66,good
2026-08-21,Jupiter,2026-08-21T11:00:00+10:00,44.52,16.67,2026-08-21T05:30:00+10:00,0.89,good
2026-08-21,Saturn,2026-08-21T03:00:00+10:00,59.17,133.41,2026-08-21T05:30:00+10:00,40.34,excellent
2026-08-21,Uranus,2026-08-21T06:00:00+10:00,41.41,82.31,2026-08-21T05:30:00+10:00,40.66,good
2026-08-21,Neptune,2026-08-21T02:00:00+10:00,62.15,143.71,2026-08-21T05:30:00+10:00,34.2,excellent
2026-08-22,Mercury,2026-08-22T11:30:00+10:00,47.12,6.06,2026-08-22T05:30:00+10:00,-7.07,excellent
2026-08-22,Venus,2026-08-22T14:30:00+10:00,70.27,45.71,2026-08-22T18:00:00+10:00,38.26,excellent
2026-08-22,Mars,2026-08-22T08:30:00+10:00,38.77,51.95,2026-08-22T05:30:00+10:00,24.84,good
2026-08-22,Jupiter,2026-08-22T10:30:00+10:00,44.58,17.4,2026-08-22T05:30:00+10:00,1.56,good
2026-08-22,Saturn,2026-08-22T02:30:00+10:00,59.12,134.39,2026-08-22T05:30:00+10:00,39.57,excellent
2026-08-22,Uranus,2026-08-22T06:00:00+10:00,41.43,83.26,2026-08-22T05:30:00+10:00,40.81,good
2026-08-22,Neptune,2026-08-22T02:00:00+10:00,62.22,144.69,2026-08-22T05:30:00+10:00,33.38,excellent
2026-08-23,Mercury,2026-08-23T11:30:00+10:00,47.74,5.07,2026-08-23T05:30:00+10:00,-7.65,excellent
2026-08-23,Venus,2026-08-23T14:30:00+10:00,70.74,45.65,2026-08-23T18:00:00+10:00,38.31,excellent
2026-08-23,Mars,2026-08-23T08:30:00+10:00,38.77,52.26,2026-08-23T05:30:00+10:00,25.02,good
2026-08-23,Jupiter,2026-08-23T10:30:00+10:00,44.69,18.15,2026-08-23T05:30:00+10:00,2.22,good
2026-08-23,Saturn,2026-08-23T02:30:00+10:00,59.24,135.39,2026-08-23T05:30:00+10:00,38.8,excellent
2026-08-23,Uranus,2026-08-23T06:00:00+10:00,41.42,84.2,2026-08-23T05:30:00+10:00,40.95,good
2026-08-23,Neptune,2026-08-23T02:00:00+10:00,62.25,145.68,2026-08-23T05:30:00+10:00,32.54,excellent
2026-08-24,Mercury,2026-08-24T11:30:00+10:00,48.36,4.12,2026-08-24T05:30:00+10:00,-8.2,excellent
2026-08-24,Venus,2026-08-24T14:30:00+10:00,71.21,45.58,2026-08-24T18:00:00+10:00,38.34,excellent
2026-08-24,Mars,2026-08-24T08:30:00+10:00,38.78,52.58,2026-08-24T05:30:00+10:00,25.2,good
2026-08-24,Jupiter,2026-08-24T10:30:00+10:00,44.78,18.9,2026-08-24T05:30:00+10:00,2.88,good
2026-08-24,Saturn,2026-08-24T02:30:00+10:00,59.32,136.4,2026-08-24T05:30:00+10:00,38.02,excellent
2026-08-24,Uranus,2026-08-24T06:00:00+10:00,41.4,85.15,2026-08-24T05:30:00+10:00,41.07,good
2026-08-24,Neptune,2026-08-24T02:00:00+10:00,62.25,146.66,2026-08-24T05:30:00+10:00,31.71,excellent
2026-08-25,Mercury,2026-08-25T11:30:00+10:00,48.99,3.22,2026-08-25T05:30:00+10:00,-8.73,excellent
2026-08-25,Venus,2026-08-25T14:30:00+10:00,71.67,45.5,2026-08-25T18:00:00+10:00,38.37,excellent
2026-08-25,Mars,2026-08-25T08:00:00+10:00,38.82,52.89,2026-08-25T05:30:00+10:00,25.39,good
2026-08-25,Jupiter,2026-08-25T10:30:00+10:00,44.86,19.65,2026-08-25T05:30:00+10:00,3.54,good
2026-08-25,Saturn,2026-08-25T02:30:00+10:00,59.37,137.41,2026-08-25T05:30:00+10:00,37.24,excellent
2026-08-25,Uranus,2026-08-25T06:00:00+10:00,41.36,86.1,2026-08-25T05:30:00+10:00,41.17,good
2026-08-25,Neptune,2026-08-25T02:00:00+10:00,62.21,147.65,2026-08-25T05:30:00+10:00,30.87,excellent
2026-08-26,Mercury,2026-08-26T12:00:00+10:00,49.68,2.41,2026-08-26T18:00:00+10:00,-8.54,excellent
2026-08-26,Venus,2026-08-26T14:30:00+10:00,72.13,45.41,2026-08-26T18:00:00+10:00,38.39,excellent
2026-08-26,Mars,2026-08-26T08:00:00+10:00,38.87,53.21,2026-08-26T05:30:00+10:00,25.58,good
2026-08-26,Jupiter,2026-08-26T10:30:00+10:00,44.93,20.4,2026-08-26T05:30:00+10:00,4.21,good
2026-08-26,Saturn,2026-08-26T02:30:00+10:00,59.4,138.42,2026-08-26T05:30:00+10:00,36.44,excellent
2026-08-26,Uranus,2026-08-26T06:00:00+10:00,41.31,87.05,2026-08-26T05:30:00+10:00,41.25,good
2026-08-26,Neptune,2026-08-26T02:00:00+10:00,62.14,148.63,2026-08-26T05:30:00+10:00,30.02,excellent
2026-08-27,Mercury,2026-08-27T12:00:00+10:00,50.46,1.87,2026-08-27T18:00:00+10:00,-7.43,excellent
2026-08-27,Venus,2026-08-27T14:30:00+10:00,72.58,45.31,2026-08-27T18:00:00+10:00,38.39,excellent
2026-08-27,Mars,2026-08-27T08:00:00+10:00,38.91,53.53,2026-08-27T05:30:00+10:00,25.77,good
2026-08-27,Jupiter,2026-08-27T10:30:00+10:00,44.99,21.15,2026-08-27T05:30:00+10:00,4.87,good
2026-08-27,Saturn,2026-08-27T02:30:00+10:00,59.38,139.43,2026-08-27T05:30:00+10:00,35.64,excellent
2026-08-27,Uranus,2026-08-27T05:30:00+10:00,41.32,87.98,2026-08-27T05:30:00+10:00,41.32,good
2026-08-27,Neptune,2026-08-27T01:30:00+10:00,62.07,149.6,2026-08-27T05:30:00+10:00,29.18,excellent
2026-08-28,Mercury,2026-08-28T12:00:00+10:00,51.24,1.78,2026-08-28T18:00:00+10:00,-6.34,excellent
2026-08-28,Venus,2026-08-28T14:30:00+10:00,73.02,45.2,2026-08-28T18:00:00+10:00,38.38,excellent
2026-08-28,Mars,2026-08-28T08:00:00+10:00,38.96,53.86,2026-08-28T05:30:00+10:00,25.97,good
2026-08-28,Jupiter,2026-08-28T10:30:00+10:00,45.03,21.9,2026-08-28T05:30:00+10:00,5.53,excellent
2026-08-28,Saturn,2026-08-28T02:30:00+10:00,59.34,140.44,2026-08-28T05:30:00+10:00,34.84,excellent
2026-08-28,Uranus,2026-08-28T05:30:00+10:00,41.37,88.94,2026-08-28T05:30:00+10:00,41.37,good
2026-08-28,Neptune,2026-08-28T01:30:00+10:00,62.18,150.58,2026-08-28T05:30:00+10:00,28.33,excellent
2026-08-29,Mercury,2026-08-29T12:00:00+10:00,52.01,2.18,2026-08-29T18:00:00+10:00,-5.27,excellent
2026-08-29,Venus,2026-08-29T14:30:00+10:00,73.46,45.08,2026-08-29T18:00:00+10:00,38.35,excellent
2026-08-29,Mars,2026-08-29T08:00:00+10:00,39.02,54.18,2026-08-29T05:30:00+10:00,26.17,good
2026-08-29,Jupiter,2026-08-29T10:30:00+10:00,45.06,22.65,2026-08-29T05:30:00+10:00,6.19,excellent
2026-08-29,Saturn,2026-08-29T02:30:00+10:00,59.27,141.45,2026-08-29T05:30:00+10:00,34.03,excellent
2026-08-29,Uranus,2026-08-29T05:30:00+10:00,41.4,89.89,2026-08-29T05:30:00+10:00,41.4,good
2026-08-29,Neptune,2026-08-29T01:30:00+10:00,62.26,151.57,2026-08-29T05:30:00+10:00,27.48,excellent
2026-08-30,Mercury,2026-08-30T12:00:00+10:00,52.78,2.86,2026-08-30T18:00:00+10:00,-4.21,excellent
2026-08-30,Venus,2026-08-30T14:30:00+10:00,73.89,44.95,2026-08-30T18:00:00+10:00,38.32,excellent
2026-08-30,Mars,2026-08-30T08:00:00+10:00,39.07,54.51,2026-08-30T05:30:00+10:00,26.37,good
2026-08-30,Jupiter,2026-08-30T10:30:00+10:00,45.08,23.41,2026-08-30T05:30:00+10:00,6.85,excellent
2026-08-30,Saturn,2026-08-30T02:00:00+10:00,59.37,142.45,2026-08-30T05:30:00+10:00,33.21,excellent
2026-08-30,Uranus,2026-08-30T05:30:00+10:00,41.41,90.84,2026-08-30T05:30:00+10:00,41.41,good
2026-08-30,Neptune,2026-08-30T01:30:00+10:00,62.31,152.56,2026-08-30T05:30:00+10:00,26.62,excellent
2026-08-31,Mercury,2026-08-31T12:00:00+10:00,53.53,3.64,2026-08-31T18:00:00+10:00,-3.17,excellent
2026-08-31,Venus,2026-08-31T14:30:00+10:00,74.31,44.81,2026-08-31T18:00:00+10:00,38.27,excellent
2026-08-31,Mars,2026-08-31T08:00:00+10:00,39.12,54.84,2026-08-31T05:30:00+10:00,26.57,good
2026-08-31,Jupiter,2026-08-31T10:30:00+10:00,45.09,24.16,2026-08-31T05:30:00+10:00,7.5,excellent
2026-08-31,Saturn,2026-08-31T02:00:00+10:00,59.46,143.46,2026-08-31T05:30:00+10:00,32.38,excellent
2026-08-31,Uranus,2026-08-31T05:30:00+10:00,41.4,91.8,2026-08-31T05:30:00+10:00,41.4,good
2026-08-31,Neptune,2026-08-31T01:30:00+10:00,62.32,153.55,2026-08-31T05:30:00+10:00,25.76,excellent
2026-09-01,Mercury,2026-09-01T12:00:00+10:00,54.28,4.47,2026-09-01T18:00:00+10:00,-2.16,excellent
2026-09-01,Venus,2026-09-01T14:30:00+10:00,74.72,44.65,2026-09-01T18:00:00+10:00,38.2,excellent
2026-09-01,Mars,2026-09-01T08:00:00+10:00,39.18,55.17,2026-09-01T05:30:00+10:00,26.78,good
2026-09-01,Jupiter,2026-09-01T10:00:00+10:00,45.18,24.9,2026-09-01T05:30:00+10:00,8.16,excellent
2026-09-01,Saturn,2026-09-01T02:00:00+10:00,59.53,144.48,2026-09-01T05:30:00+10:00,31.55,excellent
2026-09-01,Uranus,2026-09-01T05:30:00+10:00,41.38,92.76,2026-09-01T05:30:00+10:00,41.38,good
2026-09-01,Neptune,2026-09-01T01:30:00+10:00,62.3,154.54,2026-09-01T05:30:00+10:00,24.9,excellent
2026-09-02,Mercury,2026-09-02T12:00:00+10:00,55.03,5.31,2026-09-02T18:00:00+10:00,-1.16,excellent
2026-09-02,Venus,2026-09-02T14:30:00+10:00,75.12,44.48,2026-09-02T18:00:00+10:00,38.13,excellent
2026-09-02,Mars,2026-09-02T08:00:00+10:00,39.24,55.51,2026-09-02T05:30:00+10:00,26.99,good
2026-09-02,Jupiter,2026-09-02T10:00:00+10:00,45.28,25.66,2026-09-02T05:30:00+10:00,8.82,excellent
2026-09-02,Saturn,2026-09-02T02:00:00+10:00,59.56,145.5,2026-09-02T05:30:00+10:00,30.72,excellent
2026-09-02,Uranus,2026-09-02T05:30:00+10:00,41.33,93.72,2026-09-02T05:30:00+10:00,41.33,good
2026-09-02,Neptune,2026-09-02T01:30:00+10:00,62.25,155.53,2026-09-02T05:30:00+10:00,24.04,excellent
2026-09-03,Mercury,2026-09-03T12:00:00+10:00,55.76,6.14,2026-09-03T18:00:00+10:00,-0.18,excellent
2026-09-03,Venus,2026-09-03T14:30:00+10:00,75.5,44.3,2026-09-03T18:00:00+10:00,38.03,excellent
2026-09-03,Mars,2026-09-03T08:00:00+10:00,39.29,55.84,2026-09-03T05:30:00+10:00,27.2,good
2026-09-03,Jupiter,2026-09-03T10:00:00+10:00,45.37,26.42,2026-09-03T05:30:00+10:00,9.47,excellent
2026-09-03,Saturn,2026-09-03T02:00:00+10:00,59.56,146.52,2026-09-03T05:30:00+10:00,29.88,excellent
2026-09-03,Uranus,2026-09-03T05:30:00+10:00,41.27,94.68,2026-09-03T05:30:00+10:00,41.27,good
2026-09-03,Neptune,2026-09-03T01:30:00+10:00,62.16,156.52,2026-09-03T05:30:00+10:00,23.18,excellent
2026-09-04,Mercury,2026-09-04T12:30:00+10:00,56.48,6.99,2026-09-04T18:00:00+10:00,0.78,excellent
2026-09-04,Venus,2026-09-04T14:30:00+10:00,75.88,44.1,2026-09-04T18:00:00+10:00,37.92,excellent
2026-09-04,Mars,2026-09-04T08:00:00+10:00,39.35,56.18,2026-09-04T05:30:00+10:00,27.41,good
2026-09-04,Jupiter,2026-09-04T10:00:00+10:00,45.45,27.18,2026-09-04T05:30:00+10:00,10.13,excellent
2026-09-04,Saturn,2026-09-04T02:00:00+10:00,59.53,147.55,2026-09-04T05:30:00+10:00,29.03,excellent
2026-09-04,Uranus,2026-09-04T05:00:00+10:00,41.32,95.62,2026-09-04T05:30:00+10:00,41.19,good
2026-09-04,Neptune,2026-09-04T01:00:00+10:00,62.2,157.49,2026-09-04T05:30:00+10:00,22.31,excellent
2026-09-05,Mercury,2026-09-05T12:30:00+10:00,57.32,7.8,2026-09-05T18:00:00+10:00,1.72,excellent
2026-09-05,Venus,2026-09-05T14:30:00+10:00,76.24,43.89,2026-09-05T18:00:00+10:00,37.8,excellent
2026-09-05,Mars,2026-09-05T08:00:00+10:00,39.41,56.52,2026-09-05T05:30:00+10:00,27.63,good
2026-09-05,Jupiter,2026-09-05T10:00:00+10:00,45.51,27.94,2026-09-05T05:30:00+10:00,10.78,excellent
2026-09-05,Saturn,2026-09-05T02:00:00+10:00,59.47,148.57,2026-09-05T05:30:00+10:00,28.18,excellent
2026-09-05,Uranus,2026-09-05T05:00:00+10:00,41.37,96.58,2026-09-05T05:30:00+10:00,41.1,good
2026-09-05,Neptune,2026-09-05T01:00:00+10:00,62.3,158.48,2026-09-05T05:30:00+10:00,21.44,excellent
2026-09-06,Mercury,2026-09-06T12:30:00+10:00,58.16,8.6,2026-09-06T18:00:00+10:00,2.64,excellent
2026-09-06,Venus,2026-09-06T14:30:00+10:00,76.58,43.66,2026-09-06T18:00:00+10:00,37.66,excellent
2026-09-06,Mars,2026-09-06T08:00:00+10:00,39.47,56.86,2026-09-06T05:30:00+10:00,27.85,good
2026-09-06,Jupiter,2026-09-06T10:00:00+10:00,45.57,28.7,2026-09-06T05:30:00+10:00,11.44,excellent
2026-09-06,Saturn,2026-09-06T01:30:00+10:00,59.52,149.58,2026-09-06T05:30:00+10:00,27.32,excellent
2026-09-06,Uranus,2026-09-06T05:00:00+10:00,41.39,97.55,2026-09-06T05:30:00+10:00,40.98,good
2026-09-06,Neptune,2026-09-06T01:00:00+10:00,62.37,159.47,2026-09-06T05:30:00+10:00,20.57,excellent
2026-09-07,Mercury,2026-09-07T12:30:00+10:00,58.98,9.38,2026-09-07T18:00:00+10:00,3.54,excellent
2026-09-07,Venus,2026-09-07T14:30:00+10:00,76.91,43.42,2026-09-07T18:00:00+10:00,37.51,excellent
2026-09-07,Mars,2026-09-07T08:00:00+10:00,39.54,57.21,2026-09-07T05:30:00+10:00,28.07,good
2026-09-07,Jupiter,2026-09-07T10:00:00+10:00,45.61,29.47,2026-09-07T05:30:00+10:00,12.09,excellent
2026-09-07,Saturn,2026-09-07T01:30:00+10:00,59.63,150.6,2026-09-07T05:30:00+10:00,26.47,excellent
2026-09-07,Uranus,2026-09-07T05:00:00+10:00,41.4,98.52,2026-09-07T05:30:00+10:00,40.85,good
2026-09-07,Neptune,2026-09-07T01:00:00+10:00,62.4,160.47,2026-09-07T05:30:00+10:00,19.7,excellent
2026-09-08,Mercury,2026-09-08T12:30:00+10:00,59.79,10.15,2026-09-08T18:00:00+10:00,4.41,excellent
2026-09-08,Venus,2026-09-08T14:30:00+10:00,77.22,43.16,2026-09-08T18:00:00+10:00,37.34,excellent
2026-09-08,Mars,2026-09-08T08:00:00+10:00,39.6,57.55,2026-09-08T05:30:00+10:00,28.3,good
2026-09-08,Jupiter,2026-09-08T10:00:00+10:00,45.63,30.23,2026-09-08T05:30:00+10:00,12.74,excellent
2026-09-08,Saturn,2026-09-08T01:30:00+10:00,59.7,151.63,2026-09-08T05:30:00+10:00,25.6,excellent
2026-09-08,Uranus,2026-09-08T05:00:00+10:00,41.39,99.48,2026-09-08T05:30:00+10:00,40.7,good
2026-09-08,Neptune,2026-09-08T01:00:00+10:00,62.39,161.46,2026-09-08T05:30:00+10:00,18.82,excellent
2026-09-09,Mercury,2026-09-09T12:30:00+10:00,60.59,10.9,2026-09-09T18:00:00+10:00,5.27,excellent
2026-09-09,Venus,2026-09-09T14:30:00+10:00,77.5,42.89,2026-09-09T18:00:00+10:00,37.15,excellent
2026-09-09,Mars,2026-09-09T08:00:00+10:00,39.66,57.9,2026-09-09T05:30:00+10:00,28.53,good
2026-09-09,Jupiter,2026-09-09T10:00:00+10:00,45.65,31.0,2026-09-09T05:30:00+10:00,13.39,excellent
2026-09-09,Saturn,2026-09-09T01:30:00+10:00,59.75,152.66,2026-09-09T05:30:00+10:00,24.73,excellent
2026-09-09,Uranus,2026-09-09T05:00:00+10:00,41.36,100.45,2026-09-09T05:30:00+10:00,40.53,good
2026-09-09,Neptune,2026-09-09T01:00:00+10:00,62.35,162.45,2026-09-09T05:30:00+10:00,17.94,excellent
2026-09-10,Mercury,2026-09-10T12:30:00+10:00,61.38,11.63,2026-09-10T18:00:00+10:00,6.11,excellent
2026-09-10,Venus,2026-09-10T14:30:00+10:00,77.76,42.6,2026-09-10T18:00:00+10:00,36.94,excellent
2026-09-10,Mars,2026-09-10T08:00:00+10:00,39.73,58.25,2026-09-10T05:30:00+10:00,28.76,good
2026-09-10,Jupiter,2026-09-10T09:30:00+10:00,45.66,31.75,2026-09-10T05:30:00+10:00,14.04,excellent
2026-09-10,Saturn,2026-09-10T01:30:00+10:00,59.76,153.69,2026-09-10T05:30:00+10:00,23.86,excellent
2026-09-10,Uranus,2026-09-10T05:00:00+10:00,41.31,101.42,2026-09-10T05:30:00+10:00,40.34,good
2026-09-10,Neptune,2026-09-10T01:00:00+10:00,62.28,163.45,2026-09-10T05:30:00+10:00,17.07,excellent
2026-09-11,Mercury,2026-09-11T12:30:00+10:00,62.15,12.34,2026-09-11T18:00:00+10:00,6.93,excellent
2026-09-11,Venus,2026-09-11T14:00:00+10:00,78.11,42.3,2026-09-11T18:00:00+10:00,36.71,excellent
2026-09-11,Mars,2026-09-11T08:00:00+10:00,39.79,58.6,2026-09-11T05:30:00+10:00,28.99,good
2026-09-11,Jupiter,2026-09-11T09:30:00+10:00,45.77,32.52,2026-09-11T05:30:00+10:00,14.68,excellent
2026-09-11,Saturn,2026-09-11T01:30:00+10:00,59.74,154.73,2026-09-11T05:30:00+10:00,22.99,excellent
2026-09-11,Uranus,2026-09-11T04:30:00+10:00,41.28,102.37,2026-09-11T05:30:00+10:00,40.13,good
2026-09-11,Neptune,2026-09-11T00:30:00+10:00,62.23,164.42,2026-09-11T05:30:00+10:00,16.19,excellent
2026-09-12,Mercury,2026-09-12T12:30:00+10:00,62.91,13.04,2026-09-12T18:00:00+10:00,7.73,excellent
2026-09-12,Venus,2026-09-12T14:00:00+10:00,78.55,41.97,2026-09-12T18:00:00+10:00,36.47,excellent
2026-09-12,Mars,2026-09-12T08:00:00+10:00,39.85,58.96,2026-09-12T05:30:00+10:00,29.22,good
2026-09-12,Jupiter,2026-09-12T09:30:00+10:00,45.87,33.29,2026-09-12T05:30:00+10:00,15.33,excellent
2026-09-12,Saturn,2026-09-12T01:30:00+10:00,59.68,155.76,2026-09-12T05:00:00+10:00,28.46,excellent
2026-09-12,Uranus,2026-09-12T04:30:00+10:00,41.34,103.35,2026-09-12T05:00:00+10:00,41.16,good
2026-09-12,Neptune,2026-09-12T00:30:00+10:00,62.34,165.42,2026-09-12T05:00:00+10:00,21.87,excellent
2026-09-13,Mercury,2026-09-13T12:30:00+10:00,63.65,13.71,2026-09-13T18:00:00+10:00,8.51,excellent
2026-09-13,Venus,2026-09-13T14:00:00+10:00,78.97,41.62,2026-09-13T18:00:00+10:00,36.2,excellent
2026-09-13,Mars,2026-09-13T08:00:00+10:00,39.92,59.32,2026-09-13T05:30:00+10:00,29.46,good
2026-09-13,Jupiter,2026-09-13T09:30:00+10:00,45.96,34.07,2026-09-13T05:30:00+10:00,15.97,excellent
2026-09-13,Saturn,2026-09-13T01:00:00+10:00,59.69,156.77,2026-09-13T05:00:00+10:00,27.6,excellent
2026-09-13,Uranus,2026-09-13T04:30:00+10:00,41.37,104.32,2026-09-13T05:00:00+10:00,41.05,good
2026-09-13,Neptune,2026-09-13T00:30:00+10:00,62.42,166.41,2026-09-13T05:00:00+10:00,21.0,excellent
2026-09-14,Mercury,2026-09-14T12:30:00+10:00,64.38,14.37,2026-09-14T18:00:00+10:00,9.28,excellent
2026-09-14,Venus,2026-09-14T14:00:00+10:00,79.38,41.26,2026-09-14T18:00:00+10:00,35.92,excellent
2026-09-14,Mars,2026-09-14T08:00:00+10:00,39.98,59.67,2026-09-14T05:30:00+10:00,29.7,good
2026-09-14,Jupiter,2026-09-14T09:30:00+10:00,46.03,34.84,2026-09-14T05:30:00+10:00,16.62,excellent
2026-09-14,Saturn,2026-09-14T01:00:00+10:00,59.81,157.81,2026-09-14T05:00:00+10:00,26.74,excellent
2026-09-14,Uranus,2026-09-14T04:30:00+10:00,41.4,105.3,2026-09-14T05:00:00+10:00,40.93,good
2026-09-14,Neptune,2026-09-14T00:30:00+10:00,62.47,167.41,2026-09-14T05:00:00+10:00,20.13,excellent
2026-09-15,Mercury,2026-09-15T12:30:00+10:00,65.1,15.01,2026-09-15T18:00:00+10:00,10.02,excellent
2026-09-15,Venus,2026-09-15T14:00:00+10:00,79.78,40.87,2026-09-15T18:00:00+10:00,35.61,excellent
2026-09-15,Mars,2026-09-15T08:00:00+10:00,40.05,60.04,2026-09-15T05:30:00+10:00,29.95,good
2026-09-15,Jupiter,2026-09-15T09:30:00+10:00,46.09,35.61,2026-09-15T05:30:00+10:00,17.26,excellent
2026-09-15,Saturn,2026-09-15T01:00:00+10:00,59.89,158.84,2026-09-15T05:00:00+10:00,25.87,excellent
2026-09-15,Uranus,2026-09-15T04:30:00+10:00,41.4,106.27,2026-09-15T05:00:00+10:00,40.79,good
2026-09-15,Neptune,2026-09-15T00:30:00+10:00,62.48,168.4,2026-09-15T05:00:00+10:00,19.25,excellent
2026-09-16,Mercury,2026-09-16T12:30:00+10:00,65.79,15.64,2026-09-16T18:00:00+10:00,10.75,excellent
2026-09-16,Venus,2026-09-16T14:00:00+10:00,80.15,40.46,2026-09-16T18:00:00+10:00,35.28,excellent
2026-09-16,Mars,2026-09-16T08:00:00+10:00,40.11,60.4,2026-09-16T05:30:00+10:00,30.19,good
2026-09-16,Jupiter,2026-09-16T09:30:00+10:00,46.14,36.39,2026-09-16T05:30:00+10:00,17.9,excellent
2026-09-16,Saturn,2026-09-16T01:00:00+10:00,59.95,159.88,2026-09-16T05:00:00+10:00,25.0,excellent
2026-09-16,Uranus,2026-09-16T04:30:00+10:00,41.38,107.25,2026-09-16T05:00:00+10:00,40.63,good
2026-09-16,Neptune,2026-09-16T00:30:00+10:00,62.46,169.39,2026-09-16T05:00:00+10:00,18.38,excellent
2026-09-17,Mercury,2026-09-17T12:30:00+10:00,66.48,16.25,2026-09-17T18:00:00+10:00,11.46,excellent
2026-09-17,Venus,2026-09-17T14:00:00+10:00,80.49,40.03,2026-09-17T18:00:00+10:00,34.93,excellent
2026-09-17,Mars,2026-09-17T08:00:00+10:00,40.18,60.76,2026-09-17T05:00:00+10:00,26.16,good
2026-09-17,Jupiter,2026-09-17T09:30:00+10:00,46.17,37.17,2026-09-17T05:00:00+10:00,12.67,excellent
2026-09-17,Saturn,2026-09-17T01:00:00+10:00,59.97,160.91,2026-09-17T05:00:00+10:00,24.12,excellent
2026-09-17,Uranus,2026-09-17T04:30:00+10:00,41.34,108.23,2026-09-17T05:00:00+10:00,40.46,good
2026-09-17,Neptune,2026-09-17T00:30:00+10:00,62.4,170.38,2026-09-17T05:00:00+10:00,17.5,excellent
2026-09-18,Mercury,2026-09-18T12:30:00+10:00,67.15,16.84,2026-09-18T18:00:00+10:00,12.16,excellent
2026-09-18,Venus,2026-09-18T14:00:00+10:00,80.81,39.58,2026-09-18T18:00:00+10:00,34.56,excellent
2026-09-18,Mars,2026-09-18T07:30:00+10:00,40.27,61.12,2026-09-18T05:00:00+10:00,26.43,good
2026-09-18,Jupiter,2026-09-18T09:30:00+10:00,46.19,37.95,2026-09-18T05:00:00+10:00,13.33,excellent
2026-09-18,Saturn,2026-09-18T01:00:00+10:00,59.95,161.95,2026-09-18T05:00:00+10:00,23.25,excellent
2026-09-18,Uranus,2026-09-18T04:30:00+10:00,41.29,109.21,2026-09-18T05:00:00+10:00,40.26,good
2026-09-18,Neptune,2026-09-18T00:30:00+10:00,62.31,171.38,2026-09-18T05:00:00+10:00,16.62,excellent
2026-09-19,Mercury,2026-09-19T13:00:00+10:00,67.86,17.43,2026-09-19T18:00:00+10:00,12.83,excellent
2026-09-19,Venus,2026-09-19T14:00:00+10:00,81.08,39.1,2026-09-19T18:00:00+10:00,34.16,excellent
2026-09-19,Mars,2026-09-19T07:30:00+10:00,40.38,61.49,2026-09-19T05:00:00+10:00,26.7,good
2026-09-19,Jupiter,2026-09-19T09:30:00+10:00,46.2,38.73,2026-09-19T05:00:00+10:00,13.99,excellent
2026-09-19,Saturn,2026-09-19T01:00:00+10:00,59.9,162.99,2026-09-19T05:00:00+10:00,22.36,excellent
2026-09-19,Uranus,2026-09-19T04:00:00+10:00,41.31,110.17,2026-09-19T05:00:00+10:00,40.05,good
2026-09-19,Neptune,2026-09-19T00:00:00+10:00,62.38,172.34,2026-09-19T05:00:00+10:00,15.74,excellent
2026-09-20,Mercury,2026-09-20T13:00:00+10:00,68.61,17.98,2026-09-20T18:00:00+10:00,13.49,excellent
2026-09-20,Venus,2026-09-20T14:00:00+10:00,81.31,38.6,2026-09-20T18:00:00+10:00,33.73,excellent
2026-09-20,Mars,2026-09-20T07:30:00+10:00,40.49,61.87,2026-09-20T05:00:00+10:00,26.98,good
2026-09-20,Jupiter,2026-09-20T09:00:00+10:00,46.26,39.5,2026-09-20T05:00:00+10:00,14.65,excellent
2026-09-20,Saturn,2026-09-20T00:30:00+10:00,59.88,164.0,2026-09-20T05:00:00+10:00,21.48,excellent
2026-09-20,Uranus,2026-09-20T04:00:00+10:00,41.36,111.16,2026-09-20T05:00:00+10:00,39.82,good
2026-09-20,Neptune,2026-09-20T00:00:00+10:00,62.47,173.33,2026-09-20T05:00:00+10:00,14.85,excellent
2026-09-21,Mercury,2026-09-21T13:00:00+10:00,69.35,18.52,2026-09-21T18:00:00+10:00,14.13,excellent
2026-09-21,Venus,2026-09-21T14:00:00+10:00,81.49,38.07,2026-09-21T18:00:00+10:00,33.28,excellent
2026-09-21,Mars,2026-09-21T07:30:00+10:00,40.6,62.24,2026-09-21T05:00:00+10:00,27.26,good
2026-09-21,Jupiter,2026-09-21T09:00:00+10:00,46.37,40.28,2026-09-21T05:00:00+10:00,15.31,excellent
2026-09-21,Saturn,2026-09-21T00:30:00+10:00,60.0,165.03,2026-09-21T05:00:00+10:00,20.59,excellent
2026-09-21,Uranus,2026-09-21T04:00:00+10:00,41.39,112.14,2026-09-21T05:00:00+10:00,39.58,good
2026-09-21,Neptune,2026-09-21T00:00:00+10:00,62.53,174.3,2026-09-21T05:00:00+10:00,13.97,excellent
2026-09-22,Mercury,2026-09-22T13:00:00+10:00,70.08,19.04,2026-09-22T18:00:00+10:00,14.76,excellent
2026-09-22,Venus,2026-09-22T14:00:00+10:00,81.62,37.51,2026-09-22T18:00:00+10:00,32.8,excellent
2026-09-22,Mars,2026-09-22T07:30:00+10:00,40.72,62.62,2026-09-22T05:00:00+10:00,27.54,good
2026-09-22,Jupiter,2026-09-22T09:00:00+10:00,46.46,41.07,2026-09-22T05:00:00+10:00,15.96,excellent
2026-09-22,Saturn,2026-09-22T00:30:00+10:00,60.1,166.07,2026-09-22T05:00:00+10:00,19.7,excellent
2026-09-22,Uranus,2026-09-22T04:00:00+10:00,41.41,113.13,2026-09-22T05:00:00+10:00,39.31,good
2026-09-22,Neptune,2026-09-22T00:00:00+10:00,62.56,175.27,2026-09-22T05:00:00+10:00,13.09,excellent
2026-09-23,Mercury,2026-09-23T13:00:00+10:00,70.79,19.55,2026-09-23T18:00:00+10:00,15.36,excellent
2026-09-23,Venus,2026-09-23T14:00:00+10:00,81.67,36.93,2026-09-23T18:00:00+10:00,32.29,excellent
2026-09-23,Mars,2026-09-23T07:30:00+10:00,40.83,63.0,2026-09-23T05:00:00+10:00,27.82,good
2026-09-23,Jupiter,2026-09-23T09:00:00+10:00,46.54,41.86,2026-09-23T05:00:00+10:00,16.62,excellent
2026-09-23,Saturn,2026-09-23T00:30:00+10:00,60.16,167.1,2026-09-23T05:00:00+10:00,18.8,excellent
2026-09-23,Uranus,2026-09-23T04:00:00+10:00,41.4,114.12,2026-09-23T05:00:00+10:00,39.03,good
2026-09-23,Neptune,2026-09-23T00:00:00+10:00,62.55,176.22,2026-09-23T05:00:00+10:00,12.2,excellent
2026-09-24,Mercury,2026-09-24T13:00:00+10:00,71.49,20.04,2026-09-24T18:00:00+10:00,15.95,excellent
2026-09-24,Venus,2026-09-24T14:00:00+10:00,81.66,36.31,2026-09-24T18:00:00+10:00,31.76,excellent
2026-09-24,Mars,2026-09-24T07:30:00+10:00,40.94,63.38,2026-09-24T05:00:00+10:00,28.1,good
2026-09-24,Jupiter,2026-09-24T09:00:00+10:00,46.6,42.65,2026-09-24T05:00:00+10:00,17.27,excellent
2026-09-24,Saturn,2026-09-24T00:30:00+10:00,60.18,168.12,2026-09-24T05:00:00+10:00,17.9,excellent
2026-09-24,Uranus,2026-09-24T04:00:00+10:00,41.38,115.11,2026-09-24T05:00:00+10:00,38.74,good
2026-09-24,Neptune,2026-09-24T00:00:00+10:00,62.51,177.12,2026-09-24T05:00:00+10:00,11.32,excellent
2026-09-25,Mercury,2026-09-25T13:00:00+10:00,72.17,20.51,2026-09-25T18:00:00+10:00,16.53,excellent
2026-09-25,Venus,2026-09-25T13:30:00+10:00,81.98,35.68,2026-09-25T18:00:00+10:00,31.19,excellent
2026-09-25,Mars,2026-09-25T07:30:00+10:00,41.05,63.76,2026-09-25T05:00:00+10:00,28.39,good
2026-09-25,Jupiter,2026-09-25T09:00:00+10:00,46.65,43.44,2026-09-25T05:00:00+10:00,17.92,excellent
2026-09-25,Saturn,2026-09-25T00:30:00+10:00,60.17,169.15,2026-09-25T05:00:00+10:00,17.0,excellent
2026-09-25,Uranus,2026-09-25T04:00:00+10:00,41.33,116.1,2026-09-25T05:00:00+10:00,38.42,good
2026-09-25,Neptune,2026-09-25T00:00:00+10:00,62.44,177.94,2026-09-25T05:00:00+10:00,10.43,excellent
2026-09-26,Mercury,2026-09-26T13:00:00+10:00,72.84,20.96,2026-09-26T18:30:00+10:00,10.46,excellent
2026-09-26,Venus,2026-09-26T13:30:00+10:00,82.39,35.01,2026-09-26T18:30:00+10:00,24.03,excellent
2026-09-26,Mars,2026-09-26T07:30:00+10:00,41.16,64.15,2026-09-26T05:00:00+10:00,28.68,good
2026-09-26,Jupiter,2026-09-26T09:00:00+10:00,46.69,44.23,2026-09-26T05:00:00+10:00,18.57,excellent
2026-09-26,Saturn,2026-09-26T00:30:00+10:00,60.13,170.17,2026-09-26T05:00:00+10:00,16.1,excellent
2026-09-26,Uranus,2026-09-26T03:30:00+10:00,41.28,117.07,2026-09-26T05:00:00+10:00,38.09,good
2026-09-26,Neptune,2026-09-26T23:30:00+10:00,62.52,178.5,2026-09-26T18:30:00+10:00,11.0,excellent
2026-09-27,Mercury,2026-09-27T13:00:00+10:00,73.49,21.4,2026-09-27T18:30:00+10:00,11.01,excellent
2026-09-27,Venus,2026-09-27T13:30:00+10:00,82.75,34.31,2026-09-27T18:30:00+10:00,23.41,excellent
2026-09-27,Mars,2026-09-27T07:30:00+10:00,41.27,64.54,2026-09-27T05:00:00+10:00,28.97,good
2026-09-27,Jupiter,2026-09-27T09:00:00+10:00,46.71,45.02,2026-09-27T05:00:00+10:00,19.22,excellent
2026-09-27,Saturn,2026-09-27T00:00:00+10:00,60.08,171.16,2026-09-27T05:00:00+10:00,15.2,excellent
2026-09-27,Uranus,2026-09-27T03:30:00+10:00,41.35,118.06,2026-09-27T05:00:00+10:00,37.75,good
2026-09-27,Neptune,2026-09-27T23:30:00+10:00,62.59,177.93,2026-09-27T18:30:00+10:00,11.89,excellent
2026-09-28,Mercury,2026-09-28T13:00:00+10:00,74.12,21.81,2026-09-28T18:30:00+10:00,11.53,excellent
2026-09-28,Venus,2026-09-28T13:30:00+10:00,83.04,33.57,2026-09-28T18:30:00+10:00,22.76,excellent
2026-09-28,Mars,2026-09-28T07:30:00+10:00,41.38,64.93,2026-09-28T05:00:00+10:00,29.27,good
2026-09-28,Jupiter,2026-09-28T09:00:00+10:00,46.72,45.82,2026-09-28T05:00:00+10:00,19.87,excellent
2026-09-28,Saturn,2026-09-28T00:00:00+10:00,60.21,172.16,2026-09-28T05:00:00+10:00,14.29,excellent
2026-09-28,Uranus,2026-09-28T03:30:00+10:00,41.39,119.05,2026-09-28T05:00:00+10:00,37.38,good
2026-09-28,Neptune,2026-09-28T23:30:00+10:00,62.63,177.11,2026-09-28T18:30:00+10:00,12.79,excellent
2026-09-29,Mercury,2026-09-29T13:00:00+10:00,74.74,22.21,2026-09-29T18:30:00+10:00,12.04,excellent
2026-09-29,Venus,2026-09-29T13:30:00+10:00,83.23,32.8,2026-09-29T18:30:00+10:00,22.07,excellent
2026-09-29,Mars,2026-09-29T07:30:00+10:00,41.49,65.32,2026-09-29T05:00:00+10:00,29.57,good
2026-09-29,Jupiter,2026-09-29T08:30:00+10:00,46.74,46.6,2026-09-29T05:00:00+10:00,20.51,excellent
2026-09-29,Saturn,2026-09-29T00:00:00+10:00,60.31,173.14,2026-09-29T05:00:00+10:00,13.38,excellent
2026-09-29,Uranus,2026-09-29T03:30:00+10:00,41.42,120.05,2026-09-29T05:00:00+10:00,37.01,good
2026-09-29,Neptune,2026-09-29T23:30:00+10:00,62.64,176.2,2026-09-29T18:30:00+10:00,13.68,excellent
2026-09-30,Mercury,2026-09-30T13:00:00+10:00,75.34,22.59,2026-09-30T18:30:00+10:00,12.52,excellent
2026-09-30,Venus,2026-09-30T13:30:00+10:00,83.32,31.99,2026-09-30T18:30:00+10:00,21.35,excellent
2026-09-30,Mars,2026-09-30T07:30:00+10:00,41.6,65.72,2026-09-30T05:00:00+10:00,29.87,good
2026-09-30,Jupiter,2026-09-30T08:30:00+10:00,46.85,47.4,2026-09-30T05:00:00+10:00,21.15,excellent
2026-09-30,Saturn,2026-09-30T00:00:00+10:00,60.37,174.1,2026-09-30T05:00:00+10:00,12.47,excellent
2026-09-30,Uranus,2026-09-30T03:30:00+10:00,41.42,121.05,2026-09-30T05:00:00+10:00,36.61,good
2026-09-30,Neptune,2026-09-30T23:30:00+10:00,62.62,175.25,2026-09-30T18:30:00+10:00,14.58,excellent
2026-10-01,Mercury,2026-10-01T13:00:00+10:00,75.92,22.95,2026-10-01T18:30:00+10:00,12.99,excellent
2026-10-01,Venus,2026-10-01T13:30:00+10:00,83.28,31.15,2026-10-01T18:30:00+10:00,20.6,excellent
2026-10-01,Mars,2026-10-01T07:30:00+10:00,41.7,66.11,2026-10-01T05:00:00+10:00,30.17,good
2026-10-01,Jupiter,2026-10-01T08:30:00+10:00,46.94,48.21,2026-10-01T05:00:00+10:00,21.79,excellent
2026-10-01,Saturn,2026-10-01T00:00:00+10:00,60.4,175.01,2026-10-01T05:00:00+10:00,11.56,excellent
2026-10-01,Uranus,2026-10-01T03:30:00+10:00,41.41,122.04,2026-10-01T05:00:00+10:00,36.21,good
2026-10-01,Neptune,2026-10-01T23:30:00+10:00,62.56,174.28,2026-10-01T18:30:00+10:00,15.47,excellent
2026-10-02,Mercury,2026-10-02T13:00:00+10:00,76.48,23.28,2026-10-02T18:30:00+10:00,13.44,excellent
2026-10-02,Venus,2026-10-02T13:30:00+10:00,83.12,30.28,2026-10-02T18:30:00+10:00,19.81,excellent
2026-10-02,Mars,2026-10-02T07:30:00+10:00,41.81,66.51,2026-10-02T05:00:00+10:00,30.47,good
2026-10-02,Jupiter,2026-10-02T08:30:00+10:00,47.02,49.01,2026-10-02T05:00:00+10:00,22.43,excellent
2026-10-02,Saturn,2026-10-02T00:00:00+10:00,60.39,175.86,2026-10-02T05:00:00+10:00,10.65,excellent
2026-10-02,Uranus,2026-10-02T03:30:00+10:00,41.38,123.04,2026-10-02T05:00:00+10:00,35.79,good
2026-10-02,Neptune,2026-10-02T23:30:00+10:00,62.46,173.29,2026-10-02T18:30:00+10:00,16.37,excellent
2026-10-03,Mercury,2026-10-03T13:00:00+10:00,77.02,23.6,2026-10-03T18:30:00+10:00,13.86,excellent
2026-10-03,Venus,2026-10-03T13:30:00+10:00,82.81,29.37,2026-10-03T18:30:00+10:00,18.99,excellent
2026-10-03,Mars,2026-10-03T07:30:00+10:00,41.91,66.92,2026-10-03T05:00:00+10:00,30.78,good
2026-10-03,Jupiter,2026-10-03T08:30:00+10:00,47.09,49.82,2026-10-03T05:00:00+10:00,23.07,excellent
2026-10-03,Saturn,2026-10-03T00:00:00+10:00,60.35,176.59,2026-10-03T05:00:00+10:00,9.73,excellent
2026-10-03,Uranus,2026-10-03T03:30:00+10:00,41.32,124.04,2026-10-03T05:00:00+10:00,35.35,good
2026-10-03,Neptune,2026-10-03T23:00:00+10:00,62.55,172.32,2026-10-03T18:30:00+10:00,17.26,excellent
2026-10-04,Mercury,2026-10-04T13:00:00+10:00,77.55,23.89,2026-10-04T18:30:00+10:00,14.27,excellent
2026-10-04,Venus,2026-10-04T13:00:00+10:00,83.25,28.44,2026-10-04T18:30:00+10:00,18.12,excellent
2026-10-04,Mars,2026-10-04T07:30:00+10:00,42.01,67.32,2026-10-04T05:00:00+10:00,31.09,good
2026-10-04,Jupiter,2026-10-04T08:30:00+10:00,47.14,50.62,2026-10-04T05:00:00+10:00,23.71,excellent
2026-10-04,Saturn,2026-10-04T23:30:00+10:00,60.41,177.28,2026-10-04T18:30:00+10:00,9.77,excellent
2026-10-04,Uranus,2026-10-04T03:00:00+10:00,41.34,125.03,2026-10-04T05:00:00+10:00,34.9,good
2026-10-04,Neptune,2026-10-04T23:00:00+10:00,62.64,171.33,2026-10-04T18:30:00+10:00,18.15,excellent
2026-10-05,Mercury,2026-10-05T13:00:00+10:00,78.06,24.15,2026-10-05T18:30:00+10:00,14.65,excellent
2026-10-05,Venus,2026-10-05T13:00:00+10:00,83.59,27.46,2026-10-05T18:30:00+10:00,17.22,excellent
2026-10-05,Mars,2026-10-05T07:30:00+10:00,42.12,67.73,2026-10-05T05:00:00+10:00,31.4,good
2026-10-05,Jupiter,2026-10-05T08:30:00+10:00,47.18,51.44,2026-10-05T05:00:00+10:00,24.34,excellent
2026-10-05,Saturn,2026-10-05T23:30:00+10:00,60.52,177.07,2026-10-05T18:30:00+10:00,10.71,excellent
2026-10-05,Uranus,2026-10-05T03:00:00+10:00,41.39,126.03,2026-10-05T05:00:00+10:00,34.44,good
2026-10-05,Neptune,2026-10-05T23:00:00+10:00,62.7,170.33,2026-10-05T18:30:00+10:00,19.04,excellent
2026-10-06,Mercury,2026-10-06T13:00:00+10:00,78.55,24.39,2026-10-06T18:30:00+10:00,15.0,excellent
2026-10-06,Venus,2026-10-06T13:00:00+10:00,83.78,26.44,2026-10-06T18:30:00+10:00,16.29,excellent
2026-10-06,Mars,2026-10-06T07:30:00+10:00,42.21,68.14,2026-10-06T05:00:00+10:00,31.71,good
2026-10-06,Jupiter,2026-10-06T08:30:00+10:00,47.2,52.25,2026-10-06T05:00:00+10:00,24.97,excellent
2026-10-06,Saturn,2026-10-06T23:30:00+10:00,60.59,176.52,2026-10-06T18:30:00+10:00,11.65,excellent
2026-10-06,Uranus,2026-10-06T03:00:00+10:00,41.43,127.03,2026-10-06T05:00:00+10:00,33.96,good
2026-10-06,Neptune,2026-10-06T23:00:00+10:00,62.72,169.32,2026-10-06T18:30:00+10:00,19.92,excellent
2026-10-07,Mercury,2026-10-07T13:00:00+10:00,79.02,24.6,2026-10-07T18:30:00+10:00,15.33,excellent
2026-10-07,Venus,2026-10-07T13:00:00+10:00,83.78,25.39,2026-10-07T18:30:00+10:00,15.31,excellent
2026-10-07,Mars,2026-10-07T07:30:00+10:00,42.31,68.56,2026-10-07T05:00:00+10:00,32.02,good
2026-10-07,Jupiter,2026-10-07T08:30:00+10:00,47.21,53.06,2026-10-07T05:00:00+10:00,25.6,excellent
2026-10-07,Saturn,2026-10-07T23:30:00+10:00,60.62,175.78,2026-10-07T18:30:00+10:00,12.6,excellent
2026-10-07,Uranus,2026-10-07T03:00:00+10:00,41.45,128.04,2026-10-07T05:00:00+10:00,33.47,good
2026-10-07,Neptune,2026-10-07T23:00:00+10:00,62.71,168.32,2026-10-07T18:30:00+10:00,20.81,excellent
2026-10-08,Mercury,2026-10-08T13:00:00+10:00,79.47,24.78,2026-10-08T18:30:00+10:00,15.63,excellent
2026-10-08,Venus,2026-10-08T13:00:00+10:00,83.59,24.3,2026-10-08T18:30:00+10:00,14.3,excellent
2026-10-08,Mars,2026-10-08T07:30:00+10:00,42.41,68.98,2026-10-08T05:00:00+10:00,32.34,good
2026-10-08,Jupiter,2026-10-08T08:30:00+10:00,47.2,53.88,2026-10-08T05:00:00+10:00,26.22,excellent
2026-10-08,Saturn,2026-10-08T23:30:00+10:00,60.61,174.92,2026-10-08T18:30:00+10:00,13.54,excellent
2026-10-08,Uranus,2026-10-08T03:00:00+10:00,41.44,129.05,2026-10-08T04:30:00+10:00,36.43,good
2026-10-08,Neptune,2026-10-08T23:00:00+10:00,62.67,167.31,2026-10-08T18:30:00+10:00,21.69,excellent
2026-10-09,Mercury,2026-10-09T13:00:00+10:00,79.9,24.93,2026-10-09T18:30:00+10:00,15.89,excellent
2026-10-09,Venus,2026-10-09T13:00:00+10:00,83.2,23.18,2026-10-09T18:30:00+10:00,13.25,excellent
2026-10-09,Mars,2026-10-09T07:00:00+10:00,42.55,69.39,2026-10-09T05:00:00+10:00,32.65,good
2026-10-09,Jupiter,2026-10-09T08:00:00+10:00,47.3,54.68,2026-10-09T05:00:00+10:00,26.84,excellent
2026-10-09,Saturn,2026-10-09T23:30:00+10:00,60.58,173.99,2026-10-09T18:30:00+10:00,14.48,excellent
2026-10-09,Uranus,2026-10-09T03:00:00+10:00,41.42,130.06,2026-10-09T04:30:00+10:00,36.01,good
2026-10-09,Neptune,2026-10-09T23:00:00+10:00,62.59,166.3,2026-10-09T18:30:00+10:00,22.57,excellent
2026-10-10,Mercury,2026-10-10T13:00:00+10:00,80.31,25.05,2026-10-10T18:30:00+10:00,16.13,excellent
2026-10-10,Venus,2026-10-10T12:30:00+10:00,82.97,22.04,2026-10-10T18:30:00+10:00,12.16,excellent
2026-10-10,Mars,2026-10-10T07:00:00+10:00,42.7,69.81,2026-10-10T05:00:00+10:00,32.97,good
2026-10-10,Jupiter,2026-10-10T08:00:00+10:00,47.4,55.5,2026-10-10T05:00:00+10:00,27.46,excellent
2026-10-10,Saturn,2026-10-10T23:30:00+10:00,60.5,173.02,2026-10-10T18:30:00+10:00,15.42,excellent
2026-10-10,Uranus,2026-10-10T03:00:00+10:00,41.38,131.07,2026-10-10T04:30:00+10:00,35.58,good
2026-10-10,Neptune,2026-10-10T22:30:00+10:00,62.58,165.31,2026-10-10T18:30:00+10:00,23.45,excellent
2026-10-11,Mercury,2026-10-11T13:00:00+10:00,80.71,25.12,2026-10-11T18:30:00+10:00,16.32,excellent
2026-10-11,Venus,2026-10-11T12:30:00+10:00,83.31,20.86,2026-10-11T18:30:00+10:00,11.03,excellent
2026-10-11,Mars,2026-10-11T07:00:00+10:00,42.85,70.24,2026-10-11T05:00:00+10:00,33.29,good
2026-10-11,Jupiter,2026-10-11T08:00:00+10:00,47.48,56.33,2026-10-11T05:00:00+10:00,28.08,excellent
2026-10-11,Saturn,2026-10-11T23:00:00+10:00,60.62,172.05,2026-10-11T18:30:00+10:00,16.35,excellent
2026-10-11,Uranus,2026-10-11T02:30:00+10:00,41.33,132.06,2026-10-11T04:30:00+10:00,35.13,good
2026-10-11,Neptune,2026-10-11T22:30:00+10:00,62.69,164.3,2026-10-11T18:30:00+10:00,24.33,excellent
2026-10-12,Mercury,2026-10-12T13:00:00+10:00,81.08,25.16,2026-10-12T18:30:00+10:00,16.48,excellent
2026-10-12,Venus,2026-10-12T12:30:00+10:00,83.44,19.64,2026-10-12T18:30:00+10:00,9.87,excellent
2026-10-12,Mars,2026-10-12T07:00:00+10:00,42.99,70.67,2026-10-12T05:00:00+10:00,33.62,good
2026-10-12,Jupiter,2026-10-12T08:00:00+10:00,47.55,57.15,2026-10-12T05:00:00+10:00,28.69,excellent
2026-10-12,Saturn,2026-10-12T23:00:00+10:00,60.72,171.04,2026-10-12T18:30:00+10:00,17.29,excellent
2026-10-12,Uranus,2026-10-12T02:30:00+10:00,41.4,133.07,2026-10-12T04:30:00+10:00,34.68,good
2026-10-12,Neptune,2026-10-12T22:30:00+10:00,62.76,163.29,2026-10-12T18:30:00+10:00,25.21,excellent
2026-10-13,Mercury,2026-10-13T13:00:00+10:00,81.44,25.15,2026-10-13T18:30:00+10:00,16.59,excellent
2026-10-13,Venus,2026-10-13T12:30:00+10:00,83.32,18.4,2026-10-13T18:30:00+10:00,8.68,excellent
2026-10-13,Mars,2026-10-13T07:00:00+10:00,43.14,71.1,2026-10-13T05:00:00+10:00,33.94,good
2026-10-13,Jupiter,2026-10-13T08:00:00+10:00,47.6,57.98,2026-10-13T05:00:00+10:00,29.3,excellent
2026-10-13,Saturn,2026-10-13T23:00:00+10:00,60.79,170.02,2026-10-13T18:30:00+10:00,18.22,excellent
2026-10-13,Uranus,2026-10-13T02:30:00+10:00,41.45,134.09,2026-10-13T04:30:00+10:00,34.2,good
2026-10-13,Neptune,2026-10-13T22:30:00+10:00,62.8,162.28,2026-10-13T18:30:00+10:00,26.08,excellent
2026-10-14,Mercury,2026-10-14T13:00:00+10:00,81.79,25.09,2026-10-14T18:30:00+10:00,16.65,excellent
2026-10-14,Venus,2026-10-14T12:30:00+10:00,82.96,17.13,2026-10-14T18:30:00+10:00,7.45,excellent
2026-10-14,Mars,2026-10-14T07:00:00+10:00,43.28,71.53,2026-10-14T04:30:00+10:00,29.99,good
2026-10-14,Jupiter,2026-10-14T08:00:00+10:00,47.64,58.81,2026-10-14T04:30:00+10:00,24.54,excellent
2026-10-14,Saturn,2026-10-14T23:00:00+10:00,60.83,168.99,2026-10-14T18:30:00+10:00,19.15,excellent
2026-10-14,Uranus,2026-10-14T02:30:00+10:00,41.47,135.1,2026-10-14T04:30:00+10:00,33.72,good
2026-10-14,Neptune,2026-10-14T22:30:00+10:00,62.8,161.26,2026-10-14T18:30:00+10:00,26.95,excellent
2026-10-15,Mercury,2026-10-15T13:00:00+10:00,82.11,24.98,2026-10-15T18:30:00+10:00,16.66,excellent
2026-10-15,Venus,2026-10-15T12:30:00+10:00,82.37,15.85,2026-10-15T18:30:00+10:00,6.18,excellent
2026-10-15,Mars,2026-10-15T07:00:00+10:00,43.42,71.97,2026-10-15T04:30:00+10:00,30.34,good
2026-10-15,Jupiter,2026-10-15T08:00:00+10:00,47.66,59.65,2026-10-15T04:30:00+10:00,25.18,excellent
2026-10-15,Saturn,2026-10-15T23:00:00+10:00,60.83,167.95,2026-10-15T18:30:00+10:00,20.08,excellent
2026-10-15,Uranus,2026-10-15T02:30:00+10:00,41.48,136.12,2026-10-15T04:30:00+10:00,33.22,good
2026-10-15,Neptune,2026-10-15T22:30:00+10:00,62.77,160.25,2026-10-15T18:30:00+10:00,27.82,excellent
2026-10-16,Mercury,2026-10-16T13:00:00+10:00,82.41,24.81,2026-10-16T18:30:00+10:00,16.61,excellent
2026-10-16,Venus,2026-10-16T12:00:00+10:00,82.36,14.59,2026-10-16T18:30:00+10:00,4.89,excellent
2026-10-16,Mars,2026-10-16T07:00:00+10:00,43.55,72.41,2026-10-16T04:30:00+10:00,30.69,good
2026-10-16,Jupiter,2026-10-16T08:00:00+10:00,47.66,60.48,2026-10-16T04:30:00+10:00,25.82,excellent
2026-10-16,Saturn,2026-10-16T23:00:00+10:00,60.79,166.91,2026-10-16T18:30:00+10:00,21.0,excellent
2026-10-16,Uranus,2026-10-16T02:30:00+10:00,41.46,137.14,2026-10-16T04:30:00+10:00,32.71,good
2026-10-16,Neptune,2026-10-16T22:30:00+10:00,62.7,159.24,2026-10-16T18:30:00+10:00,28.69,excellent
2026-10-17,Mercury,2026-10-17T13:00:00+10:00,82.69,24.57,2026-10-17T18:30:00+10:00,16.49,excellent
2026-10-17,Venus,2026-10-17T12:00:00+10:00,82.47,13.3,2026-10-17T18:30:00+10:00,3.57,excellent
2026-10-17,Mars,2026-10-17T07:00:00+10:00,43.69,72.85,2026-10-17T04:30:00+10:00,31.05,good
2026-10-17,Jupiter,2026-10-17T08:00:00+10:00,47.65,61.32,2026-10-17T04:30:00+10:00,26.46,excellent
2026-10-17,Saturn,2026-10-17T23:00:00+10:00,60.72,165.86,2026-10-17T18:30:00+10:00,21.93,excellent
2026-10-17,Uranus,2026-10-17T02:30:00+10:00,41.43,138.16,2026-10-17T04:30:00+10:00,32.18,good
2026-10-17,Neptune,2026-10-17T22:30:00+10:00,62.6,158.22,2026-10-17T18:30:00+10:00,29.55,excellent
2026-10-18,Mercury,2026-10-18T13:00:00+10:00,82.94,24.26,2026-10-18T18:30:00+10:00,16.31,excellent
2026-10-18,Venus,2026-10-18T12:00:00+10:00,82.31,12.03,2026-10-18T18:30:00+10:00,2.22,excellent
2026-10-18,Mars,2026-10-18T07:00:00+10:00,43.82,73.3,2026-10-18T04:30:00+10:00,31.41,good
2026-10-18,Jupiter,2026-10-18T07:30:00+10:00,47.74,62.14,2026-10-18T04:30:00+10:00,27.09,excellent
2026-10-18,Saturn,2026-10-18T22:30:00+10:00,60.81,164.84,2026-10-18T18:30:00+10:00,22.85,excellent
2026-10-18,Uranus,2026-10-18T02:30:00+10:00,41.38,139.18,2026-10-18T04:30:00+10:00,31.65,good
2026-10-18,Neptune,2026-10-18T22:00:00+10:00,62.72,157.23,2026-10-18T18:30:00+10:00,30.41,excellent
2026-10-19,Mercury,2026-10-19T13:00:00+10:00,83.14,23.88,2026-10-19T18:30:00+10:00,16.04,excellent
2026-10-19,Venus,2026-10-19T12:00:00+10:00,81.89,10.79,2026-10-19T18:30:00+10:00,0.86,excellent
2026-10-19,Mars,2026-10-19T07:00:00+10:00,43.95,73.75,2026-10-19T04:30:00+10:00,31.76,good
2026-10-19,Jupiter,2026-10-19T07:30:00+10:00,47.83,62.99,2026-10-19T04:30:00+10:00,27.72,excellent
2026-10-19,Saturn,2026-10-19T22:30:00+10:00,60.92,163.79,2026-10-19T18:30:00+10:00,23.77,excellent
2026-10-19,Uranus,2026-10-19T02:00:00+10:00,41.41,140.18,2026-10-19T04:30:00+10:00,31.1,good
2026-10-19,Neptune,2026-10-19T22:00:00+10:00,62.81,156.21,2026-10-19T18:30:00+10:00,31.27,excellent
2026-10-20,Mercury,2026-10-20T13:00:00+10:00,83.3,23.4,2026-10-20T18:30:00+10:00,15.69,excellent
2026-10-20,Venus,2026-10-20T12:00:00+10:00,81.24,9.6,2026-10-20T18:30:00+10:00,-0.53,excellent
2026-10-20,Mars,2026-10-20T07:00:00+10:00,44.07,74.2,2026-10-20T04:30:00+10:00,32.12,good
2026-10-20,Jupiter,2026-10-20T07:30:00+10:00,47.91,63.83,2026-10-20T04:30:00+10:00,28.35,excellent
2026-10-20,Saturn,2026-10-20T22:30:00+10:00,60.99,162.73,2026-10-20T18:30:00+10:00,24.68,excellent
2026-10-20,Uranus,2026-10-20T02:00:00+10:00,41.46,141.2,2026-10-20T04:30:00+10:00,30.54,good
2026-10-20,Neptune,2026-10-20T22:00:00+10:00,62.86,155.19,2026-10-20T18:30:00+10:00,32.13,excellent
2026-10-21,Mercury,2026-10-21T13:00:00+10:00,83.38,22.84,2026-10-21T18:30:00+10:00,15.24,excellent
2026-10-21,Venus,2026-10-21T11:30:00+10:00,81.02,8.54,2026-10-21T18:30:00+10:00,-1.94,excellent
2026-10-21,Mars,2026-10-21T07:00:00+10:00,44.19,74.66,2026-10-21T04:30:00+10:00,32.49,good
2026-10-21,Jupiter,2026-10-21T07:30:00+10:00,47.97,64.68,2026-10-21T04:30:00+10:00,28.97,excellent
2026-10-21,Saturn,2026-10-21T22:30:00+10:00,61.03,161.68,2026-10-21T18:30:00+10:00,25.59,excellent
2026-10-21,Uranus,2026-10-21T02:00:00+10:00,41.5,142.23,2026-10-21T04:30:00+10:00,29.97,good
2026-10-21,Neptune,2026-10-21T22:00:00+10:00,62.88,154.18,2026-10-21T18:30:00+10:00,32.98,excellent
2026-10-22,Mercury,2026-10-22T13:00:00+10:00,83.36,22.16,2026-10-22T18:30:00+10:00,14.68,excellent
2026-10-22,Venus,2026-10-22T11:30:00+10:00,81.0,7.62,2026-10-22T18:30:00+10:00,-3.35,excellent
2026-10-22,Mars,2026-10-22T07:00:00+10:00,44.31,75.12,2026-10-22T04:30:00+10:00,32.85,good
2026-10-22,Jupiter,2026-10-22T07:30:00+10:00,48.02,65.53,2026-10-22T04:30:00+10:00,29.59,excellent
2026-10-22,Saturn,2026-10-22T22:30:00+10:00,61.03,160.62,2026-10-22T18:30:00+10:00,26.5,excellent
2026-10-22,Uranus,2026-10-22T02:00:00+10:00,41.52,143.25,2026-10-22T04:30:00+10:00,29.39,good
2026-10-22,Neptune,2026-10-22T22:00:00+10:00,62.86,153.16,2026-10-22T18:30:00+10:00,33.83,excellent
2026-10-23,Mercury,2026-10-23T13:00:00+10:00,83.22,21.38,2026-10-23T18:30:00+10:00,14.02,excellent
2026-10-23,Venus,2026-10-23T11:30:00+10:00,80.73,6.92,2026-10-23T04:30:00+10:00,-4.4,excellent
2026-10-23,Mars,2026-10-23T07:00:00+10:00,44.42,75.58,2026-10-23T04:30:00+10:00,33.21,good
2026-10-23,Jupiter,2026-10-23T07:30:00+10:00,48.05,66.38,2026-10-23T04:30:00+10:00,30.21,excellent
2026-10-23,Saturn,2026-10-23T22:30:00+10:00,60.99,159.57,2026-10-23T18:30:00+10:00,27.41,excellent
2026-10-23,Uranus,2026-10-23T02:00:00+10:00,41.51,144.28,2026-10-23T04:30:00+10:00,28.8,good
2026-10-23,Neptune,2026-10-23T22:00:00+10:00,62.81,152.14,2026-10-23T18:30:00+10:00,34.67,excellent
2026-10-24,Mercury,2026-10-24T13:00:00+10:00,82.92,20.47,2026-10-24T18:30:00+10:00,13.22,excellent
2026-10-24,Venus,2026-10-24T11:30:00+10:00,80.24,6.53,2026-10-24T04:30:00+10:00,-3.35,excellent
2026-10-24,Mars,2026-10-24T07:00:00+10:00,44.53,76.05,2026-10-24T04:30:00+10:00,33.58,good
2026-10-24,Jupiter,2026-10-24T07:30:00+10:00,48.06,67.23,2026-10-24T04:30:00+10:00,30.82,excellent
2026-10-24,Saturn,2026-10-24T22:30:00+10:00,60.93,158.51,2026-10-24T18:30:00+10:00,28.31,excellent
2026-10-24,Uranus,2026-10-24T02:00:00+10:00,41.49,145.3,2026-10-24T04:30:00+10:00,28.2,good
2026-10-24,Neptune,2026-10-24T22:00:00+10:00,62.72,151.13,2026-10-24T18:30:00+10:00,35.51,excellent
2026-10-25,Mercury,2026-10-25T12:30:00+10:00,82.52,19.45,2026-10-25T18:30:00+10:00,12.3,excellent
2026-10-25,Venus,2026-10-25T11:30:00+10:00,79.55,6.52,2026-10-25T04:30:00+10:00,-2.28,excellent
2026-10-25,Mars,2026-10-25T07:00:00+10:00,44.64,76.52,2026-10-25T04:30:00+10:00,33.95,good
2026-10-25,Jupiter,2026-10-25T07:30:00+10:00,48.06,68.09,2026-10-25T04:30:00+10:00,31.43,excellent
2026-10-25,Saturn,2026-10-25T22:00:00+10:00,60.98,157.48,2026-10-25T18:30:00+10:00,29.21,excellent
2026-10-25,Uranus,2026-10-25T02:00:00+10:00,41.44,146.33,2026-10-25T04:30:00+10:00,27.58,good
2026-10-25,Neptune,2026-10-25T21:30:00+10:00,62.74,150.13,2026-10-25T18:30:00+10:00,36.35,excellent
2026-10-26,Mercury,2026-10-26T12:30:00+10:00,82.77,18.27,2026-10-26T18:30:00+10:00,11.23,excellent
2026-10-26,Venus,2026-10-26T11:00:00+10:00,79.27,6.88,2026-10-26T04:30:00+10:00,-1.22,excellent
2026-10-26,Mars,2026-10-26T06:30:00+10:00,44.75,76.98,2026-10-26T04:30:00+10:00,34.31,good
2026-10-26,Jupiter,2026-10-26T07:30:00+10:00,48.04,68.95,2026-10-26T04:30:00+10:00,32.04,excellent
2026-10-26,Saturn,2026-10-26T22:00:00+10:00,61.09,156.42,2026-10-26T18:30:00+10:00,30.1,excellent
2026-10-26,Uranus,2026-10-26T01:30:00+10:00,41.42,147.34,2026-10-26T04:30:00+10:00,26.96,good
2026-10-26,Neptune,2026-10-26T21:30:00+10:00,62.84,149.11,2026-10-26T18:30:00+10:00,37.18,excellent
2026-10-27,Mercury,2026-10-27T12:30:00+10:00,82.83,16.95,2026-10-27T18:30:00+10:00,10.01,excellent
2026-10-27,Venus,2026-10-27T11:00:00+10:00,79.12,7.56,2026-10-27T04:30:00+10:00,-0.17,excellent
2026-10-27,Mars,2026-10-27T06:30:00+10:00,44.92,77.46,2026-10-27T04:30:00+10:00,34.68,good
2026-10-27,Jupiter,2026-10-27T07:00:00+10:00,48.13,69.8,2026-10-27T04:30:00+10:00,32.64,excellent
2026-10-27,Saturn,2026-10-27T22:00:00+10:00,61.17,155.36,2026-10-27T18:30:00+10:00,30.99,excellent
2026-10-27,Uranus,2026-10-27T01:30:00+10:00,41.49,148.37,2026-10-27T04:30:00+10:00,26.33,good
2026-10-27,Neptune,2026-10-27T21:30:00+10:00,62.91,148.09,2026-10-27T18:30:00+10:00,38.0,excellent
2026-10-28,Mercury,2026-10-28T12:30:00+10:00,82.62,15.46,2026-10-28T18:30:00+10:00,8.64,excellent
2026-10-28,Venus,2026-10-28T11:00:00+10:00,78.78,8.48,2026-10-28T04:30:00+10:00,0.89,excellent
2026-10-28,Mars,2026-10-28T06:30:00+10:00,45.09,77.93,2026-10-28T04:30:00+10:00,35.05,excellent
2026-10-28,Jupiter,2026-10-28T07:00:00+10:00,48.22,70.66,2026-10-28T04:30:00+10:00,33.23,excellent
2026-10-28,Saturn,2026-10-28T22:00:00+10:00,61.21,154.3,2026-10-28T18:30:00+10:00,31.88,excellent
2026-10-28,Uranus,2026-10-28T01:30:00+10:00,41.53,149.4,2026-10-28T04:30:00+10:00,25.69,good
2026-10-28,Neptune,2026-10-28T21:30:00+10:00,62.94,147.07,2026-10-28T18:30:00+10:00,38.83,excellent
2026-10-29,Mercury,2026-10-29T12:30:00+10:00,82.1,13.82,2026-10-29T18:30:00+10:00,7.11,excellent
2026-10-29,Venus,2026-10-29T11:00:00+10:00,78.28,9.56,2026-10-29T04:30:00+10:00,1.93,excellent
2026-10-29,Mars,2026-10-29T06:30:00+10:00,45.25,78.42,2026-10-29T04:30:00+10:00,35.42,excellent
2026-10-29,Jupiter,2026-10-29T07:00:00+10:00,48.3,71.53,2026-10-29T04:30:00+10:00,33.82,excellent
2026-10-29,Saturn,2026-10-29T22:00:00+10:00,61.21,153.25,2026-10-29T18:30:00+10:00,32.76,excellent
2026-10-29,Uranus,2026-10-29T01:30:00+10:00,41.55,150.43,2026-10-29T04:30:00+10:00,25.04,good
2026-10-29,Neptune,2026-10-29T21:30:00+10:00,62.94,146.06,2026-10-29T18:30:00+10:00,39.64,excellent
2026-10-30,Mercury,2026-10-30T12:30:00+10:00,81.23,12.03,2026-10-30T18:30:00+10:00,5.43,excellent
2026-10-30,Venus,2026-10-30T11:00:00+10:00,77.63,10.75,2026-10-30T04:30:00+10:00,2.96,excellent
2026-10-30,Mars,2026-10-30T06:30:00+10:00,45.41,78.9,2026-10-30T04:30:00+10:00,35.79,excellent
2026-10-30,Jupiter,2026-10-30T07:00:00+10:00,48.35,72.4,2026-10-30T04:30:00+10:00,34.4,excellent
2026-10-30,Saturn,2026-10-30T22:00:00+10:00,61.18,152.19,2026-10-30T18:30:00+10:00,33.63,excellent
2026-10-30,Uranus,2026-10-30T01:30:00+10:00,41.56,151.47,2026-10-30T04:30:00+10:00,24.38,good
2026-10-30,Neptune,2026-10-30T21:30:00+10:00,62.9,145.04,2026-10-30T18:30:00+10:00,40.46,excellent
2026-10-31,Mercury,2026-10-31T12:00:00+10:00,81.08,10.13,2026-10-31T18:30:00+10:00,3.61,excellent
2026-10-31,Venus,2026-10-31T10:30:00+10:00,77.23,11.98,2026-10-31T04:30:00+10:00,3.98,excellent
2026-10-31,Mars,2026-10-31T06:30:00+10:00,45.56,79.39,2026-10-31T04:30:00+10:00,36.16,excellent
2026-10-31,Jupiter,2026-10-31T07:00:00+10:00,48.39,73.27,2026-10-31T04:30:00+10:00,34.98,excellent
2026-10-31,Saturn,2026-10-31T22:00:00+10:00,61.11,151.13,2026-10-31T18:30:00+10:00,34.5,excellent
2026-10-31,Uranus,2026-10-31T01:30:00+10:00,41.54,152.5,2026-10-31T04:30:00+10:00,23.72,good
2026-10-31,Neptune,2026-10-31T21:30:00+10:00,62.83,144.02,2026-10-31T18:30:00+10:00,41.26,excellent
2026-11-01,Mercury,2026-11-01T12:00:00+10:00,80.75,8.05,2026-11-01T18:30:00+10:00,1.66,excellent
2026-11-01,Venus,2026-11-01T10:30:00+10:00,77.05,13.27,2026-11-01T04:30:00+10:00,4.99,excellent
2026-11-01,Mars,2026-11-01T06:30:00+10:00,45.71,79.89,2026-11-01T04:30:00+10:00,36.54,excellent
2026-11-01,Jupiter,2026-11-01T07:00:00+10:00,48.41,74.15,2026-11-01T04:30:00+10:00,35.56,excellent
2026-11-01,Saturn,2026-11-01T21:30:00+10:00,61.13,150.09,2026-11-01T19:00:00+10:00,41.35,excellent
2026-11-01,Uranus,2026-11-01T01:30:00+10:00,41.51,153.53,2026-11-01T04:30:00+10:00,23.04,good
2026-11-01,Neptune,2026-11-01T21:00:00+10:00,62.74,143.02,2026-11-01T19:00:00+10:00,47.81,excellent
2026-11-02,Mercury,2026-11-02T12:00:00+10:00,79.98,5.87,2026-11-02T18:30:00+10:00,-0.39,excellent
2026-11-02,Venus,2026-11-02T10:30:00+10:00,76.74,14.58,2026-11-02T04:30:00+10:00,5.98,excellent
2026-11-02,Mars,2026-11-02T06:30:00+10:00,45.85,80.38,2026-11-02T04:30:00+10:00,36.91,excellent
2026-11-02,Jupiter,2026-11-02T07:00:00+10:00,48.41,75.03,2026-11-02T04:30:00+10:00,36.12,excellent
2026-11-02,Saturn,2026-11-02T21:30:00+10:00,61.24,149.04,2026-11-02T19:00:00+10:00,42.16,excellent
2026-11-02,Uranus,2026-11-02T01:30:00+10:00,41.45,154.57,2026-11-02T04:30:00+10:00,22.36,good
2026-11-02,Neptune,2026-11-02T21:00:00+10:00,62.86,142.0,2026-11-02T19:00:00+10:00,48.55,excellent
2026-11-03,Mercury,2026-11-03T11:30:00+10:00,78.94,3.65,2026-11-03T18:30:00+10:00,-2.52,excellent
2026-11-03,Venus,2026-11-03T10:30:00+10:00,76.32,15.89,2026-11-03T04:30:00+10:00,6.95,excellent
2026-11-03,Mars,2026-11-03T06:30:00+10:00,45.99,80.89,2026-11-03T04:30:00+10:00,37.28,excellent
2026-11-03,Jupiter,2026-11-03T07:00:00+10:00,48.4,75.91,2026-11-03T04:30:00+10:00,36.68,excellent
2026-11-03,Saturn,2026-11-03T21:30:00+10:00,61.32,147.98,2026-11-03T19:00:00+10:00,42.97,excellent
2026-11-03,Uranus,2026-11-03T01:00:00+10:00,41.51,155.59,2026-11-03T04:30:00+10:00,21.67,good
2026-11-03,Neptune,2026-11-03T21:00:00+10:00,62.94,140.98,2026-11-03T19:00:00+10:00,49.27,excellent
2026-11-04,Mercury,2026-11-04T11:30:00+10:00,78.66,1.36,2026-11-04T18:30:00+10:00,-4.68,excellent
2026-11-04,Venus,2026-11-04T10:30:00+10:00,75.81,17.2,2026-11-04T04:30:00+10:00,7.9,excellent
2026-11-04,Mars,2026-11-04T06:30:00+10:00,46.12,81.39,2026-11-04T04:30:00+10:00,37.66,excellent
2026-11-04,Jupiter,2026-11-04T06:30:00+10:00,48.39,76.78,2026-11-04T04:30:00+10:00,37.24,excellent
2026-11-04,Saturn,2026-11-04T21:30:00+10:00,61.36,146.92,2026-11-04T19:00:00+10:00,43.77,excellent
2026-11-04,Uranus,2026-11-04T01:00:00+10:00,41.57,156.63,2026-11-04T04:30:00+10:00,20.97,good
2026-11-04,Neptune,2026-11-04T21:00:00+10:00,62.99,139.96,2026-11-04T19:00:00+10:00,49.99,excellent
2026-11-05,Mercury,2026-11-05T11:30:00+10:00,77.99,1.09,2026-11-05T04:30:00+10:00,-5.42,excellent
2026-11-05,Venus,2026-11-05T10:30:00+10:00,75.22,18.49,2026-11-05T04:30:00+10:00,8.83,excellent
2026-11-05,Mars,2026-11-05T06:30:00+10:00,46.25,81.9,2026-11-05T04:30:00+10:00,38.03,excellent
2026-11-05,Jupiter,2026-11-05T06:30:00+10:00,48.49,77.67,2026-11-05T04:30:00+10:00,37.79,excellent
2026-11-05,Saturn,2026-11-05T21:30:00+10:00,61.37,145.87,2026-11-05T19:00:00+10:00,44.57,excellent
2026-11-05,Uranus,2026-11-05T01:00:00+10:00,41.6,157.67,2026-11-05T04:30:00+10:00,20.27,good
2026-11-05,Neptune,2026-11-05T21:00:00+10:00,63.0,138.93,2026-11-05T19:00:00+10:00,50.7,excellent
2026-11-06,Mercury,2026-11-06T11:30:00+10:00,77.01,3.34,2026-11-06T04:30:00+10:00,-4.0,excellent
2026-11-06,Venus,2026-11-06T10:00:00+10:00,75.01,19.73,2026-11-06T04:30:00+10:00,9.74,excellent
2026-11-06,Mars,2026-11-06T06:30:00+10:00,46.37,82.41,2026-11-06T04:30:00+10:00,38.4,excellent
2026-11-06,Jupiter,2026-11-06T06:30:00+10:00,48.57,78.56,2026-11-06T04:30:00+10:00,38.33,excellent
2026-11-06,Saturn,2026-11-06T21:30:00+10:00,61.35,144.81,2026-11-06T19:00:00+10:00,45.35,excellent
2026-11-06,Uranus,2026-11-06T01:00:00+10:00,41.61,158.71,2026-11-06T04:00:00+10:00,24.64,good
2026-11-06,Neptune,2026-11-06T21:00:00+10:00,62.98,137.91,2026-11-06T19:00:00+10:00,51.4,excellent
2026-11-07,Mercury,2026-11-07T11:00:00+10:00,76.38,5.52,2026-11-07T04:30:00+10:00,-2.6,excellent
2026-11-07,Venus,2026-11-07T10:00:00+10:00,74.82,20.98,2026-11-07T04:30:00+10:00,10.63,excellent
2026-11-07,Mars,2026-11-07T06:30:00+10:00,46.49,82.93,2026-11-07T04:30:00+10:00,38.77,excellent
2026-11-07,Jupiter,2026-11-07T06:30:00+10:00,48.63,79.45,2026-11-07T04:30:00+10:00,38.86,excellent
2026-11-07,Saturn,2026-11-07T21:30:00+10:00,61.28,143.75,2026-11-07T19:00:00+10:00,46.12,excellent
2026-11-07,Uranus,2026-11-07T01:00:00+10:00,41.6,159.75,2026-11-07T04:00:00+10:00,23.98,good
2026-11-07,Neptune,2026-11-07T21:00:00+10:00,62.93,136.89,2026-11-07T19:00:00+10:00,52.09,excellent
2026-11-08,Mercury,2026-11-08T11:00:00+10:00,75.94,7.64,2026-11-08T04:30:00+10:00,-1.24,excellent
2026-11-08,Venus,2026-11-08T10:00:00+10:00,74.55,22.2,2026-11-08T04:30:00+10:00,11.49,excellent
2026-11-08,Mars,2026-11-08T06:30:00+10:00,46.59,83.45,2026-11-08T04:30:00+10:00,39.15,excellent
2026-11-08,Jupiter,2026-11-08T06:30:00+10:00,48.67,80.35,2026-11-08T04:30:00+10:00,39.38,excellent
2026-11-08,Saturn,2026-11-08T21:00:00+10:00,61.24,142.72,2026-11-08T19:00:00+10:00,46.89,excellent
2026-11-08,Uranus,2026-11-08T01:00:00+10:00,41.57,160.79,2026-11-08T04:00:00+10:00,23.3,good
2026-11-08,Neptune,2026-11-08T21:00:00+10:00,62.84,135.87,2026-11-08T19:00:00+10:00,52.76,excellent
2026-11-09,Mercury,2026-11-09T11:00:00+10:00,75.32,9.62,2026-11-09T04:30:00+10:00,0.05,excellent
2026-11-09,Venus,2026-11-09T10:00:00+10:00,74.23,23.39,2026-11-09T04:30:00+10:00,12.33,excellent
2026-11-09,Mars,2026-11-09T06:30:00+10:00,46.7,83.98,2026-11-09T04:30:00+10:00,39.52,excellent
2026-11-09,Jupiter,2026-11-09T06:30:00+10:00,48.7,81.25,2026-11-09T04:30:00+10:00,39.9,excellent
2026-11-09,Saturn,2026-11-09T21:00:00+10:00,61.36,141.67,2026-11-09T19:00:00+10:00,47.64,excellent
2026-11-09,Uranus,2026-11-09T01:00:00+10:00,41.52,161.83,2026-11-09T04:00:00+10:00,22.62,good
2026-11-09,Neptune,2026-11-09T20:30:00+10:00,62.85,134.87,2026-11-09T19:00:00+10:00,53.42,excellent
2026-11-10,Mercury,2026-11-10T11:00:00+10:00,74.63,11.43,2026-11-10T04:30:00+10:00,1.27,excellent
2026-11-10,Venus,2026-11-10T10:00:00+10:00,73.86,24.54,2026-11-10T04:30:00+10:00,13.14,excellent
2026-11-10,Mars,2026-11-10T06:30:00+10:00,46.79,84.51,2026-11-10T04:30:00+10:00,39.89,excellent
2026-11-10,Jupiter,2026-11-10T06:30:00+10:00,48.7,82.16,2026-11-10T04:30:00+10:00,40.4,excellent
2026-11-10,Saturn,2026-11-10T21:00:00+10:00,61.44,140.61,2026-11-10T19:00:00+10:00,48.38,excellent
2026-11-10,Uranus,2026-11-10T00:30:00+10:00,41.54,162.85,2026-11-10T04:00:00+10:00,21.93,good
2026-11-10,Neptune,2026-11-10T20:30:00+10:00,62.95,133.85,2026-11-10T19:00:00+10:00,54.07,excellent
2026-11-11,Mercury,2026-11-11T10:30:00+10:00,74.14,13.02,2026-11-11T04:30:00+10:00,2.38,excellent
2026-11-11,Venus,2026-11-11T10:00:00+10:00,73.46,25.66,2026-11-11T04:30:00+10:00,13.94,excellent
2026-11-11,Mars,2026-11-11T06:00:00+10:00,46.95,85.03,2026-11-11T04:30:00+10:00,40.26,excellent
2026-11-11,Jupiter,2026-11-11T06:30:00+10:00,48.69,83.06,2026-11-11T04:30:00+10:00,40.9,excellent
2026-11-11,Saturn,2026-11-11T21:00:00+10:00,61.49,139.56,2026-11-11T19:00:00+10:00,49.11,excellent
2026-11-11,Uranus,2026-11-11T00:30:00+10:00,41.6,163.9,2026-11-11T04:00:00+10:00,21.24,good
2026-11-11,Neptune,2026-11-11T20:30:00+10:00,63.02,132.83,2026-11-11T19:00:00+10:00,54.7,excellent
2026-11-12,Mercury,2026-11-12T10:30:00+10:00,74.0,14.45,2026-11-12T04:30:00+10:00,3.4,excellent
2026-11-12,Venus,2026-11-12T10:00:00+10:00,73.03,26.74,2026-11-12T04:30:00+10:00,14.7,excellent
2026-11-12,Mars,2026-11-12T06:00:00+10:00,47.11,85.57,2026-11-12T04:30:00+10:00,40.63,excellent
2026-11-12,Jupiter,2026-11-12T06:30:00+10:00,48.65,83.97,2026-11-12T04:30:00+10:00,41.39,excellent
2026-11-12,Saturn,2026-11-12T21:00:00+10:00,61.51,138.51,2026-11-12T19:00:00+10:00,49.82,excellent
2026-11-12,Uranus,2026-11-12T00:30:00+10:00,41.64,164.94,2026-11-12T04:00:00+10:00,20.53,good
2026-11-12,Neptune,2026-11-12T20:30:00+10:00,63.05,131.8,2026-11-12T19:00:00+10:00,55.31,excellent
2026-11-13,Mercury,2026-11-13T10:30:00+10:00,73.85,15.69,2026-11-13T04:30:00+10:00,4.3,excellent
2026-11-13,Venus,2026-11-13T09:30:00+10:00,72.95,27.77,2026-11-13T04:30:00+10:00,15.44,excellent
2026-11-13,Mars,2026-11-13T06:00:00+10:00,47.28,86.12,2026-11-13T04:30:00+10:00,40.99,excellent
2026-11-13,Jupiter,2026-11-13T06:00:00+10:00,48.71,84.87,2026-11-13T04:30:00+10:00,41.87,excellent
2026-11-13,Saturn,2026-11-13T21:00:00+10:00,61.48,137.46,2026-11-13T19:00:00+10:00,50.53,excellent
2026-11-13,Uranus,2026-11-13T00:30:00+10:00,41.66,165.99,2026-11-13T04:00:00+10:00,19.82,good
2026-11-13,Neptune,2026-11-13T20:30:00+10:00,63.04,130.78,2026-11-13T19:00:00+10:00,55.91,excellent
2026-11-14,Mercury,2026-11-14T10:30:00+10:00,73.72,16.73,2026-11-14T04:30:00+10:00,5.11,excellent
2026-11-14,Venus,2026-11-14T09:30:00+10:00,72.84,28.78,2026-11-14T04:30:00+10:00,16.16,excellent
2026-11-14,Mars,2026-11-14T06:00:00+10:00,47.43,86.67,2026-11-14T04:30:00+10:00,41.36,excellent
2026-11-14,Jupiter,2026-11-14T06:00:00+10:00,48.79,85.78,2026-11-14T04:30:00+10:00,42.33,excellent
2026-11-14,Saturn,2026-11-14T21:00:00+10:00,61.43,136.41,2026-11-14T19:00:00+10:00,51.21,excellent
2026-11-14,Uranus,2026-11-14T00:30:00+10:00,41.66,167.04,2026-11-14T04:00:00+10:00,19.1,good
2026-11-14,Neptune,2026-11-14T20:30:00+10:00,63.01,129.76,2026-11-14T19:00:00+10:00,56.5,excellent
2026-11-15,Mercury,2026-11-15T10:30:00+10:00,73.64,17.59,2026-11-15T04:30:00+10:00,5.8,excellent
2026-11-15,Venus,2026-11-15T09:30:00+10:00,72.7,29.76,2026-11-15T04:30:00+10:00,16.86,excellent
2026-11-15,Mars,2026-11-15T06:00:00+10:00,47.58,87.22,2026-11-15T04:30:00+10:00,41.73,excellent
2026-11-15,Jupiter,2026-11-15T06:00:00+10:00,48.85,86.7,2026-11-15T04:30:00+10:00,42.79,excellent
2026-11-15,Saturn,2026-11-15T21:00:00+10:00,61.34,135.36,2026-11-15T19:00:00+10:00,51.89,excellent
2026-11-15,Uranus,2026-11-15T00:30:00+10:00,41.63,168.09,2026-11-15T04:00:00+10:00,18.38,good
2026-11-15,Neptune,2026-11-15T20:30:00+10:00,62.93,128.74,2026-11-15T19:00:00+10:00,57.06,excellent
2026-11-16,Mercury,2026-11-16T10:30:00+10:00,73.63,18.27,2026-11-16T04:30:00+10:00,6.4,excellent
2026-11-16,Venus,2026-11-16T09:30:00+10:00,72.54,30.7,2026-11-16T04:30:00+10:00,17.53,excellent
2026-11-16,Mars,2026-11-16T06:00:00+10:00,47.72,87.78,2026-11-16T04:30:00+10:00,42.09,excellent
2026-11-16,Jupiter,2026-11-16T06:00:00+10:00,48.9,87.62,2026-11-16T04:30:00+10:00,43.24,excellent
2026-11-16,Saturn,2026-11-16T20:30:00+10:00,61.44,134.33,2026-11-16T19:00:00+10:00,52.55,excellent
2026-11-16,Uranus,2026-11-16T00:30:00+10:00,41.59,169.13,2026-11-16T04:00:00+10:00,17.65,good
2026-11-16,Neptune,2026-11-16T20:00:00+10:00,62.83,127.74,2026-11-16T19:00:00+10:00,57.61,excellent
2026-11-17,Mercury,2026-11-17T10:30:00+10:00,73.68,18.8,2026-11-17T04:30:00+10:00,6.91,excellent
2026-11-17,Venus,2026-11-17T09:30:00+10:00,72.37,31.6,2026-11-17T04:30:00+10:00,18.18,excellent
2026-11-17,Mars,2026-11-17T06:00:00+10:00,47.86,88.34,2026-11-17T04:30:00+10:00,42.45,excellent
2026-11-17,Jupiter,2026-11-17T06:00:00+10:00,48.92,88.55,2026-11-17T04:30:00+10:00,43.67,excellent
2026-11-17,Saturn,2026-11-17T20:30:00+10:00,61.53,133.28,2026-11-17T19:00:00+10:00,53.19,excellent
2026-11-17,Uranus,2026-11-17T00:00:00+10:00,41.57,170.16,2026-11-17T04:00:00+10:00,16.91,good
2026-11-17,Neptune,2026-11-17T20:00:00+10:00,62.95,126.72,2026-11-17T19:00:00+10:00,58.14,excellent
2026-11-18,Mercury,2026-11-18T10:30:00+10:00,73.81,19.18,2026-11-18T04:30:00+10:00,7.34,excellent
2026-11-18,Venus,2026-11-18T09:30:00+10:00,72.18,32.47,2026-11-18T04:30:00+10:00,18.81,excellent
2026-11-18,Mars,2026-11-18T06:00:00+10:00,47.98,88.9,2026-11-18T04:30:00+10:00,42.81,excellent
2026-11-18,Jupiter,2026-11-18T06:00:00+10:00,48.92,89.48,2026-11-18T04:30:00+10:00,44.09,excellent
2026-11-18,Saturn,2026-11-18T20:30:00+10:00,61.59,132.24,2026-11-18T19:00:00+10:00,53.82,excellent
2026-11-18,Uranus,2026-11-18T00:00:00+10:00,41.64,171.21,2026-11-18T04:00:00+10:00,16.16,good
2026-11-18,Neptune,2026-11-18T20:00:00+10:00,63.03,125.7,2026-11-18T19:00:00+10:00,58.64,excellent
2026-11-19,Mercury,2026-11-19T10:30:00+10:00,74.0,19.44,2026-11-19T04:30:00+10:00,7.68,excellent
2026-11-19,Venus,2026-11-19T09:30:00+10:00,71.99,33.3,2026-11-19T04:30:00+10:00,19.42,excellent
2026-11-19,Mars,2026-11-19T06:00:00+10:00,48.1,89.48,2026-11-19T04:30:00+10:00,43.16,excellent
2026-11-19,Jupiter,2026-11-19T06:00:00+10:00,48.91,90.41,2026-11-19T04:30:00+10:00,44.5,excellent
2026-11-19,Saturn,2026-11-19T20:30:00+10:00,61.61,131.19,2026-11-19T19:00:00+10:00,54.43,excellent
2026-11-19,Uranus,2026-11-19T00:00:00+10:00,41.68,172.26,2026-11-19T04:00:00+10:00,15.41,good
2026-11-19,Neptune,2026-11-19T20:00:00+10:00,63.08,124.68,2026-11-19T19:00:00+10:00,59.13,excellent
2026-11-20,Mercury,2026-11-20T10:30:00+10:00,74.26,19.58,2026-11-20T04:30:00+10:00,7.96,excellent
2026-11-20,Venus,2026-11-20T09:30:00+10:00,71.79,34.1,2026-11-20T04:30:00+10:00,20.01,excellent
2026-11-20,Mars,2026-11-20T06:00:00+10:00,48.21,90.05,2026-11-20T04:30:00+10:00,43.52,excellent
2026-11-20,Jupiter,2026-11-20T06:00:00+10:00,48.87,91.34,2026-11-20T04:30:00+10:00,44.89,excellent
2026-11-20,Saturn,2026-11-20T20:30:00+10:00,61.59,130.15,2026-11-20T19:00:00+10:00,55.02,excellent
2026-11-20,Uranus,2026-11-20T00:00:00+10:00,41.71,173.31,2026-11-20T04:00:00+10:00,14.66,good
2026-11-20,Neptune,2026-11-20T20:00:00+10:00,63.09,123.65,2026-11-20T19:00:00+10:00,59.59,excellent
2026-11-21,Mercury,2026-11-21T10:30:00+10:00,74.57,19.62,2026-11-21T04:30:00+10:00,8.17,excellent
2026-11-21,Venus,2026-11-21T09:30:00+10:00,71.6,34.86,2026-11-21T04:30:00+10:00,20.58,excellent
2026-11-21,Mars,2026-11-21T06:00:00+10:00,48.32,90.63,2026-11-21T04:30:00+10:00,43.87,excellent
2026-11-21,Jupiter,2026-11-21T05:30:00+10:00,48.88,92.26,2026-11-21T04:30:00+10:00,45.28,excellent
2026-11-21,Saturn,2026-11-21T20:30:00+10:00,61.54,129.11,2026-11-21T19:00:00+10:00,55.59,excellent
2026-11-21,Uranus,2026-11-21T00:00:00+10:00,41.71,174.36,2026-11-21T04:00:00+10:00,13.9,good
2026-11-21,Neptune,2026-11-21T20:00:00+10:00,63.07,122.63,2026-11-21T19:00:00+10:00,60.02,excellent
2026-11-22,Mercury,2026-11-22T10:30:00+10:00,74.94,19.58,2026-11-22T04:30:00+10:00,8.33,excellent
2026-11-22,Venus,2026-11-22T09:00:00+10:00,71.56,35.58,2026-11-22T04:30:00+10:00,21.13,excellent
2026-11-22,Mars,2026-11-22T06:00:00+10:00,48.41,91.22,2026-11-22T04:30:00+10:00,44.21,excellent
2026-11-22,Jupiter,2026-11-22T05:30:00+10:00,48.96,93.2,2026-11-22T04:30:00+10:00,45.64,excellent
2026-11-22,Saturn,2026-11-22T20:30:00+10:00,61.46,128.07,2026-11-22T19:00:00+10:00,56.14,excellent
2026-11-22,Uranus,2026-11-22T00:00:00+10:00,41.7,175.41,2026-11-22T04:00:00+10:00,13.13,good
2026-11-22,Neptune,2026-11-22T20:00:00+10:00,63.01,121.61,2026-11-22T19:00:00+10:00,60.44,excellent
2026-11-23,Mercury,2026-11-23T10:30:00+10:00,75.35,19.46,2026-11-23T04:30:00+10:00,8.44,excellent
2026-11-23,Venus,2026-11-23T09:00:00+10:00,71.59,36.27,2026-11-23T04:30:00+10:00,21.66,excellent
2026-11-23,Mars,2026-11-23T06:00:00+10:00,48.49,91.81,2026-11-23T04:30:00+10:00,44.56,excellent
2026-11-23,Jupiter,2026-11-23T05:30:00+10:00,49.02,94.15,2026-11-23T04:30:00+10:00,45.99,excellent
2026-11-23,Saturn,2026-11-23T20:00:00+10:00,61.48,127.05,2026-11-23T19:00:00+10:00,56.67,excellent
2026-11-23,Uranus,2026-11-23T00:00:00+10:00,41.66,176.46,2026-11-23T04:00:00+10:00,12.36,good
2026-11-23,Neptune,2026-11-23T20:00:00+10:00,62.92,120.59,2026-11-23T19:00:00+10:00,60.82,excellent
2026-11-24,Mercury,2026-11-24T10:30:00+10:00,75.79,19.27,2026-11-24T04:00:00+10:00,2.0,excellent
2026-11-24,Venus,2026-11-24T09:00:00+10:00,71.62,36.94,2026-11-24T04:00:00+10:00,15.51,excellent
2026-11-24,Mars,2026-11-24T05:30:00+10:00,48.57,92.4,2026-11-24T04:00:00+10:00,41.5,excellent
2026-11-24,Jupiter,2026-11-24T05:30:00+10:00,49.06,95.1,2026-11-24T04:00:00+10:00,43.29,excellent
2026-11-24,Saturn,2026-11-24T20:00:00+10:00,61.58,126.01,2026-11-24T19:00:00+10:00,57.18,excellent
2026-11-24,Uranus,2026-11-24T23:30:00+10:00,41.68,178.54,2026-11-24T04:00:00+10:00,11.58,good
2026-11-24,Neptune,2026-11-24T19:30:00+10:00,62.92,119.59,2026-11-24T19:00:00+10:00,61.18,excellent
2026-11-25,Mercury,2026-11-25T10:30:00+10:00,76.26,19.03,2026-11-25T04:00:00+10:00,2.03,excellent
2026-11-25,Venus,2026-11-25T09:00:00+10:00,71.65,37.58,2026-11-25T04:00:00+10:00,16.01,excellent
2026-11-25,Mars,2026-11-25T05:30:00+10:00,48.74,93.0,2026-11-25T04:00:00+10:00,41.89,excellent
2026-11-25,Jupiter,2026-11-25T05:30:00+10:00,49.08,96.05,2026-11-25T04:00:00+10:00,43.73,excellent
2026-11-25,Saturn,2026-11-25T20:00:00+10:00,61.64,124.97,2026-11-25T19:00:00+10:00,57.67,excellent
2026-11-25,Uranus,2026-11-25T23:30:00+10:00,41.73,179.57,2026-11-25T04:00:00+10:00,10.8,good
2026-11-25,Neptune,2026-11-25T19:30:00+10:00,63.02,118.57,2026-11-25T19:00:00+10:00,61.52,excellent
2026-11-26,Mercury,2026-11-26T10:30:00+10:00,76.75,18.74,2026-11-26T04:00:00+10:00,2.03,excellent
2026-11-26,Venus,2026-11-26T09:00:00+10:00,71.68,38.18,2026-11-26T04:00:00+10:00,16.49,excellent
2026-11-26,Mars,2026-11-26T05:30:00+10:00,48.89,93.61,2026-11-26T04:00:00+10:00,42.29,excellent
2026-11-26,Jupiter,2026-11-26T05:30:00+10:00,49.08,97.0,2026-11-26T04:00:00+10:00,44.16,excellent
2026-11-26,Saturn,2026-11-26T20:00:00+10:00,61.67,123.94,2026-11-26T19:00:00+10:00,58.13,excellent
2026-11-26,Uranus,2026-11-26T23:30:00+10:00,41.76,179.33,2026-11-26T04:00:00+10:00,10.02,good
2026-11-26,Neptune,2026-11-26T19:30:00+10:00,63.08,117.55,2026-11-26T19:00:00+10:00,61.82,excellent
2026-11-27,Mercury,2026-11-27T10:30:00+10:00,77.25,18.41,2026-11-27T04:00:00+10:00,2.0,excellent
2026-11-27,Venus,2026-11-27T09:00:00+10:00,71.71,38.76,2026-11-27T04:00:00+10:00,16.95,excellent
2026-11-27,Mars,2026-11-27T05:30:00+10:00,49.04,94.22,2026-11-27T04:00:00+10:00,42.68,excellent
2026-11-27,Jupiter,2026-11-27T05:30:00+10:00,49.06,97.96,2026-11-27T04:00:00+10:00,44.57,excellent
2026-11-27,Saturn,2026-11-27T20:00:00+10:00,61.67,122.9,2026-11-27T19:00:00+10:00,58.57,excellent
2026-11-27,Uranus,2026-11-27T23:30:00+10:00,41.77,178.29,2026-11-27T04:00:00+10:00,9.23,good
2026-11-27,Neptune,2026-11-27T19:30:00+10:00,63.11,116.53,2026-11-27T19:00:00+10:00,62.09,excellent
2026-11-28,Mercury,2026-11-28T10:30:00+10:00,77.77,18.05,2026-11-28T04:00:00+10:00,1.93,excellent
2026-11-28,Venus,2026-11-28T09:00:00+10:00,71.74,39.31,2026-11-28T04:00:00+10:00,17.4,excellent
2026-11-28,Mars,2026-11-28T05:30:00+10:00,49.18,94.84,2026-11-28T04:00:00+10:00,43.07,excellent
2026-11-28,Jupiter,2026-11-28T05:30:00+10:00,49.02,98.92,2026-11-28T04:00:00+10:00,44.97,excellent
2026-11-28,Saturn,2026-11-28T20:00:00+10:00,61.63,121.87,2026-11-28T19:00:00+10:00,58.99,excellent
2026-11-28,Uranus,2026-11-28T23:30:00+10:00,41.76,177.24,2026-11-28T19:00:00+10:00,9.79,good
2026-11-28,Neptune,2026-11-28T19:30:00+10:00,63.11,115.51,2026-11-28T19:00:00+10:00,62.34,excellent
2026-11-29,Mercury,2026-11-29T10:30:00+10:00,78.28,17.66,2026-11-29T04:00:00+10:00,1.84,excellent
2026-11-29,Venus,2026-11-29T09:00:00+10:00,71.78,39.83,2026-11-29T04:00:00+10:00,17.84,excellent
2026-11-29,Mars,2026-11-29T05:30:00+10:00,49.31,95.46,2026-11-29T04:00:00+10:00,43.46,excellent
2026-11-29,Jupiter,2026-11-29T05:00:00+10:00,49.0,99.87,2026-11-29T04:00:00+10:00,45.36,excellent
2026-11-29,Saturn,2026-11-29T20:00:00+10:00,61.55,120.83,2026-11-29T19:00:00+10:00,59.37,excellent
2026-11-29,Uranus,2026-11-29T23:30:00+10:00,41.73,176.18,2026-11-29T19:00:00+10:00,10.59,good
2026-11-29,Neptune,2026-11-29T19:30:00+10:00,63.07,114.49,2026-11-29T19:00:00+10:00,62.55,excellent
2026-11-30,Mercury,2026-11-30T10:30:00+10:00,78.79,17.24,2026-11-30T04:00:00+10:00,1.73,excellent
2026-11-30,Venus,2026-11-30T09:00:00+10:00,71.81,40.32,2026-11-30T04:00:00+10:00,18.25,excellent
2026-11-30,Mars,2026-11-30T05:30:00+10:00,49.42,96.1,2026-11-30T04:00:00+10:00,43.84,excellent
2026-11-30,Jupiter,2026-11-30T05:00:00+10:00,49.07,100.83,2026-11-30T04:00:00+10:00,45.73,excellent
2026-11-30,Saturn,2026-11-30T19:30:00+10:00,61.48,119.82,2026-11-30T19:00:00+10:00,59.73,excellent
2026-11-30,Uranus,2026-11-30T23:30:00+10:00,41.68,175.13,2026-11-30T19:00:00+10:00,11.38,good
2026-11-30,Neptune,2026-11-30T19:30:00+10:00,63.0,113.47,2026-11-30T19:00:00+10:00,62.73,excellent
2026-12-01,Mercury,2026-12-01T10:30:00+10:00,79.29,16.81,2026-12-01T04:00:00+10:00,1.6,excellent
2026-12-01,Venus,2026-12-01T09:00:00+10:00,71.86,40.8,2026-12-01T04:00:00+10:00,18.66,excellent
2026-12-01,Mars,2026-12-01T05:30:00+10:00,49.53,96.73,2026-12-01T04:00:00+10:00,44.22,excellent
2026-12-01,Jupiter,2026-12-01T05:00:00+10:00,49.13,101.81,2026-12-01T04:00:00+10:00,46.08,excellent
2026-12-01,Saturn,2026-12-01T19:30:00+10:00,61.58,118.79,2026-12-01T19:00:00+10:00,60.06,excellent
2026-12-01,Uranus,2026-12-01T23:00:00+10:00,41.71,174.1,2026-12-01T19:00:00+10:00,12.17,good
2026-12-01,Neptune,2026-12-01T19:30:00+10:00,62.89,112.45,2026-12-01T19:00:00+10:00,62.88,excellent
2026-12-02,Mercury,2026-12-02T10:30:00+10:00,79.77,16.35,2026-12-02T04:00:00+10:00,1.44,excellent
2026-12-02,Venus,2026-12-02T09:00:00+10:00,71.91,41.24,2026-12-02T04:00:00+10:00,19.05,excellent
2026-12-02,Mars,2026-12-02T05:30:00+10:00,49.63,97.38,2026-12-02T04:00:00+10:00,44.59,excellent
2026-12-02,Jupiter,2026-12-02T05:00:00+10:00,49.16,102.78,2026-12-02T04:00:00+10:00,46.42,excellent
2026-12-02,Saturn,2026-12-02T19:30:00+10:00,61.66,117.77,2026-12-02T19:00:00+10:00,60.37,excellent
2026-12-02,Uranus,2026-12-02T23:00:00+10:00,41.77,173.04,2026-12-02T19:00:00+10:00,12.95,good
2026-12-02,Neptune,2026-12-02T19:00:00+10:00,62.99,111.45,2026-12-02T19:00:00+10:00,62.99,excellent
2026-12-03,Mercury,2026-12-03T10:30:00+10:00,80.22,15.89,2026-12-03T04:00:00+10:00,1.27,excellent
2026-12-03,Venus,2026-12-03T09:00:00+10:00,71.97,41.66,2026-12-03T04:00:00+10:00,19.43,excellent
2026-12-03,Mars,2026-12-03T05:30:00+10:00,49.71,98.03,2026-12-03T04:00:00+10:00,44.96,excellent
2026-12-03,Jupiter,2026-12-03T05:00:00+10:00,49.17,103.76,2026-12-03T04:00:00+10:00,46.74,excellent
2026-12-03,Saturn,2026-12-03T19:30:00+10:00,61.69,116.74,2026-12-03T19:00:00+10:00,60.64,excellent
2026-12-03,Uranus,2026-12-03T23:00:00+10:00,41.81,171.99,2026-12-03T19:00:00+10:00,13.73,good
2026-12-03,Neptune,2026-12-03T19:00:00+10:00,63.07,110.43,2026-12-03T19:00:00+10:00,63.07,excellent
2026-12-04,Mercury,2026-12-04T10:30:00+10:00,80.65,15.41,2026-12-04T04:00:00+10:00,1.07,excellent
2026-12-04,Venus,2026-12-04T09:00:00+10:00,72.03,42.07,2026-12-04T04:00:00+10:00,19.79,excellent
2026-12-04,Mars,2026-12-04T05:30:00+10:00,49.79,98.68,2026-12-04T04:00:00+10:00,45.33,excellent
2026-12-04,Jupiter,2026-12-04T05:00:00+10:00,49.16,104.74,2026-12-04T04:00:00+10:00,47.04,excellent
2026-12-04,Saturn,2026-12-04T19:30:00+10:00,61.7,115.71,2026-12-04T19:00:00+10:00,60.88,excellent
2026-12-04,Uranus,2026-12-04T23:00:00+10:00,41.83,170.93,2026-12-04T19:00:00+10:00,14.5,good
2026-12-04,Neptune,2026-12-04T19:00:00+10:00,63.12,109.42,2026-12-04T19:00:00+10:00,63.12,excellent
2026-12-05,Mercury,2026-12-05T10:30:00+10:00,81.03,14.92,2026-12-05T04:00:00+10:00,0.86,excellent
2026-12-05,Venus,2026-12-05T09:00:00+10:00,72.1,42.45,2026-12-05T04:00:00+10:00,20.15,excellent
2026-12-05,Mars,2026-12-05T05:30:00+10:00,49.85,99.34,2026-12-05T04:00:00+10:00,45.69,excellent
2026-12-05,Jupiter,2026-12-05T05:00:00+10:00,49.13,105.73,2026-12-05T04:00:00+10:00,47.33,excellent
2026-12-05,Saturn,2026-12-05T19:30:00+10:00,61.67,114.69,2026-12-05T19:30:00+10:00,61.67,excellent
2026-12-05,Uranus,2026-12-05T23:00:00+10:00,41.82,169.87,2026-12-05T19:30:00+10:00,20.66,good
2026-12-05,Neptune,2026-12-05T19:00:00+10:00,63.13,108.4,2026-12-05T19:00:00+10:00,63.13,excellent
2026-12-06,Mercury,2026-12-06T10:30:00+10:00,81.37,14.42,2026-12-06T04:00:00+10:00,0.64,excellent
2026-12-06,Venus,2026-12-06T09:00:00+10:00,72.18,42.8,2026-12-06T04:00:00+10:00,20.49,excellent
2026-12-06,Mars,2026-12-06T05:30:00+10:00,49.9,100.01,2026-12-06T04:00:00+10:00,46.04,excellent
2026-12-06,Jupiter,2026-12-06T05:00:00+10:00,49.08,106.72,2026-12-06T04:00:00+10:00,47.6,excellent
2026-12-06,Saturn,2026-12-06T19:30:00+10:00,61.61,113.66,2026-12-06T19:30:00+10:00,61.61,excellent
2026-12-06,Uranus,2026-12-06T23:00:00+10:00,41.8,168.82,2026-12-06T19:30:00+10:00,21.38,good
2026-12-06,Neptune,2026-12-06T19:00:00+10:00,63.11,107.38,2026-12-06T19:00:00+10:00,63.11,excellent
2026-12-07,Mercury,2026-12-07T10:30:00+10:00,81.65,13.92,2026-12-07T04:00:00+10:00,0.4,excellent
2026-12-07,Venus,2026-12-07T09:00:00+10:00,72.26,43.14,2026-12-07T04:00:00+10:00,20.82,excellent
2026-12-07,Mars,2026-12-07T05:00:00+10:00,50.02,100.68,2026-12-07T04:00:00+10:00,46.39,excellent
2026-12-07,Jupiter,2026-12-07T04:30:00+10:00,49.06,107.69,2026-12-07T04:00:00+10:00,47.84,excellent
2026-12-07,Saturn,2026-12-07T19:30:00+10:00,61.52,112.64,2026-12-07T19:30:00+10:00,61.52,excellent
2026-12-07,Uranus,2026-12-07T23:00:00+10:00,41.75,167.76,2026-12-07T19:30:00+10:00,22.09,good
2026-12-07,Neptune,2026-12-07T19:00:00+10:00,63.06,106.36,2026-12-07T19:00:00+10:00,63.06,excellent
2026-12-08,Mercury,2026-12-08T10:30:00+10:00,81.88,13.41,2026-12-08T04:00:00+10:00,0.14,excellent
2026-12-08,Venus,2026-12-08T09:00:00+10:00,72.36,43.46,2026-12-08T04:00:00+10:00,21.13,excellent
2026-12-08,Mars,2026-12-08T05:00:00+10:00,50.16,101.36,2026-12-08T04:00:00+10:00,46.74,excellent
2026-12-08,Jupiter,2026-12-08T04:30:00+10:00,49.13,108.69,2026-12-08T04:00:00+10:00,48.07,excellent
2026-12-08,Saturn,2026-12-08T19:00:00+10:00,61.54,111.64,2026-12-08T19:00:00+10:00,61.54,excellent
2026-12-08,Uranus,2026-12-08T22:30:00+10:00,41.75,166.73,2026-12-08T19:30:00+10:00,22.79,good
2026-12-08,Neptune,2026-12-08T19:00:00+10:00,62.97,105.34,2026-12-08T19:00:00+10:00,62.97,excellent
2026-12-09,Mercury,2026-12-09T11:00:00+10:00,82.16,12.89,2026-12-09T04:00:00+10:00,-0.13,excellent
2026-12-09,Venus,2026-12-09T08:30:00+10:00,72.53,43.76,2026-12-09T04:00:00+10:00,21.44,excellent
2026-12-09,Mars,2026-12-09T05:00:00+10:00,50.29,102.05,2026-12-09T04:00:00+10:00,47.07,excellent
2026-12-09,Jupiter,2026-12-09T04:30:00+10:00,49.18,109.69,2026-12-09T04:00:00+10:00,48.28,excellent
2026-12-09,Saturn,2026-12-09T19:00:00+10:00,61.62,110.63,2026-12-09T19:00:00+10:00,61.62,excellent
2026-12-09,Uranus,2026-12-09T22:30:00+10:00,41.81,165.67,2026-12-09T19:30:00+10:00,23.48,good
2026-12-09,Neptune,2026-12-09T18:30:00+10:00,62.93,104.34,2026-12-09T19:00:00+10:00,62.85,excellent
2026-12-10,Mercury,2026-12-10T11:00:00+10:00,82.74,12.37,2026-12-10T04:00:00+10:00,-0.41,excellent
2026-12-10,Venus,2026-12-10T08:30:00+10:00,72.74,44.04,2026-12-10T04:00:00+10:00,21.74,excellent
2026-12-10,Mars,2026-12-10T05:00:00+10:00,50.41,102.75,2026-12-10T04:00:00+10:00,47.4,excellent
2026-12-10,Jupiter,2026-12-10T04:30:00+10:00,49.2,110.69,2026-12-10T04:00:00+10:00,48.47,excellent
2026-12-10,Saturn,2026-12-10T19:00:00+10:00,61.67,109.61,2026-12-10T19:00:00+10:00,61.67,excellent
2026-12-10,Uranus,2026-12-10T22:30:00+10:00,41.86,164.61,2026-12-10T19:30:00+10:00,24.17,good
2026-12-10,Neptune,2026-12-10T18:30:00+10:00,63.03,103.33,2026-12-10T19:00:00+10:00,62.7,excellent
2026-12-11,Mercury,2026-12-11T11:00:00+10:00,83.3,11.85,2026-12-11T04:00:00+10:00,-0.71,excellent
2026-12-11,Venus,2026-12-11T08:30:00+10:00,72.95,44.31,2026-12-11T04:00:00+10:00,22.02,excellent
2026-12-11,Mars,2026-12-11T05:00:00+10:00,50.51,103.45,2026-12-11T04:00:00+10:00,47.72,excellent
2026-12-11,Jupiter,2026-12-11T04:30:00+10:00,49.2,111.7,2026-12-11T04:00:00+10:00,48.63,excellent
2026-12-11,Saturn,2026-12-11T19:00:00+10:00,61.69,108.59,2026-12-11T19:00:00+10:00,61.69,excellent
2026-12-11,Uranus,2026-12-11T22:30:00+10:00,41.88,163.56,2026-12-11T19:30:00+10:00,24.85,good
2026-12-11,Neptune,2026-12-11T18:30:00+10:00,63.1,102.31,2026-12-11T19:00:00+10:00,62.51,excellent
2026-12-12,Mercury,2026-12-12T11:00:00+10:00,83.81,11.33,2026-12-12T04:00:00+10:00,-1.02,excellent
2026-12-12,Venus,2026-12-12T08:30:00+10:00,73.16,44.56,2026-12-12T04:00:00+10:00,22.3,excellent
2026-12-12,Mars,2026-12-12T05:00:00+10:00,50.59,104.17,2026-12-12T04:00:00+10:00,48.03,excellent
2026-12-12,Jupiter,2026-12-12T04:30:00+10:00,49.17,112.71,2026-12-12T04:00:00+10:00,48.78,excellent
2026-12-12,Saturn,2026-12-12T19:00:00+10:00,61.68,107.58,2026-12-12T19:00:00+10:00,61.68,excellent
2026-12-12,Uranus,2026-12-12T22:30:00+10:00,41.88,162.5,2026-12-12T19:30:00+10:00,25.52,good
2026-12-12,Neptune,2026-12-12T18:30:00+10:00,63.13,101.29,2026-12-12T19:00:00+10:00,62.3,excellent
2026-12-13,Mercury,2026-12-13T11:00:00+10:00,84.28,10.81,2026-12-13T04:30:00+10:00,4.73,excellent
2026-12-13,Venus,2026-12-13T08:30:00+10:00,73.37,44.8,2026-12-13T04:30:00+10:00,29.22,excellent
2026-12-13,Mars,2026-12-13T05:00:00+10:00,50.67,104.89,2026-12-13T04:30:00+10:00,50.15,excellent
2026-12-13,Jupiter,2026-12-13T04:30:00+10:00,49.13,113.72,2026-12-13T04:30:00+10:00,49.13,excellent
2026-12-13,Saturn,2026-12-13T19:00:00+10:00,61.63,106.57,2026-12-13T19:00:00+10:00,61.63,excellent
2026-12-13,Uranus,2026-12-13T22:30:00+10:00,41.86,161.45,2026-12-13T19:30:00+10:00,26.18,good
2026-12-13,Neptune,2026-12-13T18:30:00+10:00,63.13,100.27,2026-12-13T19:00:00+10:00,62.05,excellent
2026-12-14,Mercury,2026-12-14T11:00:00+10:00,84.68,10.29,2026-12-14T04:30:00+10:00,4.36,excellent
2026-12-14,Venus,2026-12-14T08:30:00+10:00,73.59,45.02,2026-12-14T04:30:00+10:00,29.47,excellent
2026-12-14,Mars,2026-12-14T05:00:00+10:00,50.73,105.61,2026-12-14T04:30:00+10:00,50.33,excellent
2026-12-14,Jupiter,2026-12-14T04:30:00+10:00,49.06,114.74,2026-12-14T04:30:00+10:00,49.06,excellent
2026-12-14,Saturn,2026-12-14T19:00:00+10:00,61.55,105.56,2026-12-14T19:00:00+10:00,61.55,excellent
2026-12-14,Uranus,2026-12-14T22:30:00+10:00,41.83,160.39,2026-12-14T19:30:00+10:00,26.83,good
2026-12-14,Neptune,2026-12-14T18:30:00+10:00,63.09,99.26,2026-12-14T19:00:00+10:00,61.77,excellent
2026-12-15,Mercury,2026-12-15T11:00:00+10:00,85.01,9.76,2026-12-15T04:30:00+10:00,3.98,excellent
2026-12-15,Venus,2026-12-15T08:30:00+10:00,73.81,45.22,2026-12-15T04:30:00+10:00,29.72,excellent
2026-12-15,Mars,2026-12-15T05:00:00+10:00,50.77,106.35,2026-12-15T04:30:00+10:00,50.5,excellent
2026-12-15,Jupiter,2026-12-15T04:00:00+10:00,49.08,115.74,2026-12-15T04:00:00+10:00,49.08,excellent
2026-12-15,Saturn,2026-12-15T19:00:00+10:00,61.44,104.55,2026-12-15T19:00:00+10:00,61.44,excellent
2026-12-15,Uranus,2026-12-15T22:00:00+10:00,41.78,159.36,2026-12-15T19:30:00+10:00,27.48,good
2026-12-15,Neptune,2026-12-15T18:30:00+10:00,63.03,98.24,2026-12-15T19:00:00+10:00,61.47,excellent
2026-12-16,Mercury,2026-12-16T11:00:00+10:00,85.26,9.23,2026-12-16T04:30:00+10:00,3.59,excellent
2026-12-16,Venus,2026-12-16T08:30:00+10:00,74.03,45.41,2026-12-16T04:30:00+10:00,29.95,excellent
2026-12-16,Mars,2026-12-16T05:00:00+10:00,50.8,107.09,2026-12-16T04:30:00+10:00,50.65,excellent
2026-12-16,Jupiter,2026-12-16T04:00:00+10:00,49.13,116.76,2026-12-16T04:00:00+10:00,49.13,excellent
2026-12-16,Saturn,2026-12-16T18:30:00+10:00,61.53,103.56,2026-12-16T19:00:00+10:00,61.3,excellent
2026-12-16,Uranus,2026-12-16T22:00:00+10:00,41.85,158.3,2026-12-16T19:30:00+10:00,28.11,good
2026-12-16,Neptune,2026-12-16T18:30:00+10:00,62.93,97.23,2026-12-16T19:00:00+10:00,61.14,excellent
2026-12-17,Mercury,2026-12-17T11:00:00+10:00,85.39,8.71,2026-12-17T04:30:00+10:00,3.18,excellent
2026-12-17,Venus,2026-12-17T08:30:00+10:00,74.25,45.59,2026-12-17T04:30:00+10:00,30.17,excellent
2026-12-17,Mars,2026-12-17T05:00:00+10:00,50.81,107.84,2026-12-17T04:30:00+10:00,50.8,excellent
2026-12-17,Jupiter,2026-12-17T04:00:00+10:00,49.16,117.79,2026-12-17T04:00:00+10:00,49.16,excellent
2026-12-17,Saturn,2026-12-17T18:30:00+10:00,61.6,102.55,2026-12-17T19:00:00+10:00,61.13,excellent
2026-12-17,Uranus,2026-12-17T22:00:00+10:00,41.9,157.24,2026-12-17T19:30:00+10:00,28.74,good
2026-12-17,Neptune,2026-12-17T18:00:00+10:00,62.97,96.23,2026-12-17T19:00:00+10:00,60.78,excellent
2026-12-18,Mercury,2026-12-18T11:00:00+10:00,85.41,8.18,2026-12-18T04:30:00+10:00,2.76,excellent
2026-12-18,Venus,2026-12-18T08:30:00+10:00,74.48,45.76,2026-12-18T04:30:00+10:00,30.39,excellent
2026-12-18,Mars,2026-12-18T04:30:00+10:00,50.92,108.59,2026-12-18T04:30:00+10:00,50.92,excellent
2026-12-18,Jupiter,2026-12-18T04:00:00+10:00,49.16,118.82,2026-12-18T04:00:00+10:00,49.16,excellent
2026-12-18,Saturn,2026-12-18T18:30:00+10:00,61.63,101.55,2026-12-18T19:00:00+10:00,60.93,excellent
2026-12-18,Uranus,2026-12-18T22:00:00+10:00,41.93,156.19,2026-12-18T19:30:00+10:00,29.35,good
2026-12-18,Neptune,2026-12-18T18:00:00+10:00,63.05,95.22,2026-12-18T19:00:00+10:00,60.39,excellent
2026-12-19,Mercury,2026-12-19T11:00:00+10:00,85.31,7.66,2026-12-19T04:30:00+10:00,2.33,excellent
2026-12-19,Venus,2026-12-19T08:30:00+10:00,74.71,45.91,2026-12-19T04:30:00+10:00,30.6,excellent
2026-12-19,Mars,2026-12-19T04:30:00+10:00,51.03,109.36,2026-12-19T04:30:00+10:00,51.03,excellent
2026-12-19,Jupiter,2026-12-19T04:00:00+10:00,49.14,119.86,2026-12-19T04:00:00+10:00,49.14,excellent
2026-12-19,Saturn,2026-12-19T18:30:00+10:00,61.63,100.55,2026-12-19T19:00:00+10:00,60.7,excellent
2026-12-19,Uranus,2026-12-19T22:00:00+10:00,41.94,155.13,2026-12-19T19:30:00+10:00,29.96,good
2026-12-19,Neptune,2026-12-19T18:00:00+10:00,63.1,94.2,2026-12-19T19:00:00+10:00,59.98,excellent
2026-12-20,Mercury,2026-12-20T11:00:00+10:00,85.11,7.13,2026-12-20T04:30:00+10:00,1.88,excellent
2026-12-20,Venus,2026-12-20T08:30:00+10:00,74.94,46.05,2026-12-20T04:30:00+10:00,30.79,excellent
2026-12-20,Mars,2026-12-20T04:30:00+10:00,51.13,110.13,2026-12-20T04:30:00+10:00,51.13,excellent
2026-12-20,Jupiter,2026-12-20T04:00:00+10:00,49.1,120.9,2026-12-20T04:00:00+10:00,49.1,excellent
2026-12-20,Saturn,2026-12-20T18:30:00+10:00,61.61,99.55,2026-12-20T19:00:00+10:00,60.44,excellent
2026-12-20,Uranus,2026-12-20T22:00:00+10:00,41.92,154.08,2026-12-20T19:30:00+10:00,30.55,good
2026-12-20,Neptune,2026-12-20T18:00:00+10:00,63.12,93.19,2026-12-20T19:00:00+10:00,59.55,excellent
2026-12-21,Mercury,2026-12-21T11:30:00+10:00,85.47,6.59,2026-12-21T04:30:00+10:00,1.42,excellent
2026-12-21,Venus,2026-12-21T08:30:00+10:00,75.18,46.18,2026-12-21T04:30:00+10:00,30.98,excellent
2026-12-21,Mars,2026-12-21T04:30:00+10:00,51.21,110.92,2026-12-21T04:30:00+10:00,51.21,excellent
2026-12-21,Jupiter,2026-12-21T04:00:00+10:00,49.03,121.94,2026-12-21T04:00:00+10:00,49.03,excellent
2026-12-21,Saturn,2026-12-21T18:30:00+10:00,61.54,98.55,2026-12-21T19:00:00+10:00,60.16,excellent
2026-12-21,Uranus,2026-12-21T22:00:00+10:00,41.89,153.03,2026-12-21T19:30:00+10:00,31.13,good
2026-12-21,Neptune,2026-12-21T18:00:00+10:00,63.11,92.18,2026-12-21T19:00:00+10:00,59.09,excellent
2026-12-22,Mercury,2026-12-22T11:30:00+10:00,86.0,6.07,2026-12-22T04:30:00+10:00,0.95,excellent
2026-12-22,Venus,2026-12-22T08:30:00+10:00,75.41,46.29,2026-12-22T04:30:00+10:00,31.16,excellent
2026-12-22,Mars,2026-12-22T04:30:00+10:00,51.27,111.71,2026-12-22T04:30:00+10:00,51.27,excellent
2026-12-22,Jupiter,2026-12-22T03:30:00+10:00,48.97,122.96,2026-12-22T04:00:00+10:00,48.94,excellent
2026-12-22,Saturn,2026-12-22T18:30:00+10:00,61.45,97.55,2026-12-22T19:00:00+10:00,59.84,excellent
2026-12-22,Uranus,2026-12-22T22:00:00+10:00,41.84,151.97,2026-12-22T19:30:00+10:00,31.71,good
2026-12-22,Neptune,2026-12-22T18:00:00+10:00,63.06,91.17,2026-12-22T19:00:00+10:00,58.62,excellent
2026-12-23,Mercury,2026-12-23T11:30:00+10:00,86.47,5.55,2026-12-23T04:30:00+10:00,0.46,excellent
2026-12-23,Venus,2026-12-23T08:30:00+10:00,75.65,46.4,2026-12-23T04:30:00+10:00,31.32,excellent
2026-12-23,Mars,2026-12-23T04:30:00+10:00,51.31,112.52,2026-12-23T04:30:00+10:00,51.31,excellent
2026-12-23,Jupiter,2026-12-23T03:30:00+10:00,49.03,124.01,2026-12-23T04:00:00+10:00,48.83,excellent
2026-12-23,Saturn,2026-12-23T18:00:00+10:00,61.39,96.58,2026-12-23T19:00:00+10:00,59.51,excellent
2026-12-23,Uranus,2026-12-23T21:30:00+10:00,41.88,150.94,2026-12-23T19:30:00+10:00,32.27,good
2026-12-23,Neptune,2026-12-23T18:00:00+10:00,62.98,90.15,2026-12-23T19:00:00+10:00,58.12,excellent
2026-12-24,Mercury,2026-12-24T11:30:00+10:00,86.85,5.03,2026-12-24T04:30:00+10:00,-0.04,excellent
2026-12-24,Venus,2026-12-24T08:30:00+10:00,75.89,46.5,2026-12-24T04:30:00+10:00,31.48,excellent
2026-12-24,Mars,2026-12-24T04:30:00+10:00,51.34,113.33,2026-12-24T04:30:00+10:00,51.34,excellent
2026-12-24,Jupiter,2026-12-24T03:30:00+10:00,49.06,125.06,2026-12-24T04:00:00+10:00,48.69,excellent
2026-12-24,Saturn,2026-12-24T18:00:00+10:00,61.47,95.58,2026-12-24T19:00:00+10:00,59.14,excellent
2026-12-24,Uranus,2026-12-24T21:30:00+10:00,41.93,149.89,2026-12-24T19:30:00+10:00,32.81,good
2026-12-24,Neptune,2026-12-24T17:30:00+10:00,62.88,89.16,2026-12-24T19:00:00+10:00,57.6,excellent
2026-12-25,Mercury,2026-12-25T11:30:00+10:00,87.09,4.51,2026-12-25T04:30:00+10:00,-0.56,excellent
2026-12-25,Venus,2026-12-25T08:30:00+10:00,76.13,46.58,2026-12-25T04:30:00+10:00,31.63,excellent
2026-12-25,Mars,2026-12-25T04:30:00+10:00,51.35,114.15,2026-12-25T04:30:00+10:00,51.35,excellent
2026-12-25,Jupiter,2026-12-25T03:30:00+10:00,49.07,126.11,2026-12-25T04:00:00+10:00,48.52,excellent
2026-12-25,Saturn,2026-12-25T18:00:00+10:00,61.52,94.59,2026-12-25T19:30:00+10:00,55.14,excellent
2026-12-25,Uranus,2026-12-25T21:30:00+10:00,41.97,148.83,2026-12-25T19:30:00+10:00,33.35,good
2026-12-25,Neptune,2026-12-25T17:30:00+10:00,62.98,88.15,2026-12-25T19:30:00+10:00,52.44,excellent
2026-12-26,Mercury,2026-12-26T11:30:00+10:00,87.17,4.01,2026-12-26T04:30:00+10:00,-1.08,excellent
2026-12-26,Venus,2026-12-26T08:30:00+10:00,76.37,46.66,2026-12-26T04:30:00+10:00,31.77,excellent
2026-12-26,Mars,2026-12-26T04:30:00+10:00,51.33,114.98,2026-12-26T04:30:00+10:00,51.33,excellent
2026-12-26,Jupiter,2026-12-26T03:30:00+10:00,49.05,127.17,2026-12-26T04:00:00+10:00,48.33,excellent
2026-12-26,Saturn,2026-12-26T18:00:00+10:00,61.54,93.6,2026-12-26T19:30:00+10:00,54.59,excellent
2026-12-26,Uranus,2026-12-26T21:30:00+10:00,41.98,147.78,2026-12-26T19:30:00+10:00,33.87,good
2026-12-26,Neptune,2026-12-26T17:30:00+10:00,63.05,87.14,2026-12-26T19:30:00+10:00,51.78,excellent
2026-12-27,Mercury,2026-12-27T11:30:00+10:00,87.07,3.51,2026-12-27T04:30:00+10:00,-1.63,excellent
2026-12-27,Venus,2026-12-27T08:30:00+10:00,76.61,46.72,2026-12-27T04:30:00+10:00,31.9,excellent
2026-12-27,Mars,2026-12-27T04:00:00+10:00,51.32,115.81,2026-12-27T04:00:00+10:00,51.32,excellent
2026-12-27,Jupiter,2026-12-27T03:30:00+10:00,49.01,128.23,2026-12-27T04:00:00+10:00,48.12,excellent
2026-12-27,Saturn,2026-12-27T18:00:00+10:00,61.53,92.61,2026-12-27T19:30:00+10:00,54.02,excellent
2026-12-27,Uranus,2026-12-27T21:30:00+10:00,41.98,146.73,2026-12-27T19:30:00+10:00,34.38,good
2026-12-27,Neptune,2026-12-27T17:30:00+10:00,63.09,86.13,2026-12-27T19:30:00+10:00,51.11,excellent
2026-12-28,Mercury,2026-12-28T11:30:00+10:00,86.8,3.04,2026-12-28T04:30:00+10:00,-2.18,excellent
2026-12-28,Venus,2026-12-28T08:30:00+10:00,76.85,46.78,2026-12-28T04:30:00+10:00,32.02,excellent
2026-12-28,Mars,2026-12-28T04:00:00+10:00,51.42,116.66,2026-12-28T04:00:00+10:00,51.42,excellent
2026-12-28,Jupiter,2026-12-28T03:30:00+10:00,48.95,129.3,2026-12-28T04:00:00+10:00,47.88,excellent
2026-12-28,Saturn,2026-12-28T18:00:00+10:00,61.49,91.62,2026-12-28T19:30:00+10:00,53.44,excellent
2026-12-28,Uranus,2026-12-28T21:30:00+10:00,41.95,145.68,2026-12-28T19:30:00+10:00,34.88,good
2026-12-28,Neptune,2026-12-28T17:30:00+10:00,63.1,85.12,2026-12-28T19:30:00+10:00,50.42,excellent
2026-12-29,Mercury,2026-12-29T11:30:00+10:00,86.39,2.6,2026-12-29T04:30:00+10:00,-2.75,excellent
2026-12-29,Venus,2026-12-29T08:30:00+10:00,77.09,46.83,2026-12-29T04:30:00+10:00,32.13,excellent
2026-12-29,Mars,2026-12-29T04:00:00+10:00,51.49,117.52,2026-12-29T04:00:00+10:00,51.49,excellent
2026-12-29,Jupiter,2026-12-29T03:30:00+10:00,48.85,130.36,2026-12-29T04:00:00+10:00,47.62,excellent
2026-12-29,Saturn,2026-12-29T18:00:00+10:00,61.42,90.64,2026-12-29T19:30:00+10:00,52.84,excellent
2026-12-29,Uranus,2026-12-29T21:30:00+10:00,41.91,144.63,2026-12-29T19:30:00+10:00,35.36,good
2026-12-29,Neptune,2026-12-29T17:30:00+10:00,63.07,84.11,2026-12-29T19:30:00+10:00,49.73,excellent
2026-12-30,Mercury,2026-12-30T11:30:00+10:00,85.9,2.21,2026-12-30T04:30:00+10:00,-3.34,excellent
2026-12-30,Venus,2026-12-30T08:30:00+10:00,77.33,46.87,2026-12-30T04:30:00+10:00,32.24,excellent
2026-12-30,Mars,2026-12-30T04:00:00+10:00,51.55,118.39,2026-12-30T04:00:00+10:00,51.55,excellent
2026-12-30,Jupiter,2026-12-30T03:00:00+10:00,48.88,131.41,2026-12-30T04:00:00+10:00,47.33,excellent
2026-12-30,Saturn,2026-12-30T18:00:00+10:00,61.32,89.66,2026-12-30T19:30:00+10:00,52.23,excellent
2026-12-30,Uranus,2026-12-30T21:00:00+10:00,41.9,143.6,2026-12-30T19:30:00+10:00,35.83,good
2026-12-30,Neptune,2026-12-30T17:30:00+10:00,63.01,83.1,2026-12-30T19:30:00+10:00,49.03,excellent
2026-12-31,Mercury,2026-12-31T12:00:00+10:00,86.06,1.91,2026-12-31T04:30:00+10:00,-3.93,excellent
2026-12-31,Venus,2026-12-31T08:30:00+10:00,77.57,46.9,2026-12-31T04:30:00+10:00,32.33,excellent
2026-12-31,Mars,2026-12-31T04:00:00+10:00,51.58,119.28,2026-12-31T04:00:00+10:00,51.58,excellent
2026-12-31,Jupiter,2026-12-31T03:00:00+10:00,48.91,132.49,2026-12-31T04:00:00+10:00,47.02,excellent
2026-12-31,Saturn,2026-12-31T17:30:00+10:00,61.28,88.69,2026-12-31T19:30:00+10:00,51.61,excellent
2026-12-31,Uranus,2026-12-31T21:00:00+10:00,41.96,142.55,2026-12-31T19:30:00+10:00,36.29,good
2026-12-31,Neptune,2026-12-31T17:30:00+10:00,62.92,82.09,2026-12-31T19:30:00+10:00,48.31,excellent
