date,planet,best_time_local,max_altitude_deg,visibility_rating
2027-01-01,Mercury,2027-01-01T12:00:00+10:00,86.5,excellent
2027-01-01,Venus,2027-01-01T08:30:00+10:00,77.81,excellent
2027-01-01,Mars,2027-01-01T04:00:00+10:00,51.59,excellent
2027-01-01,Jupiter,2027-01-01T03:00:00+10:00,48.92,excellent
2027-01-01,Saturn,2027-01-01T17:30:00+10:00,61.35,excellent
2027-01-01,Uranus,2027-01-01T21:00:00+10:00,42.0,good
2027-01-01,Neptune,2027-01-01T17:00:00+10:00,62.88,excellent
2027-01-02,Mercury,2027-01-02T12:00:00+10:00,86.83,excellent
2027-01-02,Venus,2027-01-02T08:30:00+10:00,78.05,excellent
2027-01-02,Mars,2027-01-02T04:00:00+10:00,51.58,excellent
2027-01-02,Jupiter,2027-01-02T03:00:00+10:00,48.9,excellent
2027-01-02,Saturn,2027-01-02T17:30:00+10:00,61.39,excellent
2027-01-02,Uranus,2027-01-02T21:00:00+10:00,42.03,good
2027-01-02,Neptune,2027-01-02T17:00:00+10:00,62.97,excellent
2027-01-03,Mercury,2027-01-03T12:00:00+10:00,87.01,excellent
2027-01-03,Venus,2027-01-03T08:30:00+10:00,78.28,excellent
2027-01-03,Mars,2027-01-03T04:00:00+10:00,51.55,excellent
2027-01-03,Jupiter,2027-01-03T03:00:00+10:00,48.86,excellent
2027-01-03,Saturn,2027-01-03T17:30:00+10:00,61.4,excellent
2027-01-03,Uranus,2027-01-03T21:00:00+10:00,42.03,good
2027-01-03,Neptune,2027-01-03T17:00:00+10:00,63.03,excellent
2027-01-04,Mercury,2027-01-04T12:00:00+10:00,86.99,excellent
2027-01-04,Venus,2027-01-04T08:30:00+10:00,78.52,excellent
2027-01-04,Mars,2027-01-04T04:00:00+10:00,51.49,excellent
2027-01-04,Jupiter,2027-01-04T03:00:00+10:00,48.79,excellent
2027-01-04,Saturn,2027-01-04T17:30:00+10:00,61.38,excellent
2027-01-04,Uranus,2027-01-04T21:00:00+10:00,42.01,good
2027-01-04,Neptune,2027-01-04T17:00:00+10:00,63.06,excellent
2027-01-05,Mercury,2027-01-05T12:00:00+10:00,86.79,excellent
2027-01-05,Venus,2027-01-05T08:30:00+10:00,78.74,excellent
2027-01-05,Mars,2027-01-05T03:30:00+10:00,51.47,excellent
2027-01-05,Jupiter,2027-01-05T03:00:00+10:00,48.7,excellent
2027-01-05,Saturn,2027-01-05T17:30:00+10:00,61.34,excellent
2027-01-05,Uranus,2027-01-05T21:00:00+10:00,41.97,good
2027-01-05,Neptune,2027-01-05T17:00:00+10:00,63.05,excellent
2027-01-06,Mercury,2027-01-06T12:00:00+10:00,86.42,excellent
2027-01-06,Venus,2027-01-06T08:30:00+10:00,78.97,excellent
2027-01-06,Mars,2027-01-06T03:30:00+10:00,51.53,excellent
2027-01-06,Jupiter,2027-01-06T02:30:00+10:00,48.68,excellent
2027-01-06,Saturn,2027-01-06T17:30:00+10:00,61.26,excellent
2027-01-06,Uranus,2027-01-06T21:00:00+10:00,41.91,good
2027-01-06,Neptune,2027-01-06T17:00:00+10:00,63.01,excellent
2027-01-07,Mercury,2027-01-07T12:00:00+10:00,85.93,excellent
2027-01-07,Venus,2027-01-07T08:30:00+10:00,79.19,excellent
2027-01-07,Mars,2027-01-07T03:30:00+10:00,51.56,excellent
2027-01-07,Jupiter,2027-01-07T02:30:00+10:00,48.72,excellent
2027-01-07,Saturn,2027-01-07T17:30:00+10:00,61.15,excellent
2027-01-07,Uranus,2027-01-07T20:30:00+10:00,41.98,good
2027-01-07,Neptune,2027-01-07T17:00:00+10:00,62.94,excellent
2027-01-08,Mercury,2027-01-08T12:00:00+10:00,85.34,excellent
2027-01-08,Venus,2027-01-08T08:30:00+10:00,79.41,excellent
2027-01-08,Mars,2027-01-08T03:30:00+10:00,51.57,excellent
2027-01-08,Jupiter,2027-01-08T02:30:00+10:00,48.72,excellent
2027-01-08,Saturn,2027-01-08T17:00:00+10:00,61.12,excellent
2027-01-08,Uranus,2027-01-08T20:30:00+10:00,42.03,good
2027-01-08,Neptune,2027-01-08T17:00:00+10:00,62.84,excellent
2027-01-09,Mercury,2027-01-09T12:30:00+10:00,84.85,excellent
2027-01-09,Venus,2027-01-09T08:30:00+10:00,79.62,excellent
2027-01-09,Mars,2027-01-09T03:30:00+10:00,51.55,excellent
2027-01-09,Jupiter,2027-01-09T02:30:00+10:00,48.71,excellent
2027-01-09,Saturn,2027-01-09T17:00:00+10:00,61.19,excellent
2027-01-09,Uranus,2027-01-09T20:30:00+10:00,42.06,good
2027-01-09,Neptune,2027-01-09T16:30:00+10:00,62.86,excellent
2027-01-10,Mercury,2027-01-10T12:30:00+10:00,85.04,excellent
2027-01-10,Venus,2027-01-10T08:30:00+10:00,79.83,excellent
2027-01-10,Mars,2027-01-10T03:30:00+10:00,51.51,excellent
2027-01-10,Jupiter,2027-01-10T02:30:00+10:00,48.66,excellent
2027-01-10,Saturn,2027-01-10T17:00:00+10:00,61.22,excellent
2027-01-10,Uranus,2027-01-10T20:30:00+10:00,42.07,good
2027-01-10,Neptune,2027-01-10T16:30:00+10:00,62.94,excellent
2027-01-11,Mercury,2027-01-11T12:30:00+10:00,85.09,excellent
2027-01-11,Venus,2027-01-11T08:30:00+10:00,80.03,excellent
2027-01-11,Mars,2027-01-11T03:30:00+10:00,51.44,excellent
2027-01-11,Jupiter,2027-01-11T02:30:00+10:00,48.59,excellent
2027-01-11,Saturn,2027-01-11T17:00:00+10:00,61.22,excellent
2027-01-11,Uranus,2027-01-11T20:30:00+10:00,42.06,good
2027-01-11,Neptune,2027-01-11T16:30:00+10:00,62.99,excellent
2027-01-12,Mercury,2027-01-12T12:30:00+10:00,84.99,excellent
2027-01-12,Venus,2027-01-12T08:30:00+10:00,80.22,excellent
2027-01-12,Mars,2027-01-12T03:30:00+10:00,51.34,excellent
2027-01-12,Jupiter,2027-01-12T02:30:00+10:00,48.49,excellent
2027-01-12,Saturn,2027-01-12T17:00:00+10:00,61.2,excellent
2027-01-12,Uranus,2027-01-12T20:30:00+10:00,42.03,good
2027-01-12,Neptune,2027-01-12T16:30:00+10:00,63.01,excellent
2027-01-13,Mercury,2027-01-13T12:30:00+10:00,84.75,excellent
2027-01-13,Venus,2027-01-13T08:30:00+10:00,80.41,excellent
2027-01-13,Mars,2027-01-13T03:00:00+10:00,51.29,excellent
2027-01-13,Jupiter,2027-01-13T02:00:00+10:00,48.46,excellent
2027-01-13,Saturn,2027-01-13T17:00:00+10:00,61.14,excellent
2027-01-13,Uranus,2027-01-13T20:30:00+10:00,41.98,good
2027-01-13,Neptune,2027-01-13T16:30:00+10:00,62.99,excellent
2027-01-14,Mercury,2027-01-14T12:30:00+10:00,84.38,excellent
2027-01-14,Venus,2027-01-14T08:30:00+10:00,80.59,excellent
2027-01-14,Mars,2027-01-14T03:00:00+10:00,51.31,excellent
2027-01-14,Jupiter,2027-01-14T02:00:00+10:00,48.49,excellent
2027-01-14,Saturn,2027-01-14T17:00:00+10:00,61.06,excellent
2027-01-14,Uranus,2027-01-14T20:00:00+10:00,41.98,good
2027-01-14,Neptune,2027-01-14T16:30:00+10:00,62.95,excellent
2027-01-15,Mercury,2027-01-15T12:30:00+10:00,83.91,excellent
2027-01-15,Venus,2027-01-15T08:30:00+10:00,80.76,excellent
2027-01-15,Mars,2027-01-15T03:00:00+10:00,51.31,excellent
2027-01-15,Jupiter,2027-01-15T02:00:00+10:00,48.49,excellent
2027-01-15,Saturn,2027-01-15T17:00:00+10:00,60.95,excellent
2027-01-15,Uranus,2027-01-15T20:00:00+10:00,42.04,good
2027-01-15,Neptune,2027-01-15T16:30:00+10:00,62.87,excellent
2027-01-16,Mercury,2027-01-16T12:30:00+10:00,83.35,excellent
2027-01-16,Venus,2027-01-16T08:30:00+10:00,80.92,excellent
2027-01-16,Mars,2027-01-16T03:00:00+10:00,51.27,excellent
2027-01-16,Jupiter,2027-01-16T02:00:00+10:00,48.46,excellent
2027-01-16,Saturn,2027-01-16T16:30:00+10:00,60.92,excellent
2027-01-16,Uranus,2027-01-16T20:00:00+10:00,42.08,good
2027-01-16,Neptune,2027-01-16T16:30:00+10:00,62.75,excellent
2027-01-17,Mercury,2027-01-17T12:30:00+10:00,82.71,excellent
2027-01-17,Venus,2027-01-17T08:30:00+10:00,81.07,excellent
2027-01-17,Mars,2027-01-17T03:00:00+10:00,51.21,excellent
2027-01-17,Jupiter,2027-01-17T02:00:00+10:00,48.41,excellent
2027-01-17,Saturn,2027-01-17T16:30:00+10:00,60.97,excellent
2027-01-17,Uranus,2027-01-17T20:00:00+10:00,42.09,good
2027-01-17,Neptune,2027-01-17T16:00:00+10:00,62.83,excellent
2027-01-18,Mercury,2027-01-18T12:30:00+10:00,82.02,excellent
2027-01-18,Venus,2027-01-18T08:30:00+10:00,81.21,excellent
2027-01-18,Mars,2027-01-18T03:00:00+10:00,51.11,excellent
2027-01-18,Jupiter,2027-01-18T02:00:00+10:00,48.33,excellent
2027-01-18,Saturn,2027-01-18T16:30:00+10:00,61.0,excellent
2027-01-18,Uranus,2027-01-18T20:00:00+10:00,42.09,good
2027-01-18,Neptune,2027-01-18T16:00:00+10:00,62.9,excellent
2027-01-19,Mercury,2027-01-19T13:00:00+10:00,81.53,excellent
2027-01-19,Venus,2027-01-19T08:30:00+10:00,81.34,excellent
2027-01-19,Mars,2027-01-19T03:00:00+10:00,50.98,excellent
2027-01-19,Jupiter,2027-01-19T02:00:00+10:00,48.23,excellent
2027-01-19,Saturn,2027-01-19T16:30:00+10:00,61.0,excellent
2027-01-19,Uranus,2027-01-19T20:00:00+10:00,42.07,good
2027-01-19,Neptune,2027-01-19T16:00:00+10:00,62.94,excellent
2027-01-20,Mercury,2027-01-20T13:00:00+10:00,81.24,excellent
2027-01-20,Venus,2027-01-20T08:30:00+10:00,81.46,excellent
2027-01-20,Mars,2027-01-20T02:30:00+10:00,50.85,excellent
2027-01-20,Jupiter,2027-01-20T01:30:00+10:00,48.2,excellent
2027-01-20,Saturn,2027-01-20T16:30:00+10:00,60.97,excellent
2027-01-20,Uranus,2027-01-20T20:00:00+10:00,42.03,good
2027-01-20,Neptune,2027-01-20T16:00:00+10:00,62.94,excellent
2027-01-21,Mercury,2027-01-21T13:00:00+10:00,80.86,excellent
2027-01-21,Venus,2027-01-21T08:30:00+10:00,81.57,excellent
2027-01-21,Mars,2027-01-21T02:30:00+10:00,50.85,excellent
2027-01-21,Jupiter,2027-01-21T01:30:00+10:00,48.22,excellent
2027-01-21,Saturn,2027-01-21T16:30:00+10:00,60.92,excellent
2027-01-21,Uranus,2027-01-21T19:30:00+10:00,41.97,good
2027-01-21,Neptune,2027-01-21T16:00:00+10:00,62.92,excellent
2027-01-22,Mercury,2027-01-22T13:00:00+10:00,80.4,excellent
2027-01-22,Venus,2027-01-22T08:30:00+10:00,81.66,excellent
2027-01-22,Mars,2027-01-22T02:30:00+10:00,50.82,excellent
2027-01-22,Jupiter,2027-01-22T01:30:00+10:00,48.22,excellent
2027-01-22,Saturn,2027-01-22T16:30:00+10:00,60.84,excellent
2027-01-22,Uranus,2027-01-22T19:30:00+10:00,42.04,good
2027-01-22,Neptune,2027-01-22T16:00:00+10:00,62.86,excellent
2027-01-23,Mercury,2027-01-23T13:00:00+10:00,79.87,excellent
2027-01-23,Venus,2027-01-23T08:30:00+10:00,81.75,excellent
2027-01-23,Mars,2027-01-23T02:30:00+10:00,50.76,excellent
2027-01-23,Jupiter,2027-01-23T01:30:00+10:00,48.19,excellent
2027-01-23,Saturn,2027-01-23T16:30:00+10:00,60.73,excellent
2027-01-23,Uranus,2027-01-23T19:30:00+10:00,42.08,good
2027-01-23,Neptune,2027-01-23T16:00:00+10:00,62.78,excellent
2027-01-24,Mercury,2027-01-24T13:00:00+10:00,79.28,excellent
2027-01-24,Venus,2027-01-24T08:30:00+10:00,81.81,excellent
2027-01-24,Mars,2027-01-24T02:30:00+10:00,50.66,excellent
2027-01-24,Jupiter,2027-01-24T01:30:00+10:00,48.13,excellent
2027-01-24,Saturn,2027-01-24T16:00:00+10:00,60.66,excellent
2027-01-24,Uranus,2027-01-24T19:30:00+10:00,42.11,good
2027-01-24,Neptune,2027-01-24T15:30:00+10:00,62.68,excellent
2027-01-25,Mercury,2027-01-25T13:00:00+10:00,78.64,excellent
2027-01-25,Venus,2027-01-25T09:00:00+10:00,81.92,excellent
2027-01-25,Mars,2027-01-25T02:30:00+10:00,50.52,excellent
2027-01-25,Jupiter,2027-01-25T01:30:00+10:00,48.05,excellent
2027-01-25,Saturn,2027-01-25T16:00:00+10:00,60.72,excellent
2027-01-25,Uranus,2027-01-25T19:30:00+10:00,42.12,good
2027-01-25,Neptune,2027-01-25T15:30:00+10:00,62.77,excellent
2027-01-26,Mercury,2027-01-26T13:00:00+10:00,77.97,excellent
2027-01-26,Venus,2027-01-26T09:00:00+10:00,82.11,excellent
2027-01-26,Mars,2027-01-26T02:30:00+10:00,50.35,excellent
2027-01-26,Jupiter,2027-01-26T01:30:00+10:00,47.93,excellent
2027-01-26,Saturn,2027-01-26T16:00:00+10:00,60.74,excellent
2027-01-26,Uranus,2027-01-26T19:30:00+10:00,42.1,good
2027-01-26,Neptune,2027-01-26T15:30:00+10:00,62.84,excellent
2027-01-27,Mercury,2027-01-27T13:00:00+10:00,77.28,excellent
2027-01-27,Venus,2027-01-27T09:00:00+10:00,82.3,excellent
2027-01-27,Mars,2027-01-27T02:00:00+10:00,50.25,excellent
2027-01-27,Jupiter,2027-01-27T01:00:00+10:00,47.92,excellent
2027-01-27,Saturn,2027-01-27T16:00:00+10:00,60.74,excellent
2027-01-27,Uranus,2027-01-27T19:30:00+10:00,42.07,good
2027-01-27,Neptune,2027-01-27T15:30:00+10:00,62.87,excellent
2027-01-28,Mercury,2027-01-28T13:00:00+10:00,76.57,excellent
2027-01-28,Venus,2027-01-28T09:00:00+10:00,82.48,excellent
2027-01-28,Mars,2027-01-28T02:00:00+10:00,50.21,excellent
2027-01-28,Jupiter,2027-01-28T01:00:00+10:00,47.94,excellent
2027-01-28,Saturn,2027-01-28T16:00:00+10:00,60.72,excellent
2027-01-28,Uranus,2027-01-28T19:30:00+10:00,42.02,good
2027-01-28,Neptune,2027-01-28T15:30:00+10:00,62.87,excellent
2027-01-29,Mercury,2027-01-29T13:00:00+10:00,75.86,excellent
2027-01-29,Venus,2027-01-29T09:00:00+10:00,82.65,excellent
2027-01-29,Mars,2027-01-29T02:00:00+10:00,50.14,excellent
2027-01-29,Jupiter,2027-01-29T01:00:00+10:00,47.93,excellent
2027-01-29,Saturn,2027-01-29T16:00:00+10:00,60.66,excellent
2027-01-29,Uranus,2027-01-29T19:00:00+10:00,42.02,good
2027-01-29,Neptune,2027-01-29T15:30:00+10:00,62.83,excellent
2027-01-30,Mercury,2027-01-30T13:00:00+10:00,75.15,excellent
2027-01-30,Venus,2027-01-30T09:00:00+10:00,82.82,excellent
2027-01-30,Mars,2027-01-30T02:00:00+10:00,50.03,excellent
2027-01-30,Jupiter,2027-01-30T01:00:00+10:00,47.89,excellent
2027-01-30,Saturn,2027-01-30T16:00:00+10:00,60.58,excellent
2027-01-30,Uranus,2027-01-30T19:00:00+10:00,42.08,good
2027-01-30,Neptune,2027-01-30T15:30:00+10:00,62.77,excellent
2027-01-31,Mercury,2027-01-31T13:00:00+10:00,74.46,excellent
2027-01-31,Venus,2027-01-31T09:00:00+10:00,82.97,excellent
2027-01-31,Mars,2027-01-31T02:00:00+10:00,49.88,excellent
2027-01-31,Jupiter,2027-01-31T01:00:00+10:00,47.83,excellent
2027-01-31,Saturn,2027-01-31T16:00:00+10:00,60.48,excellent
2027-01-31,Uranus,2027-01-31T19:00:00+10:00,42.11,good
2027-01-31,Neptune,2027-01-31T15:30:00+10:00,62.68,excellent
2027-02-01,Mercury,2027-02-01T13:00:00+10:00,73.79,excellent
2027-02-01,Venus,2027-02-01T09:00:00+10:00,83.11,excellent
2027-02-01,Mars,2027-02-01T02:00:00+10:00,49.69,excellent
2027-02-01,Jupiter,2027-02-01T01:00:00+10:00,47.73,excellent
2027-02-01,Saturn,2027-02-01T15:30:00+10:00,60.36,excellent
2027-02-01,Uranus,2027-02-01T19:00:00+10:00,42.13,good
2027-02-01,Neptune,2027-02-01T15:00:00+10:00,62.62,excellent
2027-02-02,Mercury,2027-02-02T13:00:00+10:00,73.15,excellent
2027-02-02,Venus,2027-02-02T09:00:00+10:00,83.24,excellent
2027-02-02,Mars,2027-02-02T01:30:00+10:00,49.52,excellent
2027-02-02,Jupiter,2027-02-02T01:00:00+10:00,47.61,excellent
2027-02-02,Saturn,2027-02-02T15:30:00+10:00,60.42,excellent
2027-02-02,Uranus,2027-02-02T19:00:00+10:00,42.12,good
2027-02-02,Neptune,2027-02-02T15:00:00+10:00,62.71,excellent
2027-02-03,Mercury,2027-02-03T13:00:00+10:00,72.56,excellent
2027-02-03,Venus,2027-02-03T09:00:00+10:00,83.36,excellent
2027-02-03,Mars,2027-02-03T01:30:00+10:00,49.48,excellent
2027-02-03,Jupiter,2027-02-03T00:30:00+10:00,47.63,excellent
2027-02-03,Saturn,2027-02-03T15:30:00+10:00,60.45,excellent
2027-02-03,Uranus,2027-02-03T19:00:00+10:00,42.1,good
2027-02-03,Neptune,2027-02-03T15:00:00+10:00,62.76,excellent
2027-02-04,Mercury,2027-02-04T13:00:00+10:00,72.0,excellent
2027-02-04,Venus,2027-02-04T09:00:00+10:00,83.47,excellent
2027-02-04,Mars,2027-02-04T01:30:00+10:00,49.39,excellent
2027-02-04,Jupiter,2027-02-04T00:30:00+10:00,47.64,excellent
2027-02-04,Saturn,2027-02-04T15:30:00+10:00,60.45,excellent
2027-02-04,Uranus,2027-02-04T19:00:00+10:00,42.06,good
2027-02-04,Neptune,2027-02-04T15:00:00+10:00,62.78,excellent
2027-02-05,Mercury,2027-02-05T13:00:00+10:00,71.5,excellent
2027-02-05,Venus,2027-02-05T09:00:00+10:00,83.55,excellent
2027-02-05,Mars,2027-02-05T01:30:00+10:00,49.26,excellent
2027-02-05,Jupiter,2027-02-05T00:30:00+10:00,47.62,excellent
2027-02-05,Saturn,2027-02-05T15:30:00+10:00,60.43,excellent
2027-02-05,Uranus,2027-02-05T19:00:00+10:00,42.0,good
2027-02-05,Neptune,2027-02-05T15:00:00+10:00,62.78,excellent
2027-02-06,Mercury,2027-02-06T13:00:00+10:00,71.05,excellent
2027-02-06,Venus,2027-02-06T09:00:00+10:00,83.63,excellent
2027-02-06,Mars,2027-02-06T01:30:00+10:00,49.1,excellent
2027-02-06,Jupiter,2027-02-06T00:30:00+10:00,47.58,excellent
2027-02-06,Saturn,2027-02-06T15:30:00+10:00,60.38,excellent
2027-02-06,Uranus,2027-02-06T18:30:00+10:00,42.05,good
2027-02-06,Neptune,2027-02-06T15:00:00+10:00,62.74,excellent
2027-02-07,Mercury,2027-02-07T13:00:00+10:00,70.65,excellent
2027-02-07,Venus,2027-02-07T09:00:00+10:00,83.69,excellent
2027-02-07,Mars,2027-02-07T01:30:00+10:00,48.89,excellent
2027-02-07,Jupiter,2027-02-07T00:30:00+10:00,47.51,excellent
2027-02-07,Saturn,2027-02-07T15:30:00+10:00,60.3,excellent
2027-02-07,Uranus,2027-02-07T18:30:00+10:00,42.1,good
2027-02-07,Neptune,2027-02-07T15:00:00+10:00,62.67,excellent
2027-02-08,Mercury,2027-02-08T13:00:00+10:00,70.3,excellent
2027-02-08,Venus,2027-02-08T09:00:00+10:00,83.73,excellent
2027-02-08,Mars,2027-02-08T01:00:00+10:00,48.73,excellent
2027-02-08,Jupiter,2027-02-08T00:30:00+10:00,47.41,excellent
2027-02-08,Saturn,2027-02-08T15:30:00+10:00,60.2,excellent
2027-02-08,Uranus,2027-02-08T18:30:00+10:00,42.12,good
2027-02-08,Neptune,2027-02-08T15:00:00+10:00,62.57,excellent
2027-02-09,Mercury,2027-02-09T13:00:00+10:00,69.98,excellent
2027-02-09,Venus,2027-02-09T09:00:00+10:00,83.75,excellent
2027-02-09,Mars,2027-02-09T01:00:00+10:00,48.66,excellent
2027-02-09,Jupiter,2027-02-09T00:00:00+10:00,47.3,excellent
2027-02-09,Saturn,2027-02-09T15:30:00+10:00,60.08,excellent
2027-02-09,Uranus,2027-02-09T18:30:00+10:00,42.13,good
2027-02-09,Neptune,2027-02-09T14:30:00+10:00,62.55,excellent
2027-02-10,Mercury,2027-02-10T13:00:00+10:00,69.7,excellent
2027-02-10,Venus,2027-02-10T09:00:00+10:00,83.76,excellent
2027-02-10,Mars,2027-02-10T01:00:00+10:00,48.56,excellent
2027-02-10,Jupiter,2027-02-10T00:00:00+10:00,47.33,excellent
2027-02-10,Saturn,2027-02-10T15:00:00+10:00,60.09,excellent
2027-02-10,Uranus,2027-02-10T18:30:00+10:00,42.12,good
2027-02-10,Neptune,2027-02-10T14:30:00+10:00,62.62,excellent
2027-02-11,Mercury,2027-02-11T13:00:00+10:00,69.42,excellent
2027-02-11,Venus,2027-02-11T09:00:00+10:00,83.74,excellent
2027-02-11,Mars,2027-02-11T01:00:00+10:00,48.42,excellent
2027-02-11,Jupiter,2027-02-11T00:00:00+10:00,47.34,excellent
2027-02-11,Saturn,2027-02-11T15:00:00+10:00,60.12,excellent
2027-02-11,Uranus,2027-02-11T18:30:00+10:00,42.09,good
2027-02-11,Neptune,2027-02-11T14:30:00+10:00,62.67,excellent
2027-02-12,Mercury,2027-02-12T13:00:00+10:00,69.14,excellent
2027-02-12,Venus,2027-02-12T09:00:00+10:00,83.71,excellent
2027-02-12,Mars,2027-02-12T01:00:00+10:00,48.23,excellent
2027-02-12,Jupiter,2027-02-12T00:00:00+10:00,47.31,excellent
2027-02-12,Saturn,2027-02-12T15:00:00+10:00,60.13,excellent
2027-02-12,Uranus,2027-02-12T18:30:00+10:00,42.04,good
2027-02-12,Neptune,2027-02-12T14:30:00+10:00,62.69,excellent
2027-02-13,Mercury,2027-02-13T12:30:00+10:00,69.29,excellent
2027-02-13,Venus,2027-02-13T09:00:00+10:00,83.66,excellent
2027-02-13,Mars,2027-02-13T01:00:00+10:00,48.01,excellent
2027-02-13,Jupiter,2027-02-13T00:00:00+10:00,47.26,excellent
2027-02-13,Saturn,2027-02-13T15:00:00+10:00,60.11,excellent
2027-02-13,Uranus,2027-02-13T18:00:00+10:00,42.01,good
2027-02-13,Neptune,2027-02-13T14:30:00+10:00,62.68,excellent
2027-02-14,Mercury,2027-02-14T12:30:00+10:00,69.44,excellent
2027-02-14,Venus,2027-02-14T09:00:00+10:00,83.59,excellent
2027-02-14,Mars,2027-02-14T00:30:00+10:00,47.9,excellent
2027-02-14,Jupiter,2027-02-14T00:00:00+10:00,47.18,excellent
2027-02-14,Saturn,2027-02-14T15:00:00+10:00,60.07,excellent
2027-02-14,Uranus,2027-02-14T18:00:00+10:00,42.07,good
2027-02-14,Neptune,2027-02-14T14:30:00+10:00,62.63,excellent
2027-02-15,Mercury,2027-02-15T12:30:00+10:00,69.55,excellent
2027-02-15,Venus,2027-02-15T09:00:00+10:00,83.5,excellent
2027-02-15,Mars,2027-02-15T00:30:00+10:00,47.82,excellent
2027-02-15,Jupiter,2027-02-15T00:00:00+10:00,47.08,excellent
2027-02-15,Saturn,2027-02-15T15:00:00+10:00,60.0,excellent
2027-02-15,Uranus,2027-02-15T18:00:00+10:00,42.1,good
2027-02-15,Neptune,2027-02-15T14:30:00+10:00,62.56,excellent
2027-02-16,Mercury,2027-02-16T12:30:00+10:00,69.56,excellent
2027-02-16,Venus,2027-02-16T09:00:00+10:00,83.4,excellent
2027-02-16,Mars,2027-02-16T00:30:00+10:00,47.7,excellent
2027-02-16,Jupiter,2027-02-16T23:30:00+10:00,47.04,excellent
2027-02-16,Saturn,2027-02-16T15:00:00+10:00,59.9,excellent
2027-02-16,Uranus,2027-02-16T18:00:00+10:00,42.12,good
2027-02-16,Neptune,2027-02-16T14:30:00+10:00,62.45,excellent
2027-02-17,Mercury,2027-02-17T12:00:00+10:00,69.9,excellent
2027-02-17,Venus,2027-02-17T09:00:00+10:00,83.28,excellent
2027-02-17,Mars,2027-02-17T00:30:00+10:00,47.54,excellent
2027-02-17,Jupiter,2027-02-17T23:30:00+10:00,47.04,excellent
2027-02-17,Saturn,2027-02-17T15:00:00+10:00,59.79,excellent
2027-02-17,Uranus,2027-02-17T18:00:00+10:00,42.12,good
2027-02-17,Neptune,2027-02-17T14:00:00+10:00,62.46,excellent
2027-02-18,Mercury,2027-02-18T12:00:00+10:00,70.34,excellent
2027-02-18,Venus,2027-02-18T09:00:00+10:00,83.14,excellent
2027-02-18,Mars,2027-02-18T00:30:00+10:00,47.34,excellent
2027-02-18,Jupiter,2027-02-18T23:30:00+10:00,47.01,excellent
2027-02-18,Saturn,2027-02-18T14:30:00+10:00,59.72,excellent
2027-02-18,Uranus,2027-02-18T18:00:00+10:00,42.1,good
2027-02-18,Neptune,2027-02-18T14:00:00+10:00,62.53,excellent
2027-02-19,Mercury,2027-02-19T12:00:00+10:00,70.64,excellent
2027-02-19,Venus,2027-02-19T09:00:00+10:00,82.99,excellent
2027-02-19,Mars,2027-02-19T00:00:00+10:00,47.14,excellent
2027-02-19,Jupiter,2027-02-19T23:30:00+10:00,46.95,excellent
2027-02-19,Saturn,2027-02-19T14:30:00+10:00,59.76,excellent
2027-02-19,Uranus,2027-02-19T18:00:00+10:00,42.06,good
2027-02-19,Neptune,2027-02-19T14:00:00+10:00,62.58,excellent
2027-02-20,Mercury,2027-02-20T12:00:00+10:00,70.78,excellent
2027-02-20,Venus,2027-02-20T09:00:00+10:00,82.82,excellent
2027-02-20,Mars,2027-02-20T00:00:00+10:00,47.08,excellent
2027-02-20,Jupiter,2027-02-20T23:30:00+10:00,46.87,excellent
2027-02-20,Saturn,2027-02-20T14:30:00+10:00,59.78,excellent
2027-02-20,Uranus,2027-02-20T18:00:00+10:00,42.0,good
2027-02-20,Neptune,2027-02-20T14:00:00+10:00,62.59,excellent
2027-02-21,Mercury,2027-02-21T11:30:00+10:00,71.43,excellent
2027-02-21,Venus,2027-02-21T09:00:00+10:00,82.63,excellent
2027-02-21,Mars,2027-02-21T00:00:00+10:00,46.99,excellent
2027-02-21,Jupiter,2027-02-21T23:30:00+10:00,46.76,excellent
2027-02-21,Saturn,2027-02-21T14:30:00+10:00,59.77,excellent
2027-02-21,Uranus,2027-02-21T17:30:00+10:00,42.01,good
2027-02-21,Neptune,2027-02-21T14:00:00+10:00,62.57,excellent
2027-02-22,Mercury,2027-02-22T11:30:00+10:00,71.94,excellent
2027-02-22,Venus,2027-02-22T09:00:00+10:00,82.43,excellent
2027-02-22,Mars,2027-02-22T00:00:00+10:00,46.86,excellent
2027-02-22,Jupiter,2027-02-22T23:00:00+10:00,46.74,excellent
2027-02-22,Saturn,2027-02-22T14:30:00+10:00,59.73,excellent
2027-02-22,Uranus,2027-02-22T17:30:00+10:00,42.06,good
2027-02-22,Neptune,2027-02-22T14:00:00+10:00,62.52,excellent
2027-02-23,Mercury,2027-02-23T11:30:00+10:00,72.27,excellent
2027-02-23,Venus,2027-02-23T09:00:00+10:00,82.22,excellent
2027-02-23,Mars,2027-02-23T00:00:00+10:00,46.69,excellent
2027-02-23,Jupiter,2027-02-23T23:00:00+10:00,46.76,excellent
2027-02-23,Saturn,2027-02-23T14:30:00+10:00,59.67,excellent
2027-02-23,Uranus,2027-02-23T17:30:00+10:00,42.09,good
2027-02-23,Neptune,2027-02-23T14:00:00+10:00,62.44,excellent
2027-02-24,Mercury,2027-02-24T11:00:00+10:00,72.46,excellent
2027-02-24,Venus,2027-02-24T09:30:00+10:00,82.01,excellent
2027-02-24,Mars,2027-02-24T00:00:00+10:00,46.49,excellent
2027-02-24,Jupiter,2027-02-24T23:00:00+10:00,46.75,excellent
2027-02-24,Saturn,2027-02-24T14:30:00+10:00,59.59,excellent
2027-02-24,Uranus,2027-02-24T17:30:00+10:00,42.1,good
2027-02-24,Neptune,2027-02-24T14:00:00+10:00,62.33,excellent
2027-02-25,Mercury,2027-02-25T11:00:00+10:00,73.12,excellent
2027-02-25,Venus,2027-02-25T09:30:00+10:00,81.98,excellent
2027-02-25,Mars,2027-02-25T23:30:00+10:00,46.34,excellent
2027-02-25,Jupiter,2027-02-25T23:00:00+10:00,46.72,excellent
2027-02-25,Saturn,2027-02-25T14:30:00+10:00,59.48,excellent
2027-02-25,Uranus,2027-02-25T17:30:00+10:00,42.1,good
2027-02-25,Neptune,2027-02-25T13:30:00+10:00,62.36,excellent
2027-02-26,Mercury,2027-02-26T11:00:00+10:00,73.62,excellent
2027-02-26,Venus,2027-02-26T09:30:00+10:00,81.93,excellent
2027-02-26,Mars,2027-02-26T23:30:00+10:00,46.24,excellent
2027-02-26,Jupiter,2027-02-26T23:00:00+10:00,46.66,excellent
2027-02-26,Saturn,2027-02-26T14:30:00+10:00,59.35,excellent
2027-02-26,Uranus,2027-02-26T17:30:00+10:00,42.07,good
2027-02-26,Neptune,2027-02-26T13:30:00+10:00,62.43,excellent
2027-02-27,Mercury,2027-02-27T11:00:00+10:00,73.96,excellent
2027-02-27,Venus,2027-02-27T09:30:00+10:00,81.86,excellent
2027-02-27,Mars,2027-02-27T23:30:00+10:00,46.11,excellent
2027-02-27,Jupiter,2027-02-27T23:00:00+10:00,46.58,excellent
2027-02-27,Saturn,2027-02-27T14:00:00+10:00,59.38,excellent
2027-02-27,Uranus,2027-02-27T17:30:00+10:00,42.03,good
2027-02-27,Neptune,2027-02-27T13:30:00+10:00,62.47,excellent
2027-02-28,Mercury,2027-02-28T11:00:00+10:00,74.17,excellent
2027-02-28,Venus,2027-02-28T09:30:00+10:00,81.78,excellent
2027-02-28,Mars,2027-02-28T23:30:00+10:00,45.94,excellent
2027-02-28,Jupiter,2027-02-28T23:00:00+10:00,46.47,excellent
2027-02-28,Saturn,2027-02-28T14:00:00+10:00,59.4,excellent
2027-02-28,Uranus,2027-02-28T17:30:00+10:00,41.96,good
2027-02-28,Neptune,2027-02-28T13:30:00+10:00,62.48,excellent
2027-03-01,Mercury,2027-03-01T11:00:00+10:00,74.26,excellent
2027-03-01,Venus,2027-03-01T09:30:00+10:00,81.67,excellent
2027-03-01,Mars,2027-03-01T23:00:00+10:00,45.77,excellent
2027-03-01,Jupiter,2027-03-01T22:30:00+10:00,46.48,excellent
2027-03-01,Saturn,2027-03-01T14:00:00+10:00,59.4,excellent
2027-03-01,Uranus,2027-03-01T17:00:00+10:00,42.0,good
2027-03-01,Neptune,2027-03-01T13:30:00+10:00,62.46,excellent
2027-03-02,Mercury,2027-03-02T10:30:00+10:00,74.73,excellent
2027-03-02,Venus,2027-03-02T09:30:00+10:00,81.54,excellent
2027-03-02,Mars,2027-03-02T23:00:00+10:00,45.75,excellent
2027-03-02,Jupiter,2027-03-02T22:30:00+10:00,46.5,excellent
2027-03-02,Saturn,2027-03-02T14:00:00+10:00,59.37,excellent
2027-03-02,Uranus,2027-03-02T17:00:00+10:00,42.05,good
2027-03-02,Neptune,2027-03-02T13:30:00+10:00,62.4,excellent
2027-03-03,Mercury,2027-03-03T10:30:00+10:00,75.11,excellent
2027-03-03,Venus,2027-03-03T09:30:00+10:00,81.4,excellent
2027-03-03,Mars,2027-03-03T23:00:00+10:00,45.7,excellent
2027-03-03,Jupiter,2027-03-03T22:30:00+10:00,46.49,excellent
2027-03-03,Saturn,2027-03-03T14:00:00+10:00,59.32,excellent
2027-03-03,Uranus,2027-03-03T17:00:00+10:00,42.07,good
2027-03-03,Neptune,2027-03-03T13:30:00+10:00,62.32,excellent
2027-03-04,Mercury,2027-03-04T10:30:00+10:00,75.39,excellent
2027-03-04,Venus,2027-03-04T09:30:00+10:00,81.24,excellent
2027-03-04,Mars,2027-03-04T23:00:00+10:00,45.61,excellent
2027-03-04,Jupiter,2027-03-04T22:30:00+10:00,46.46,excellent
2027-03-04,Saturn,2027-03-04T14:00:00+10:00,59.25,excellent
2027-03-04,Uranus,2027-03-04T17:00:00+10:00,42.08,good
2027-03-04,Neptune,2027-03-04T13:30:00+10:00,62.21,excellent
2027-03-05,Mercury,2027-03-05T10:30:00+10:00,75.59,excellent
2027-03-05,Venus,2027-03-05T09:30:00+10:00,81.06,excellent
2027-03-05,Mars,2027-03-05T23:00:00+10:00,45.49,excellent
2027-03-05,Jupiter,2027-03-05T22:30:00+10:00,46.4,excellent
2027-03-05,Saturn,2027-03-05T14:00:00+10:00,59.15,excellent
2027-03-05,Uranus,2027-03-05T17:00:00+10:00,42.06,good
2027-03-05,Neptune,2027-03-05T13:00:00+10:00,62.26,excellent
2027-03-06,Mercury,2027-03-06T10:30:00+10:00,75.72,excellent
2027-03-06,Venus,2027-03-06T09:30:00+10:00,80.87,excellent
2027-03-06,Mars,2027-03-06T23:00:00+10:00,45.34,excellent
2027-03-06,Jupiter,2027-03-06T22:30:00+10:00,46.32,excellent
2027-03-06,Saturn,2027-03-06T14:00:00+10:00,59.03,excellent
2027-03-06,Uranus,2027-03-06T17:00:00+10:00,42.03,good
2027-03-06,Neptune,2027-03-06T13:00:00+10:00,62.33,excellent
2027-03-07,Mercury,2027-03-07T10:30:00+10:00,75.79,excellent
2027-03-07,Venus,2027-03-07T09:30:00+10:00,80.66,excellent
2027-03-07,Mars,2027-03-07T22:30:00+10:00,45.26,excellent
2027-03-07,Jupiter,2027-03-07T22:30:00+10:00,46.21,excellent
2027-03-07,Saturn,2027-03-07T13:30:00+10:00,58.97,excellent
2027-03-07,Uranus,2027-03-07T17:00:00+10:00,41.98,good
2027-03-07,Neptune,2027-03-07T13:00:00+10:00,62.36,excellent
2027-03-08,Mercury,2027-03-08T10:30:00+10:00,75.82,excellent
2027-03-08,Venus,2027-03-08T09:30:00+10:00,80.43,excellent
2027-03-08,Mars,2027-03-08T22:30:00+10:00,45.25,excellent
2027-03-08,Jupiter,2027-03-08T22:00:00+10:00,46.25,excellent
2027-03-08,Saturn,2027-03-08T13:30:00+10:00,59.0,excellent
2027-03-08,Uranus,2027-03-08T16:30:00+10:00,41.92,good
2027-03-08,Neptune,2027-03-08T13:00:00+10:00,62.36,excellent
2027-03-09,Mercury,2027-03-09T10:30:00+10:00,75.81,excellent
2027-03-09,Venus,2027-03-09T09:30:00+10:00,80.19,excellent
2027-03-09,Mars,2027-03-09T22:30:00+10:00,45.21,excellent
2027-03-09,Jupiter,2027-03-09T22:00:00+10:00,46.27,excellent
2027-03-09,Saturn,2027-03-09T13:30:00+10:00,59.01,excellent
2027-03-09,Uranus,2027-03-09T16:30:00+10:00,41.98,good
2027-03-09,Neptune,2027-03-09T13:00:00+10:00,62.34,excellent
2027-03-10,Mercury,2027-03-10T10:30:00+10:00,75.76,excellent
2027-03-10,Venus,2027-03-10T09:30:00+10:00,79.94,excellent
2027-03-10,Mars,2027-03-10T22:30:00+10:00,45.15,excellent
2027-03-10,Jupiter,2027-03-10T22:00:00+10:00,46.26,excellent
2027-03-10,Saturn,2027-03-10T13:30:00+10:00,58.99,excellent
2027-03-10,Uranus,2027-03-10T16:30:00+10:00,42.02,good
2027-03-10,Neptune,2027-03-10T13:00:00+10:00,62.28,excellent
2027-03-11,Mercury,2027-03-11T10:30:00+10:00,75.69,excellent
2027-03-11,Venus,2027-03-11T09:30:00+10:00,79.67,excellent
2027-03-11,Mars,2027-03-11T22:30:00+10:00,45.05,excellent
2027-03-11,Jupiter,2027-03-11T22:00:00+10:00,46.23,excellent
2027-03-11,Saturn,2027-03-11T13:30:00+10:00,58.96,excellent
2027-03-11,Uranus,2027-03-11T16:30:00+10:00,42.03,good
2027-03-11,Neptune,2027-03-11T13:00:00+10:00,62.19,excellent
2027-03-12,Mercury,2027-03-12T10:30:00+10:00,75.6,excellent
2027-03-12,Venus,2027-03-12T09:30:00+10:00,79.39,excellent
2027-03-12,Mars,2027-03-12T22:30:00+10:00,44.93,good
2027-03-12,Jupiter,2027-03-12T22:00:00+10:00,46.18,excellent
2027-03-12,Saturn,2027-03-12T13:30:00+10:00,58.89,excellent
2027-03-12,Uranus,2027-03-12T16:30:00+10:00,42.04,good
2027-03-12,Neptune,2027-03-12T13:00:00+10:00,62.08,excellent
2027-03-13,Mercury,2027-03-13T10:30:00+10:00,75.49,excellent
2027-03-13,Venus,2027-03-13T09:30:00+10:00,79.1,excellent
2027-03-13,Mars,2027-03-13T22:00:00+10:00,44.89,good
2027-03-13,Jupiter,2027-03-13T22:00:00+10:00,46.1,excellent
2027-03-13,Saturn,2027-03-13T13:30:00+10:00,58.81,excellent
2027-03-13,Uranus,2027-03-13T16:30:00+10:00,42.02,good
2027-03-13,Neptune,2027-03-13T12:30:00+10:00,62.15,excellent
2027-03-14,Mercury,2027-03-14T10:30:00+10:00,75.36,excellent
2027-03-14,Venus,2027-03-14T09:30:00+10:00,78.8,excellent
2027-03-14,Mars,2027-03-14T22:00:00+10:00,44.91,good
2027-03-14,Jupiter,2027-03-14T21:30:00+10:00,46.0,excellent
2027-03-14,Saturn,2027-03-14T13:30:00+10:00,58.7,excellent
2027-03-14,Uranus,2027-03-14T16:30:00+10:00,41.98,good
2027-03-14,Neptune,2027-03-14T12:30:00+10:00,62.21,excellent
2027-03-15,Mercury,2027-03-15T10:00:00+10:00,75.23,excellent
2027-03-15,Venus,2027-03-15T09:30:00+10:00,78.48,excellent
2027-03-15,Mars,2027-03-15T22:00:00+10:00,44.9,good
2027-03-15,Jupiter,2027-03-15T21:30:00+10:00,46.05,excellent
2027-03-15,Saturn,2027-03-15T13:30:00+10:00,58.57,excellent
2027-03-15,Uranus,2027-03-15T16:30:00+10:00,41.93,good
2027-03-15,Neptune,2027-03-15T12:30:00+10:00,62.25,excellent
2027-03-16,Mercury,2027-03-16T10:00:00+10:00,75.09,excellent
2027-03-16,Venus,2027-03-16T09:30:00+10:00,78.16,excellent
2027-03-16,Mars,2027-03-16T22:00:00+10:00,44.86,good
2027-03-16,Jupiter,2027-03-16T21:30:00+10:00,46.07,excellent
2027-03-16,Saturn,2027-03-16T13:00:00+10:00,58.58,excellent
2027-03-16,Uranus,2027-03-16T16:00:00+10:00,41.89,good
2027-03-16,Neptune,2027-03-16T12:30:00+10:00,62.25,excellent
2027-03-17,Mercury,2027-03-17T10:00:00+10:00,74.91,excellent
2027-03-17,Venus,2027-03-17T09:30:00+10:00,77.82,excellent
2027-03-17,Mars,2027-03-17T22:00:00+10:00,44.8,good
2027-03-17,Jupiter,2027-03-17T21:30:00+10:00,46.07,excellent
2027-03-17,Saturn,2027-03-17T13:00:00+10:00,58.6,excellent
2027-03-17,Uranus,2027-03-17T16:00:00+10:00,41.94,good
2027-03-17,Neptune,2027-03-17T12:30:00+10:00,62.22,excellent
2027-03-18,Mercury,2027-03-18T10:00:00+10:00,74.69,excellent
2027-03-18,Venus,2027-03-18T09:30:00+10:00,77.48,excellent
2027-03-18,Mars,2027-03-18T22:00:00+10:00,44.72,good
2027-03-18,Jupiter,2027-03-18T21:30:00+10:00,46.05,excellent
2027-03-18,Saturn,2027-03-18T13:00:00+10:00,58.6,excellent
2027-03-18,Uranus,2027-03-18T16:00:00+10:00,41.97,good
2027-03-18,Neptune,2027-03-18T12:30:00+10:00,62.16,excellent
2027-03-19,Mercury,2027-03-19T10:30:00+10:00,74.46,excellent
2027-03-19,Venus,2027-03-19T09:30:00+10:00,77.13,excellent
2027-03-19,Mars,2027-03-19T21:30:00+10:00,44.67,good
2027-03-19,Jupiter,2027-03-19T21:30:00+10:00,46.0,excellent
2027-03-19,Saturn,2027-03-19T13:00:00+10:00,58.57,excellent
2027-03-19,Uranus,2027-03-19T16:00:00+10:00,41.99,good
2027-03-19,Neptune,2027-03-19T12:30:00+10:00,62.07,excellent
2027-03-20,Mercury,2027-03-20T10:30:00+10:00,74.22,excellent
2027-03-20,Venus,2027-03-20T09:30:00+10:00,76.77,excellent
2027-03-20,Mars,2027-03-20T21:30:00+10:00,44.73,good
2027-03-20,Jupiter,2027-03-20T21:30:00+10:00,45.93,excellent
2027-03-20,Saturn,2027-03-20T13:00:00+10:00,58.52,excellent
2027-03-20,Uranus,2027-03-20T16:00:00+10:00,41.99,good
2027-03-20,Neptune,2027-03-20T12:00:00+10:00,61.96,excellent
2027-03-21,Mercury,2027-03-21T10:30:00+10:00,73.97,excellent
2027-03-21,Venus,2027-03-21T09:30:00+10:00,76.4,excellent
2027-03-21,Mars,2027-03-21T21:30:00+10:00,44.75,good
2027-03-21,Jupiter,2027-03-21T21:30:00+10:00,45.84,excellent
2027-03-21,Saturn,2027-03-21T13:00:00+10:00,58.45,excellent
2027-03-21,Uranus,2027-03-21T16:00:00+10:00,41.97,good
2027-03-21,Neptune,2027-03-21T12:00:00+10:00,62.04,excellent
2027-03-22,Mercury,2027-03-22T10:30:00+10:00,73.69,excellent
2027-03-22,Venus,2027-03-22T09:30:00+10:00,76.03,excellent
2027-03-22,Mars,2027-03-22T21:30:00+10:00,44.76,good
2027-03-22,Jupiter,2027-03-22T21:00:00+10:00,45.89,excellent
2027-03-22,Saturn,2027-03-22T13:00:00+10:00,58.36,excellent
2027-03-22,Uranus,2027-03-22T16:00:00+10:00,41.93,good
2027-03-22,Neptune,2027-03-22T12:00:00+10:00,62.1,excellent
2027-03-23,Mercury,2027-03-23T10:30:00+10:00,73.4,excellent
2027-03-23,Venus,2027-03-23T09:30:00+10:00,75.64,excellent
2027-03-23,Mars,2027-03-23T21:30:00+10:00,44.74,good
2027-03-23,Jupiter,2027-03-23T21:00:00+10:00,45.92,excellent
2027-03-23,Saturn,2027-03-23T13:00:00+10:00,58.25,excellent
2027-03-23,Uranus,2027-03-23T16:00:00+10:00,41.87,good
2027-03-23,Neptune,2027-03-23T12:00:00+10:00,62.13,excellent
2027-03-24,Mercury,2027-03-24T10:30:00+10:00,73.08,excellent
2027-03-24,Venus,2027-03-24T09:30:00+10:00,75.26,excellent
2027-03-24,Mars,2027-03-24T21:30:00+10:00,44.7,good
2027-03-24,Jupiter,2027-03-24T21:00:00+10:00,45.93,excellent
2027-03-24,Saturn,2027-03-24T12:30:00+10:00,58.14,excellent
2027-03-24,Uranus,2027-03-24T15:30:00+10:00,41.84,good
2027-03-24,Neptune,2027-03-24T12:00:00+10:00,62.13,excellent
2027-03-25,Mercury,2027-03-25T10:30:00+10:00,72.73,excellent
2027-03-25,Venus,2027-03-25T09:30:00+10:00,74.86,excellent
2027-03-25,Mars,2027-03-25T21:30:00+10:00,44.65,good
2027-03-25,Jupiter,2027-03-25T21:00:00+10:00,45.91,excellent
2027-03-25,Saturn,2027-03-25T12:30:00+10:00,58.18,excellent
2027-03-25,Uranus,2027-03-25T15:30:00+10:00,41.89,good
2027-03-25,Neptune,2027-03-25T12:00:00+10:00,62.09,excellent
2027-03-26,Mercury,2027-03-26T10:30:00+10:00,72.37,excellent
2027-03-26,Venus,2027-03-26T09:30:00+10:00,74.46,excellent
2027-03-26,Mars,2027-03-26T21:00:00+10:00,44.68,good
2027-03-26,Jupiter,2027-03-26T21:00:00+10:00,45.88,excellent
2027-03-26,Saturn,2027-03-26T12:30:00+10:00,58.19,excellent
2027-03-26,Uranus,2027-03-26T15:30:00+10:00,41.92,good
2027-03-26,Neptune,2027-03-26T12:00:00+10:00,62.03,excellent
2027-03-27,Mercury,2027-03-27T10:30:00+10:00,71.97,excellent
2027-03-27,Venus,2027-03-27T09:30:00+10:00,74.05,excellent
2027-03-27,Mars,2027-03-27T21:00:00+10:00,44.75,good
2027-03-27,Jupiter,2027-03-27T21:00:00+10:00,45.82,excellent
2027-03-27,Saturn,2027-03-27T12:30:00+10:00,58.18,excellent
2027-03-27,Uranus,2027-03-27T15:30:00+10:00,41.93,good
2027-03-27,Neptune,2027-03-27T12:00:00+10:00,61.94,excellent
2027-03-28,Mercury,2027-03-28T10:30:00+10:00,71.56,excellent
2027-03-28,Venus,2027-03-28T09:30:00+10:00,73.64,excellent
2027-03-28,Mars,2027-03-28T21:00:00+10:00,44.8,good
2027-03-28,Jupiter,2027-03-28T21:00:00+10:00,45.74,excellent
2027-03-28,Saturn,2027-03-28T12:30:00+10:00,58.14,excellent
2027-03-28,Uranus,2027-03-28T15:30:00+10:00,41.93,good
2027-03-28,Neptune,2027-03-28T11:30:00+10:00,61.85,excellent
2027-03-29,Mercury,2027-03-29T10:30:00+10:00,71.11,excellent
2027-03-29,Venus,2027-03-29T09:30:00+10:00,73.22,excellent
2027-03-29,Mars,2027-03-29T21:00:00+10:00,44.84,good
2027-03-29,Jupiter,2027-03-29T20:30:00+10:00,45.76,excellent
2027-03-29,Saturn,2027-03-29T12:30:00+10:00,58.09,excellent
2027-03-29,Uranus,2027-03-29T15:30:00+10:00,41.9,good
2027-03-29,Neptune,2027-03-29T11:30:00+10:00,61.93,excellent
2027-03-30,Mercury,2027-03-30T10:30:00+10:00,70.64,excellent
2027-03-30,Venus,2027-03-30T10:00:00+10:00,72.86,excellent
2027-03-30,Mars,2027-03-30T21:00:00+10:00,44.85,good
2027-03-30,Jupiter,2027-03-30T20:30:00+10:00,45.8,excellent
2027-03-30,Saturn,2027-03-30T12:30:00+10:00,58.01,excellent
2027-03-30,Uranus,2027-03-30T15:30:00+10:00,41.87,good
2027-03-30,Neptune,2027-03-30T11:30:00+10:00,61.99,excellent
2027-03-31,Mercury,2027-03-31T10:30:00+10:00,70.15,excellent
2027-03-31,Venus,2027-03-31T10:00:00+10:00,72.49,excellent
2027-03-31,Mars,2027-03-31T21:00:00+10:00,44.85,good
2027-03-31,Jupiter,2027-03-31T20:30:00+10:00,45.82,excellent
2027-03-31,Saturn,2027-03-31T12:30:00+10:00,57.91,excellent
2027-03-31,Uranus,2027-03-31T15:30:00+10:00,41.81,good
2027-03-31,Neptune,2027-03-31T11:30:00+10:00,62.01,excellent
2027-04-01,Mercury,2027-04-01T10:30:00+10:00,69.62,excellent
2027-04-01,Venus,2027-04-01T10:00:00+10:00,72.12,excellent
2027-04-01,Mars,2027-04-01T21:00:00+10:00,44.83,good
2027-04-01,Jupiter,2027-04-01T20:30:00+10:00,45.82,excellent
2027-04-01,Saturn,2027-04-01T12:30:00+10:00,57.79,excellent
2027-04-01,Uranus,2027-04-01T15:00:00+10:00,41.78,good
2027-04-01,Neptune,2027-04-01T11:30:00+10:00,62.01,excellent
2027-04-02,Mercury,2027-04-02T10:30:00+10:00,69.07,excellent
2027-04-02,Venus,2027-04-02T10:00:00+10:00,71.74,excellent
2027-04-02,Mars,2027-04-02T20:30:00+10:00,44.86,good
2027-04-02,Jupiter,2027-04-02T20:30:00+10:00,45.8,excellent
2027-04-02,Saturn,2027-04-02T12:00:00+10:00,57.74,excellent
2027-04-02,Uranus,2027-04-02T15:00:00+10:00,41.83,good
2027-04-02,Neptune,2027-04-02T11:30:00+10:00,61.97,excellent
2027-04-03,Mercury,2027-04-03T10:30:00+10:00,68.49,excellent
2027-04-03,Venus,2027-04-03T10:00:00+10:00,71.35,excellent
2027-04-03,Mars,2027-04-03T20:30:00+10:00,44.96,good
2027-04-03,Jupiter,2027-04-03T20:30:00+10:00,45.76,excellent
2027-04-03,Saturn,2027-04-03T12:00:00+10:00,57.77,excellent
2027-04-03,Uranus,2027-04-03T15:00:00+10:00,41.86,good
2027-04-03,Neptune,2027-04-03T11:30:00+10:00,61.91,excellent
2027-04-04,Mercury,2027-04-04T10:30:00+10:00,67.89,excellent
2027-04-04,Venus,2027-04-04T10:00:00+10:00,70.96,excellent
2027-04-04,Mars,2027-04-04T20:30:00+10:00,45.04,excellent
2027-04-04,Jupiter,2027-04-04T20:30:00+10:00,45.69,excellent
2027-04-04,Saturn,2027-04-04T12:00:00+10:00,57.77,excellent
2027-04-04,Uranus,2027-04-04T15:00:00+10:00,41.87,good
2027-04-04,Neptune,2027-04-04T11:30:00+10:00,61.81,excellent
2027-04-05,Mercury,2027-04-05T10:30:00+10:00,67.26,excellent
2027-04-05,Venus,2027-04-05T10:00:00+10:00,70.55,excellent
2027-04-05,Mars,2027-04-05T20:30:00+10:00,45.11,excellent
2027-04-05,Jupiter,2027-04-05T20:00:00+10:00,45.67,excellent
2027-04-05,Saturn,2027-04-05T12:00:00+10:00,57.75,excellent
2027-04-05,Uranus,2027-04-05T15:00:00+10:00,41.86,good
2027-04-05,Neptune,2027-04-05T11:00:00+10:00,61.74,excellent
2027-04-06,Mercury,2027-04-06T10:30:00+10:00,66.6,excellent
2027-04-06,Venus,2027-04-06T10:00:00+10:00,70.15,excellent
2027-04-06,Mars,2027-04-06T20:30:00+10:00,45.17,excellent
2027-04-06,Jupiter,2027-04-06T20:00:00+10:00,45.73,excellent
2027-04-06,Saturn,2027-04-06T12:00:00+10:00,57.71,excellent
2027-04-06,Uranus,2027-04-06T15:00:00+10:00,41.84,good
2027-04-06,Neptune,2027-04-06T11:00:00+10:00,61.82,excellent
2027-04-07,Mercury,2027-04-07T10:30:00+10:00,65.91,excellent
2027-04-07,Venus,2027-04-07T10:00:00+10:00,69.73,excellent
2027-04-07,Mars,2027-04-07T20:30:00+10:00,45.21,excellent
2027-04-07,Jupiter,2027-04-07T20:00:00+10:00,45.76,excellent
2027-04-07,Saturn,2027-04-07T12:00:00+10:00,57.64,excellent
2027-04-07,Uranus,2027-04-07T15:00:00+10:00,41.8,good
2027-04-07,Neptune,2027-04-07T11:00:00+10:00,61.88,excellent
2027-04-08,Mercury,2027-04-08T10:30:00+10:00,65.2,excellent
2027-04-08,Venus,2027-04-08T10:00:00+10:00,69.31,excellent
2027-04-08,Mars,2027-04-08T20:30:00+10:00,45.23,excellent
2027-04-08,Jupiter,2027-04-08T20:00:00+10:00,45.78,excellent
2027-04-08,Saturn,2027-04-08T12:00:00+10:00,57.56,excellent
2027-04-08,Uranus,2027-04-08T15:00:00+10:00,41.74,good
2027-04-08,Neptune,2027-04-08T11:00:00+10:00,61.9,excellent
2027-04-09,Mercury,2027-04-09T10:30:00+10:00,64.46,excellent
2027-04-09,Venus,2027-04-09T10:00:00+10:00,68.89,excellent
2027-04-09,Mars,2027-04-09T20:30:00+10:00,45.24,excellent
2027-04-09,Jupiter,2027-04-09T20:00:00+10:00,45.77,excellent
2027-04-09,Saturn,2027-04-09T12:00:00+10:00,57.45,excellent
2027-04-09,Uranus,2027-04-09T14:30:00+10:00,41.71,good
2027-04-09,Neptune,2027-04-09T11:00:00+10:00,61.89,excellent
2027-04-10,Mercury,2027-04-10T11:00:00+10:00,63.75,excellent
2027-04-10,Venus,2027-04-10T10:00:00+10:00,68.46,excellent
2027-04-10,Mars,2027-04-10T20:00:00+10:00,45.31,excellent
2027-04-10,Jupiter,2027-04-10T20:00:00+10:00,45.74,excellent
2027-04-10,Saturn,2027-04-10T12:00:00+10:00,57.33,excellent
2027-04-10,Uranus,2027-04-10T14:30:00+10:00,41.76,good
2027-04-10,Neptune,2027-04-10T11:00:00+10:00,61.85,excellent
2027-04-11,Mercury,2027-04-11T11:00:00+10:00,63.1,excellent
2027-04-11,Venus,2027-04-11T10:00:00+10:00,68.03,excellent
2027-04-11,Mars,2027-04-11T20:00:00+10:00,45.43,excellent
2027-04-11,Jupiter,2027-04-11T20:00:00+10:00,45.7,excellent
2027-04-11,Saturn,2027-04-11T11:30:00+10:00,57.34,excellent
2027-04-11,Uranus,2027-04-11T14:30:00+10:00,41.79,good
2027-04-11,Neptune,2027-04-11T11:00:00+10:00,61.79,excellent
2027-04-12,Mercury,2027-04-12T11:00:00+10:00,62.42,excellent
2027-04-12,Venus,2027-04-12T10:00:00+10:00,67.59,excellent
2027-04-12,Mars,2027-04-12T20:00:00+10:00,45.54,excellent
2027-04-12,Jupiter,2027-04-12T20:00:00+10:00,45.63,excellent
2027-04-12,Saturn,2027-04-12T11:30:00+10:00,57.36,excellent
2027-04-12,Uranus,2027-04-12T14:30:00+10:00,41.8,good
2027-04-12,Neptune,2027-04-12T11:00:00+10:00,61.69,excellent
2027-04-13,Mercury,2027-04-13T11:00:00+10:00,61.72,excellent
2027-04-13,Venus,2027-04-13T10:00:00+10:00,67.15,excellent
2027-04-13,Mars,2027-04-13T20:00:00+10:00,45.64,excellent
2027-04-13,Jupiter,2027-04-13T19:30:00+10:00,45.68,excellent
2027-04-13,Saturn,2027-04-13T11:30:00+10:00,57.35,excellent
2027-04-13,Uranus,2027-04-13T14:30:00+10:00,41.79,good
2027-04-13,Neptune,2027-04-13T10:30:00+10:00,61.64,excellent
2027-04-14,Mercury,2027-04-14T11:00:00+10:00,60.98,excellent
2027-04-14,Venus,2027-04-14T10:00:00+10:00,66.7,excellent
2027-04-14,Mars,2027-04-14T20:00:00+10:00,45.73,excellent
2027-04-14,Jupiter,2027-04-14T19:30:00+10:00,45.74,excellent
2027-04-14,Saturn,2027-04-14T11:30:00+10:00,57.33,excellent
2027-04-14,Uranus,2027-04-14T14:30:00+10:00,41.77,good
2027-04-14,Neptune,2027-04-14T10:30:00+10:00,61.72,excellent
2027-04-15,Mercury,2027-04-15T11:00:00+10:00,60.22,excellent
2027-04-15,Venus,2027-04-15T10:00:00+10:00,66.25,excellent
2027-04-15,Mars,2027-04-15T20:00:00+10:00,45.8,excellent
2027-04-15,Jupiter,2027-04-15T19:30:00+10:00,45.77,excellent
2027-04-15,Saturn,2027-04-15T11:30:00+10:00,57.28,excellent
2027-04-15,Uranus,2027-04-15T14:30:00+10:00,41.73,good
2027-04-15,Neptune,2027-04-15T10:30:00+10:00,61.77,excellent
2027-04-16,Mercury,2027-04-16T11:00:00+10:00,59.42,excellent
2027-04-16,Venus,2027-04-16T10:00:00+10:00,65.8,excellent
2027-04-16,Mars,2027-04-16T20:00:00+10:00,45.86,excellent
2027-04-16,Jupiter,2027-04-16T19:30:00+10:00,45.78,excellent
2027-04-16,Saturn,2027-04-16T11:30:00+10:00,57.21,excellent
2027-04-16,Uranus,2027-04-16T14:30:00+10:00,41.67,good
2027-04-16,Neptune,2027-04-16T10:30:00+10:00,61.79,excellent
2027-04-17,Mercury,2027-04-17T11:00:00+10:00,58.6,excellent
2027-04-17,Venus,2027-04-17T10:00:00+10:00,65.35,excellent
2027-04-17,Mars,2027-04-17T20:00:00+10:00,45.91,excellent
2027-04-17,Jupiter,2027-04-17T19:30:00+10:00,45.78,excellent
2027-04-17,Saturn,2027-04-17T11:30:00+10:00,57.12,excellent
2027-04-17,Uranus,2027-04-17T14:00:00+10:00,41.64,good
2027-04-17,Neptune,2027-04-17T10:30:00+10:00,61.78,excellent
2027-04-18,Mercury,2027-04-18T11:00:00+10:00,57.75,excellent
2027-04-18,Venus,2027-04-18T10:00:00+10:00,64.89,excellent
2027-04-18,Mars,2027-04-18T20:00:00+10:00,45.95,excellent
2027-04-18,Jupiter,2027-04-18T19:30:00+10:00,45.75,excellent
2027-04-18,Saturn,2027-04-18T11:30:00+10:00,57.01,excellent
2027-04-18,Uranus,2027-04-18T14:00:00+10:00,41.68,good
2027-04-18,Neptune,2027-04-18T10:30:00+10:00,61.74,excellent
2027-04-19,Mercury,2027-04-19T11:00:00+10:00,56.88,excellent
2027-04-19,Venus,2027-04-19T10:00:00+10:00,64.43,excellent
2027-04-19,Mars,2027-04-19T19:30:00+10:00,46.07,excellent
2027-04-19,Jupiter,2027-04-19T19:30:00+10:00,45.71,excellent
2027-04-19,Saturn,2027-04-19T11:00:00+10:00,56.92,excellent
2027-04-19,Uranus,2027-04-19T14:00:00+10:00,41.71,good
2027-04-19,Neptune,2027-04-19T10:30:00+10:00,61.67,excellent
2027-04-20,Mercury,2027-04-20T11:00:00+10:00,55.98,excellent
2027-04-20,Venus,2027-04-20T10:00:00+10:00,63.97,excellent
2027-04-20,Mars,2027-04-20T19:30:00+10:00,46.22,excellent
2027-04-20,Jupiter,2027-04-20T19:00:00+10:00,45.67,excellent
2027-04-20,Saturn,2027-04-20T11:00:00+10:00,56.95,excellent
2027-04-20,Uranus,2027-04-20T14:00:00+10:00,41.72,good
2027-04-20,Neptune,2027-04-20T10:30:00+10:00,61.57,excellent
2027-04-21,Mercury,2027-04-21T11:30:00+10:00,55.11,excellent
2027-04-21,Venus,2027-04-21T10:00:00+10:00,63.51,excellent
2027-04-21,Mars,2027-04-21T19:30:00+10:00,46.35,excellent
2027-04-21,Jupiter,2027-04-21T19:00:00+10:00,45.74,excellent
2027-04-21,Saturn,2027-04-21T11:00:00+10:00,56.95,excellent
2027-04-21,Uranus,2027-04-21T14:00:00+10:00,41.71,good
2027-04-21,Neptune,2027-04-21T10:00:00+10:00,61.54,excellent
2027-04-22,Mercury,2027-04-22T11:30:00+10:00,54.32,excellent
2027-04-22,Venus,2027-04-22T10:00:00+10:00,63.04,excellent
2027-04-22,Mars,2027-04-22T19:30:00+10:00,46.48,excellent
2027-04-22,Jupiter,2027-04-22T19:00:00+10:00,45.8,excellent
2027-04-22,Saturn,2027-04-22T11:00:00+10:00,56.94,excellent
2027-04-22,Uranus,2027-04-22T14:00:00+10:00,41.69,good
2027-04-22,Neptune,2027-04-22T10:00:00+10:00,61.62,excellent
2027-04-23,Mercury,2027-04-23T11:30:00+10:00,53.5,excellent
2027-04-23,Venus,2027-04-23T10:00:00+10:00,62.58,excellent
2027-04-23,Mars,2027-04-23T19:30:00+10:00,46.59,excellent
2027-04-23,Jupiter,2027-04-23T19:00:00+10:00,45.83,excellent
2027-04-23,Saturn,2027-04-23T11:00:00+10:00,56.91,excellent
2027-04-23,Uranus,2027-04-23T14:00:00+10:00,41.65,good
2027-04-23,Neptune,2027-04-23T10:00:00+10:00,61.66,excellent
2027-04-24,Mercury,2027-04-24T11:30:00+10:00,52.67,excellent
2027-04-24,Venus,2027-04-24T10:00:00+10:00,62.11,excellent
2027-04-24,Mars,2027-04-24T19:30:00+10:00,46.69,excellent
2027-04-24,Jupiter,2027-04-24T19:00:00+10:00,45.85,excellent
2027-04-24,Saturn,2027-04-24T11:00:00+10:00,56.86,excellent
2027-04-24,Uranus,2027-04-24T14:00:00+10:00,41.59,good
2027-04-24,Neptune,2027-04-24T10:00:00+10:00,61.68,excellent
2027-04-25,Mercury,2027-04-25T11:30:00+10:00,51.8,excellent
2027-04-25,Venus,2027-04-25T10:00:00+10:00,61.64,excellent
2027-04-25,Mars,2027-04-25T19:30:00+10:00,46.78,excellent
2027-04-25,Jupiter,2027-04-25T19:00:00+10:00,45.85,excellent
2027-04-25,Saturn,2027-04-25T11:00:00+10:00,56.78,excellent
2027-04-25,Uranus,2027-04-25T13:30:00+10:00,41.55,good
2027-04-25,Neptune,2027-04-25T10:00:00+10:00,61.67,excellent
2027-04-26,Mercury,2027-04-26T11:30:00+10:00,50.92,excellent
2027-04-26,Venus,2027-04-26T10:00:00+10:00,61.17,excellent
2027-04-26,Mars,2027-04-26T19:30:00+10:00,46.87,excellent
2027-04-26,Jupiter,2027-04-26T19:00:00+10:00,45.83,excellent
2027-04-26,Saturn,2027-04-26T11:00:00+10:00,56.68,excellent
2027-04-26,Uranus,2027-04-26T13:30:00+10:00,41.6,good
2027-04-26,Neptune,2027-04-26T10:00:00+10:00,61.63,excellent
2027-04-27,Mercury,2027-04-27T11:30:00+10:00,50.01,excellent
2027-04-27,Venus,2027-04-27T10:00:00+10:00,60.7,excellent
2027-04-27,Mars,2027-04-27T19:30:00+10:00,46.94,excellent
2027-04-27,Jupiter,2027-04-27T19:00:00+10:00,45.79,excellent
2027-04-27,Saturn,2027-04-27T11:00:00+10:00,56.57,excellent
2027-04-27,Uranus,2027-04-27T13:30:00+10:00,41.63,good
2027-04-27,Neptune,2027-04-27T10:00:00+10:00,61.55,excellent
2027-04-28,Mercury,2027-04-28T11:30:00+10:00,49.09,excellent
2027-04-28,Venus,2027-04-28T10:00:00+10:00,60.23,excellent
2027-04-28,Mars,2027-04-28T19:00:00+10:00,47.01,excellent
2027-04-28,Jupiter,2027-04-28T18:30:00+10:00,45.78,excellent
2027-04-28,Saturn,2027-04-28T10:30:00+10:00,56.54,excellent
2027-04-28,Uranus,2027-04-28T13:30:00+10:00,41.64,good
2027-04-28,Neptune,2027-04-28T10:00:00+10:00,61.45,excellent
2027-04-29,Mercury,2027-04-29T12:00:00+10:00,48.2,excellent
2027-04-29,Venus,2027-04-29T10:00:00+10:00,59.76,excellent
2027-04-29,Mars,2027-04-29T19:00:00+10:00,47.18,excellent
2027-04-29,Jupiter,2027-04-29T18:30:00+10:00,45.85,excellent
2027-04-29,Saturn,2027-04-29T10:30:00+10:00,56.56,excellent
2027-04-29,Uranus,2027-04-29T13:30:00+10:00,41.63,good
2027-04-29,Neptune,2027-04-29T09:30:00+10:00,61.45,excellent
2027-04-30,Mercury,2027-04-30T12:00:00+10:00,47.43,excellent
2027-04-30,Venus,2027-04-30T10:00:00+10:00,59.29,excellent
2027-04-30,Mars,2027-04-30T19:00:00+10:00,47.35,excellent
2027-04-30,Jupiter,2027-04-30T18:30:00+10:00,45.91,excellent
2027-04-30,Saturn,2027-04-30T10:30:00+10:00,56.56,excellent
2027-04-30,Uranus,2027-04-30T13:30:00+10:00,41.61,good
2027-04-30,Neptune,2027-04-30T09:30:00+10:00,61.52,excellent
2027-05-01,Mercury,2027-05-01T12:00:00+10:00,46.64,excellent
2027-05-01,Venus,2027-05-01T10:00:00+10:00,58.81,excellent
2027-05-01,Mars,2027-05-01T19:00:00+10:00,47.5,excellent
2027-05-01,Jupiter,2027-05-01T18:30:00+10:00,45.95,excellent
2027-05-01,Saturn,2027-05-01T10:30:00+10:00,56.54,excellent
2027-05-01,Uranus,2027-05-01T13:30:00+10:00,41.57,good
2027-05-01,Neptune,2027-05-01T09:30:00+10:00,61.57,excellent
2027-05-02,Mercury,2027-05-02T12:00:00+10:00,45.85,excellent
2027-05-02,Venus,2027-05-02T10:00:00+10:00,58.34,excellent
2027-05-02,Mars,2027-05-02T19:00:00+10:00,47.65,excellent
2027-05-02,Jupiter,2027-05-02T18:30:00+10:00,45.98,excellent
2027-05-02,Saturn,2027-05-02T10:30:00+10:00,56.5,excellent
2027-05-02,Uranus,2027-05-02T13:30:00+10:00,41.52,good
2027-05-02,Neptune,2027-05-02T09:30:00+10:00,61.58,excellent
2027-05-03,Mercury,2027-05-03T12:00:00+10:00,45.05,excellent
2027-05-03,Venus,2027-05-03T10:00:00+10:00,57.87,excellent
2027-05-03,Mars,2027-05-03T19:00:00+10:00,47.79,excellent
2027-05-03,Jupiter,2027-05-03T18:30:00+10:00,45.98,excellent
2027-05-03,Saturn,2027-05-03T10:30:00+10:00,56.44,excellent
2027-05-03,Uranus,2027-05-03T13:00:00+10:00,41.47,good
2027-05-03,Neptune,2027-05-03T09:30:00+10:00,61.57,excellent
2027-05-04,Mercury,2027-05-04T12:00:00+10:00,44.25,good
2027-05-04,Venus,2027-05-04T10:00:00+10:00,57.41,excellent
2027-05-04,Mars,2027-05-04T19:00:00+10:00,47.92,excellent
2027-05-04,Jupiter,2027-05-04T18:30:00+10:00,45.97,excellent
2027-05-04,Saturn,2027-05-04T10:30:00+10:00,56.36,excellent
2027-05-04,Uranus,2027-05-04T13:00:00+10:00,41.51,good
2027-05-04,Neptune,2027-05-04T09:30:00+10:00,61.52,excellent
2027-05-05,Mercury,2027-05-05T12:00:00+10:00,43.45,good
2027-05-05,Venus,2027-05-05T10:00:00+10:00,56.94,excellent
2027-05-05,Mars,2027-05-05T19:00:00+10:00,48.04,excellent
2027-05-05,Jupiter,2027-05-05T18:30:00+10:00,45.95,excellent
2027-05-05,Saturn,2027-05-05T10:30:00+10:00,56.26,excellent
2027-05-05,Uranus,2027-05-05T13:00:00+10:00,41.54,good
2027-05-05,Neptune,2027-05-05T09:30:00+10:00,61.45,excellent
2027-05-06,Mercury,2027-05-06T12:30:00+10:00,42.75,good
2027-05-06,Venus,2027-05-06T10:00:00+10:00,56.47,excellent
2027-05-06,Mars,2027-05-06T19:00:00+10:00,48.16,excellent
2027-05-06,Jupiter,2027-05-06T18:00:00+10:00,45.92,excellent
2027-05-06,Saturn,2027-05-06T10:30:00+10:00,56.14,excellent
2027-05-06,Uranus,2027-05-06T13:00:00+10:00,41.56,good
2027-05-06,Neptune,2027-05-06T09:30:00+10:00,61.34,excellent
2027-05-07,Mercury,2027-05-07T12:30:00+10:00,42.14,good
2027-05-07,Venus,2027-05-07T10:00:00+10:00,56.0,excellent
2027-05-07,Mars,2027-05-07T19:00:00+10:00,48.26,excellent
2027-05-07,Jupiter,2027-05-07T18:00:00+10:00,46.01,excellent
2027-05-07,Saturn,2027-05-07T10:00:00+10:00,56.17,excellent
2027-05-07,Uranus,2027-05-07T13:00:00+10:00,41.55,good
2027-05-07,Neptune,2027-05-07T09:00:00+10:00,61.37,excellent
2027-05-08,Mercury,2027-05-08T12:30:00+10:00,41.53,good
2027-05-08,Venus,2027-05-08T10:00:00+10:00,55.54,excellent
2027-05-08,Mars,2027-05-08T19:00:00+10:00,48.36,excellent
2027-05-08,Jupiter,2027-05-08T18:00:00+10:00,46.08,excellent
2027-05-08,Saturn,2027-05-08T10:00:00+10:00,56.19,excellent
2027-05-08,Uranus,2027-05-08T13:00:00+10:00,41.53,good
2027-05-08,Neptune,2027-05-08T09:00:00+10:00,61.44,excellent
2027-05-09,Mercury,2027-05-09T12:30:00+10:00,40.94,good
2027-05-09,Venus,2027-05-09T10:00:00+10:00,55.08,excellent
2027-05-09,Mars,2027-05-09T18:30:00+10:00,48.48,excellent
2027-05-09,Jupiter,2027-05-09T18:00:00+10:00,46.13,excellent
2027-05-09,Saturn,2027-05-09T10:00:00+10:00,56.19,excellent
2027-05-09,Uranus,2027-05-09T13:00:00+10:00,41.49,good
2027-05-09,Neptune,2027-05-09T09:00:00+10:00,61.48,excellent
2027-05-10,Mercury,2027-05-10T12:30:00+10:00,40.37,good
2027-05-10,Venus,2027-05-10T10:00:00+10:00,54.62,excellent
2027-05-10,Mars,2027-05-10T18:30:00+10:00,48.68,excellent
2027-05-10,Jupiter,2027-05-10T18:00:00+10:00,46.16,excellent
2027-05-10,Saturn,2027-05-10T10:00:00+10:00,56.16,excellent
2027-05-10,Uranus,2027-05-10T13:00:00+10:00,41.44,good
2027-05-10,Neptune,2027-05-10T09:00:00+10:00,61.49,excellent
2027-05-11,Mercury,2027-05-11T12:30:00+10:00,39.82,good
2027-05-11,Venus,2027-05-11T10:00:00+10:00,54.16,excellent
2027-05-11,Mars,2027-05-11T18:30:00+10:00,48.87,excellent
2027-05-11,Jupiter,2027-05-11T18:00:00+10:00,46.18,excellent
2027-05-11,Saturn,2027-05-11T10:00:00+10:00,56.12,excellent
2027-05-11,Uranus,2027-05-11T12:30:00+10:00,41.38,good
2027-05-11,Neptune,2027-05-11T09:00:00+10:00,61.47,excellent
2027-05-12,Mercury,2027-05-12T12:30:00+10:00,39.29,good
2027-05-12,Venus,2027-05-12T10:00:00+10:00,53.7,excellent
2027-05-12,Mars,2027-05-12T18:30:00+10:00,49.04,excellent
2027-05-12,Jupiter,2027-05-12T18:00:00+10:00,46.18,excellent
2027-05-12,Saturn,2027-05-12T10:00:00+10:00,56.05,excellent
2027-05-12,Uranus,2027-05-12T12:30:00+10:00,41.42,good
2027-05-12,Neptune,2027-05-12T09:00:00+10:00,61.42,excellent
2027-05-13,Mercury,2027-05-13T13:00:00+10:00,38.89,good
2027-05-13,Venus,2027-05-13T10:00:00+10:00,53.25,excellent
2027-05-13,Mars,2027-05-13T18:30:00+10:00,49.22,excellent
2027-05-13,Jupiter,2027-05-13T18:00:00+10:00,46.16,excellent
2027-05-13,Saturn,2027-05-13T10:00:00+10:00,55.96,excellent
2027-05-13,Uranus,2027-05-13T12:30:00+10:00,41.46,good
2027-05-13,Neptune,2027-05-13T09:00:00+10:00,61.34,excellent
2027-05-14,Mercury,2027-05-14T13:00:00+10:00,38.55,good
2027-05-14,Venus,2027-05-14T10:00:00+10:00,52.8,excellent
2027-05-14,Mars,2027-05-14T18:30:00+10:00,49.38,excellent
2027-05-14,Jupiter,2027-05-14T18:00:00+10:00,46.13,excellent
2027-05-14,Saturn,2027-05-14T10:00:00+10:00,55.86,excellent
2027-05-14,Uranus,2027-05-14T12:30:00+10:00,41.47,good
2027-05-14,Neptune,2027-05-14T09:00:00+10:00,61.24,excellent
2027-05-15,Mercury,2027-05-15T13:00:00+10:00,38.24,good
2027-05-15,Venus,2027-05-15T10:00:00+10:00,52.35,excellent
2027-05-15,Mars,2027-05-15T18:30:00+10:00,49.54,excellent
2027-05-15,Jupiter,2027-05-15T17:30:00+10:00,46.21,excellent
2027-05-15,Saturn,2027-05-15T09:30:00+10:00,55.8,excellent
2027-05-15,Uranus,2027-05-15T12:30:00+10:00,41.47,good
2027-05-15,Neptune,2027-05-15T08:30:00+10:00,61.29,excellent
2027-05-16,Mercury,2027-05-16T13:00:00+10:00,37.95,good
2027-05-16,Venus,2027-05-16T10:00:00+10:00,51.9,excellent
2027-05-16,Mars,2027-05-16T18:30:00+10:00,49.69,excellent
2027-05-16,Jupiter,2027-05-16T17:30:00+10:00,46.29,excellent
2027-05-16,Saturn,2027-05-16T09:30:00+10:00,55.83,excellent
2027-05-16,Uranus,2027-05-16T12:30:00+10:00,41.45,good
2027-05-16,Neptune,2027-05-16T08:30:00+10:00,61.36,excellent
2027-05-17,Mercury,2027-05-17T13:00:00+10:00,37.68,good
2027-05-17,Venus,2027-05-17T10:00:00+10:00,51.46,excellent
2027-05-17,Mars,2027-05-17T18:30:00+10:00,49.83,excellent
2027-05-17,Jupiter,2027-05-17T17:30:00+10:00,46.35,excellent
2027-05-17,Saturn,2027-05-17T09:30:00+10:00,55.84,excellent
2027-05-17,Uranus,2027-05-17T12:30:00+10:00,41.42,good
2027-05-17,Neptune,2027-05-17T08:30:00+10:00,61.4,excellent
2027-05-18,Mercury,2027-05-18T13:00:00+10:00,37.45,good
2027-05-18,Venus,2027-05-18T10:00:00+10:00,51.02,excellent
2027-05-18,Mars,2027-05-18T18:30:00+10:00,49.96,excellent
2027-05-18,Jupiter,2027-05-18T17:30:00+10:00,46.4,excellent
2027-05-18,Saturn,2027-05-18T09:30:00+10:00,55.83,excellent
2027-05-18,Uranus,2027-05-18T12:30:00+10:00,41.36,good
2027-05-18,Neptune,2027-05-18T08:30:00+10:00,61.41,excellent
2027-05-19,Mercury,2027-05-19T13:00:00+10:00,37.24,good
2027-05-19,Venus,2027-05-19T10:30:00+10:00,50.59,excellent
2027-05-19,Mars,2027-05-19T18:30:00+10:00,50.09,excellent
2027-05-19,Jupiter,2027-05-19T17:30:00+10:00,46.43,excellent
2027-05-19,Saturn,2027-05-19T09:30:00+10:00,55.8,excellent
2027-05-19,Uranus,2027-05-19T12:30:00+10:00,41.3,good
2027-05-19,Neptune,2027-05-19T08:30:00+10:00,61.38,excellent
2027-05-20,Mercury,2027-05-20T13:00:00+10:00,37.07,good
2027-05-20,Venus,2027-05-20T10:30:00+10:00,50.19,excellent
2027-05-20,Mars,2027-05-20T18:30:00+10:00,50.21,excellent
2027-05-20,Jupiter,2027-05-20T17:30:00+10:00,46.44,excellent
2027-05-20,Saturn,2027-05-20T09:30:00+10:00,55.75,excellent
2027-05-20,Uranus,2027-05-20T12:00:00+10:00,41.33,good
2027-05-20,Neptune,2027-05-20T08:30:00+10:00,61.33,excellent
2027-05-21,Mercury,2027-05-21T13:00:00+10:00,36.92,good
2027-05-21,Venus,2027-05-21T10:30:00+10:00,49.79,excellent
2027-05-21,Mars,2027-05-21T18:00:00+10:00,50.38,excellent
2027-05-21,Jupiter,2027-05-21T17:30:00+10:00,46.44,excellent
2027-05-21,Saturn,2027-05-21T09:30:00+10:00,55.68,excellent
2027-05-21,Uranus,2027-05-21T12:00:00+10:00,41.37,good
2027-05-21,Neptune,2027-05-21T08:30:00+10:00,61.25,excellent
2027-05-22,Mercury,2027-05-22T13:30:00+10:00,36.85,good
2027-05-22,Venus,2027-05-22T10:30:00+10:00,49.4,excellent
2027-05-22,Mars,2027-05-22T18:00:00+10:00,50.6,excellent
2027-05-22,Jupiter,2027-05-22T17:30:00+10:00,46.42,excellent
2027-05-22,Saturn,2027-05-22T09:30:00+10:00,55.58,excellent
2027-05-22,Uranus,2027-05-22T12:00:00+10:00,41.38,good
2027-05-22,Neptune,2027-05-22T08:00:00+10:00,61.14,excellent
2027-05-23,Mercury,2027-05-23T13:30:00+10:00,36.83,good
2027-05-23,Venus,2027-05-23T10:30:00+10:00,49.01,excellent
2027-05-23,Mars,2027-05-23T18:00:00+10:00,50.81,excellent
2027-05-23,Jupiter,2027-05-23T17:00:00+10:00,46.44,excellent
2027-05-23,Saturn,2027-05-23T09:30:00+10:00,55.47,excellent
2027-05-23,Uranus,2027-05-23T12:00:00+10:00,41.38,good
2027-05-23,Neptune,2027-05-23T08:00:00+10:00,61.23,excellent
2027-05-24,Mercury,2027-05-24T13:30:00+10:00,36.84,good
2027-05-24,Venus,2027-05-24T10:30:00+10:00,48.62,excellent
2027-05-24,Mars,2027-05-24T18:00:00+10:00,51.01,excellent
2027-05-24,Jupiter,2027-05-24T17:00:00+10:00,46.54,excellent
2027-05-24,Saturn,2027-05-24T09:00:00+10:00,55.49,excellent
2027-05-24,Uranus,2027-05-24T12:00:00+10:00,41.37,good
2027-05-24,Neptune,2027-05-24T08:00:00+10:00,61.3,excellent
2027-05-25,Mercury,2027-05-25T13:30:00+10:00,36.87,good
2027-05-25,Venus,2027-05-25T10:30:00+10:00,48.24,excellent
2027-05-25,Mars,2027-05-25T18:00:00+10:00,51.2,excellent
2027-05-25,Jupiter,2027-05-25T17:00:00+10:00,46.61,excellent
2027-05-25,Saturn,2027-05-25T09:00:00+10:00,55.51,excellent
2027-05-25,Uranus,2027-05-25T12:00:00+10:00,41.34,good
2027-05-25,Neptune,2027-05-25T08:00:00+10:00,61.33,excellent
2027-05-26,Mercury,2027-05-26T13:30:00+10:00,36.92,good
2027-05-26,Venus,2027-05-26T10:30:00+10:00,47.87,excellent
2027-05-26,Mars,2027-05-26T18:00:00+10:00,51.39,excellent
2027-05-26,Jupiter,2027-05-26T17:00:00+10:00,46.68,excellent
2027-05-26,Saturn,2027-05-26T09:00:00+10:00,55.52,excellent
2027-05-26,Uranus,2027-05-26T12:00:00+10:00,41.29,good
2027-05-26,Neptune,2027-05-26T08:00:00+10:00,61.33,excellent
2027-05-27,Mercury,2027-05-27T13:30:00+10:00,36.99,good
2027-05-27,Venus,2027-05-27T10:30:00+10:00,47.5,excellent
2027-05-27,Mars,2027-05-27T18:00:00+10:00,51.57,excellent
2027-05-27,Jupiter,2027-05-27T17:00:00+10:00,46.72,excellent
2027-05-27,Saturn,2027-05-27T09:00:00+10:00,55.5,excellent
2027-05-27,Uranus,2027-05-27T12:00:00+10:00,41.22,good
2027-05-27,Neptune,2027-05-27T08:00:00+10:00,61.31,excellent
2027-05-28,Mercury,2027-05-28T13:30:00+10:00,37.09,good
2027-05-28,Venus,2027-05-28T10:30:00+10:00,47.13,excellent
2027-05-28,Mars,2027-05-28T18:00:00+10:00,51.75,excellent
2027-05-28,Jupiter,2027-05-28T17:00:00+10:00,46.75,excellent
2027-05-28,Saturn,2027-05-28T09:00:00+10:00,55.46,excellent
2027-05-28,Uranus,2027-05-28T11:30:00+10:00,41.24,good
2027-05-28,Neptune,2027-05-28T08:00:00+10:00,61.25,excellent
2027-05-29,Mercury,2027-05-29T13:30:00+10:00,37.2,good
2027-05-29,Venus,2027-05-29T10:30:00+10:00,46.77,excellent
2027-05-29,Mars,2027-05-29T18:00:00+10:00,51.92,excellent
2027-05-29,Jupiter,2027-05-29T17:00:00+10:00,46.77,excellent
2027-05-29,Saturn,2027-05-29T09:00:00+10:00,55.4,excellent
2027-05-29,Uranus,2027-05-29T11:30:00+10:00,41.28,good
2027-05-29,Neptune,2027-05-29T08:00:00+10:00,61.16,excellent
2027-05-30,Mercury,2027-05-30T13:30:00+10:00,37.34,good
2027-05-30,Venus,2027-05-30T10:30:00+10:00,46.42,excellent
2027-05-30,Mars,2027-05-30T18:00:00+10:00,52.08,excellent
2027-05-30,Jupiter,2027-05-30T17:00:00+10:00,46.77,excellent
2027-05-30,Saturn,2027-05-30T09:00:00+10:00,55.32,excellent
2027-05-30,Uranus,2027-05-30T11:30:00+10:00,41.3,good
2027-05-30,Neptune,2027-05-30T07:30:00+10:00,61.1,excellent
2027-05-31,Mercury,2027-05-31T13:30:00+10:00,37.49,good
2027-05-31,Venus,2027-05-31T10:30:00+10:00,46.07,excellent
2027-05-31,Mars,2027-05-31T18:00:00+10:00,52.23,excellent
2027-05-31,Jupiter,2027-05-31T17:00:00+10:00,46.75,excellent
2027-05-31,Saturn,2027-05-31T09:00:00+10:00,55.22,excellent
2027-05-31,Uranus,2027-05-31T11:30:00+10:00,41.3,good
2027-05-31,Neptune,2027-05-31T07:30:00+10:00,61.19,excellent
2027-06-01,Mercury,2027-06-01T13:30:00+10:00,37.66,good
2027-06-01,Venus,2027-06-01T10:30:00+10:00,45.72,excellent
2027-06-01,Mars,2027-06-01T18:00:00+10:00,52.38,excellent
2027-06-01,Jupiter,2027-06-01T16:30:00+10:00,46.82,excellent
2027-06-01,Saturn,2027-06-01T08:30:00+10:00,55.17,excellent
2027-06-01,Uranus,2027-06-01T11:30:00+10:00,41.29,good
2027-06-01,Neptune,2027-06-01T07:30:00+10:00,61.24,excellent
2027-06-02,Mercury,2027-06-02T13:30:00+10:00,37.84,good
2027-06-02,Venus,2027-06-02T10:30:00+10:00,45.38,excellent
2027-06-02,Mars,2027-06-02T18:00:00+10:00,52.52,excellent
2027-06-02,Jupiter,2027-06-02T16:30:00+10:00,46.91,excellent
2027-06-02,Saturn,2027-06-02T08:30:00+10:00,55.21,excellent
2027-06-02,Uranus,2027-06-02T11:30:00+10:00,41.26,good
2027-06-02,Neptune,2027-06-02T07:30:00+10:00,61.27,excellent
2027-06-03,Mercury,2027-06-03T13:30:00+10:00,38.03,good
2027-06-03,Venus,2027-06-03T10:30:00+10:00,45.05,excellent
2027-06-03,Mars,2027-06-03T17:30:00+10:00,52.74,excellent
2027-06-03,Jupiter,2027-06-03T16:30:00+10:00,46.99,excellent
2027-06-03,Saturn,2027-06-03T08:30:00+10:00,55.22,excellent
2027-06-03,Uranus,2027-06-03T11:30:00+10:00,41.21,good
2027-06-03,Neptune,2027-06-03T07:30:00+10:00,61.27,excellent
2027-06-04,Mercury,2027-06-04T13:30:00+10:00,38.22,good
2027-06-04,Venus,2027-06-04T10:30:00+10:00,44.72,good
2027-06-04,Mars,2027-06-04T17:30:00+10:00,52.98,excellent
2027-06-04,Jupiter,2027-06-04T16:30:00+10:00,47.06,excellent
2027-06-04,Saturn,2027-06-04T08:30:00+10:00,55.22,excellent
2027-06-04,Uranus,2027-06-04T11:30:00+10:00,41.15,good
2027-06-04,Neptune,2027-06-04T07:30:00+10:00,61.24,excellent
2027-06-05,Mercury,2027-06-05T13:30:00+10:00,38.43,good
2027-06-05,Venus,2027-06-05T10:30:00+10:00,44.4,good
2027-06-05,Mars,2027-06-05T17:30:00+10:00,53.21,excellent
2027-06-05,Jupiter,2027-06-05T16:30:00+10:00,47.1,excellent
2027-06-05,Saturn,2027-06-05T08:30:00+10:00,55.19,excellent
2027-06-05,Uranus,2027-06-05T11:00:00+10:00,41.15,good
2027-06-05,Neptune,2027-06-05T07:30:00+10:00,61.18,excellent
2027-06-06,Mercury,2027-06-06T13:30:00+10:00,38.63,good
2027-06-06,Venus,2027-06-06T10:30:00+10:00,44.09,good
2027-06-06,Mars,2027-06-06T17:30:00+10:00,53.43,excellent
2027-06-06,Jupiter,2027-06-06T16:30:00+10:00,47.14,excellent
2027-06-06,Saturn,2027-06-06T08:30:00+10:00,55.15,excellent
2027-06-06,Uranus,2027-06-06T11:00:00+10:00,41.19,good
2027-06-06,Neptune,2027-06-06T07:30:00+10:00,61.09,excellent
2027-06-07,Mercury,2027-06-07T13:00:00+10:00,38.91,good
2027-06-07,Venus,2027-06-07T10:30:00+10:00,43.78,good
2027-06-07,Mars,2027-06-07T17:30:00+10:00,53.65,excellent
2027-06-07,Jupiter,2027-06-07T16:30:00+10:00,47.15,excellent
2027-06-07,Saturn,2027-06-07T08:30:00+10:00,55.08,excellent
2027-06-07,Uranus,2027-06-07T11:00:00+10:00,41.21,good
2027-06-07,Neptune,2027-06-07T07:00:00+10:00,61.07,excellent
2027-06-08,Mercury,2027-06-08T13:00:00+10:00,39.2,good
2027-06-08,Venus,2027-06-08T10:30:00+10:00,43.48,good
2027-06-08,Mars,2027-06-08T17:30:00+10:00,53.86,excellent
2027-06-08,Jupiter,2027-06-08T16:30:00+10:00,47.16,excellent
2027-06-08,Saturn,2027-06-08T08:30:00+10:00,54.99,excellent
2027-06-08,Uranus,2027-06-08T11:00:00+10:00,41.22,good
2027-06-08,Neptune,2027-06-08T07:00:00+10:00,61.15,excellent
2027-06-09,Mercury,2027-06-09T13:00:00+10:00,39.5,good
2027-06-09,Venus,2027-06-09T10:30:00+10:00,43.19,good
2027-06-09,Mars,2027-06-09T17:30:00+10:00,54.06,excellent
2027-06-09,Jupiter,2027-06-09T16:30:00+10:00,47.15,excellent
2027-06-09,Saturn,2027-06-09T08:30:00+10:00,54.88,excellent
2027-06-09,Uranus,2027-06-09T11:00:00+10:00,41.21,good
2027-06-09,Neptune,2027-06-09T07:00:00+10:00,61.2,excellent
2027-06-10,Mercury,2027-06-10T13:00:00+10:00,39.78,good
2027-06-10,Venus,2027-06-10T10:30:00+10:00,42.9,good
2027-06-10,Mars,2027-06-10T17:30:00+10:00,54.26,excellent
2027-06-10,Jupiter,2027-06-10T16:00:00+10:00,47.24,excellent
2027-06-10,Saturn,2027-06-10T08:00:00+10:00,54.92,excellent
2027-06-10,Uranus,2027-06-10T11:00:00+10:00,41.18,good
2027-06-10,Neptune,2027-06-10T07:00:00+10:00,61.22,excellent
2027-06-11,Mercury,2027-06-11T13:00:00+10:00,40.06,good
2027-06-11,Venus,2027-06-11T10:30:00+10:00,42.62,good
2027-06-11,Mars,2027-06-11T17:30:00+10:00,54.45,excellent
2027-06-11,Jupiter,2027-06-11T16:00:00+10:00,47.34,excellent
2027-06-11,Saturn,2027-06-11T08:00:00+10:00,54.95,excellent
2027-06-11,Uranus,2027-06-11T11:00:00+10:00,41.14,good
2027-06-11,Neptune,2027-06-11T07:00:00+10:00,61.22,excellent
2027-06-12,Mercury,2027-06-12T13:00:00+10:00,40.31,good
2027-06-12,Venus,2027-06-12T10:30:00+10:00,42.34,good
2027-06-12,Mars,2027-06-12T17:30:00+10:00,54.64,excellent
2027-06-12,Jupiter,2027-06-12T16:00:00+10:00,47.42,excellent
2027-06-12,Saturn,2027-06-12T08:00:00+10:00,54.96,excellent
2027-06-12,Uranus,2027-06-12T11:00:00+10:00,41.08,good
2027-06-12,Neptune,2027-06-12T07:00:00+10:00,61.18,excellent
2027-06-13,Mercury,2027-06-13T13:00:00+10:00,40.54,good
2027-06-13,Venus,2027-06-13T10:30:00+10:00,42.08,good
2027-06-13,Mars,2027-06-13T17:30:00+10:00,54.82,excellent
2027-06-13,Jupiter,2027-06-13T16:00:00+10:00,47.49,excellent
2027-06-13,Saturn,2027-06-13T08:00:00+10:00,54.95,excellent
2027-06-13,Uranus,2027-06-13T10:30:00+10:00,41.07,good
2027-06-13,Neptune,2027-06-13T07:00:00+10:00,61.11,excellent
2027-06-14,Mercury,2027-06-14T13:00:00+10:00,40.74,good
2027-06-14,Venus,2027-06-14T10:30:00+10:00,41.82,good
2027-06-14,Mars,2027-06-14T17:30:00+10:00,54.99,excellent
2027-06-14,Jupiter,2027-06-14T16:00:00+10:00,47.54,excellent
2027-06-14,Saturn,2027-06-14T08:00:00+10:00,54.91,excellent
2027-06-14,Uranus,2027-06-14T10:30:00+10:00,41.11,good
2027-06-14,Neptune,2027-06-14T07:00:00+10:00,61.02,excellent
2027-06-15,Mercury,2027-06-15T12:30:00+10:00,41.09,good
2027-06-15,Venus,2027-06-15T10:30:00+10:00,41.57,good
2027-06-15,Mars,2027-06-15T17:30:00+10:00,55.16,excellent
2027-06-15,Jupiter,2027-06-15T16:00:00+10:00,47.58,excellent
2027-06-15,Saturn,2027-06-15T08:00:00+10:00,54.86,excellent
2027-06-15,Uranus,2027-06-15T10:30:00+10:00,41.13,good
2027-06-15,Neptune,2027-06-15T06:30:00+10:00,61.05,excellent
2027-06-16,Mercury,2027-06-16T12:30:00+10:00,41.4,good
2027-06-16,Venus,2027-06-16T10:30:00+10:00,41.33,good
2027-06-16,Mars,2027-06-16T17:00:00+10:00,55.32,excellent
2027-06-16,Jupiter,2027-06-16T16:00:00+10:00,47.6,excellent
2027-06-16,Saturn,2027-06-16T08:00:00+10:00,54.78,excellent
2027-06-16,Uranus,2027-06-16T10:30:00+10:00,41.14,good
2027-06-16,Neptune,2027-06-16T06:30:00+10:00,61.13,excellent
2027-06-17,Mercury,2027-06-17T12:30:00+10:00,41.67,good
2027-06-17,Venus,2027-06-17T10:30:00+10:00,41.09,good
2027-06-17,Mars,2027-06-17T17:00:00+10:00,55.58,excellent
2027-06-17,Jupiter,2027-06-17T16:00:00+10:00,47.61,excellent
2027-06-17,Saturn,2027-06-17T08:00:00+10:00,54.68,excellent
2027-06-17,Uranus,2027-06-17T10:30:00+10:00,41.13,good
2027-06-17,Neptune,2027-06-17T06:30:00+10:00,61.17,excellent
2027-06-18,Mercury,2027-06-18T12:30:00+10:00,41.89,good
2027-06-18,Venus,2027-06-18T10:30:00+10:00,40.86,good
2027-06-18,Mars,2027-06-18T17:00:00+10:00,55.84,excellent
2027-06-18,Jupiter,2027-06-18T16:00:00+10:00,47.6,excellent
2027-06-18,Saturn,2027-06-18T07:30:00+10:00,54.68,excellent
2027-06-18,Uranus,2027-06-18T10:30:00+10:00,41.11,good
2027-06-18,Neptune,2027-06-18T06:30:00+10:00,61.19,excellent
2027-06-19,Mercury,2027-06-19T12:30:00+10:00,42.06,good
2027-06-19,Venus,2027-06-19T11:00:00+10:00,40.67,good
2027-06-19,Mars,2027-06-19T17:00:00+10:00,56.09,excellent
2027-06-19,Jupiter,2027-06-19T15:30:00+10:00,47.71,excellent
2027-06-19,Saturn,2027-06-19T07:30:00+10:00,54.72,excellent
2027-06-19,Uranus,2027-06-19T10:30:00+10:00,41.07,good
2027-06-19,Neptune,2027-06-19T06:30:00+10:00,61.18,excellent
2027-06-20,Mercury,2027-06-20T12:00:00+10:00,42.33,good
2027-06-20,Venus,2027-06-20T11:00:00+10:00,40.5,good
2027-06-20,Mars,2027-06-20T17:00:00+10:00,56.33,excellent
2027-06-20,Jupiter,2027-06-20T15:30:00+10:00,47.81,excellent
2027-06-20,Saturn,2027-06-20T07:30:00+10:00,54.73,excellent
2027-06-20,Uranus,2027-06-20T10:30:00+10:00,41.01,good
2027-06-20,Neptune,2027-06-20T06:30:00+10:00,61.13,excellent
2027-06-21,Mercury,2027-06-21T12:00:00+10:00,42.61,good
2027-06-21,Venus,2027-06-21T11:00:00+10:00,40.34,good
2027-06-21,Mars,2027-06-21T17:00:00+10:00,56.57,excellent
2027-06-21,Jupiter,2027-06-21T15:30:00+10:00,47.9,excellent
2027-06-21,Saturn,2027-06-21T07:30:00+10:00,54.73,excellent
2027-06-21,Uranus,2027-06-21T10:00:00+10:00,40.98,good
2027-06-21,Neptune,2027-06-21T06:30:00+10:00,61.06,excellent
2027-06-22,Mercury,2027-06-22T12:00:00+10:00,42.82,good
2027-06-22,Venus,2027-06-22T11:00:00+10:00,40.19,good
2027-06-22,Mars,2027-06-22T17:00:00+10:00,56.8,excellent
2027-06-22,Jupiter,2027-06-22T15:30:00+10:00,47.97,excellent
2027-06-22,Saturn,2027-06-22T07:30:00+10:00,54.71,excellent
2027-06-22,Uranus,2027-06-22T10:00:00+10:00,41.03,good
2027-06-22,Neptune,2027-06-22T06:30:00+10:00,60.95,excellent
2027-06-23,Mercury,2027-06-23T12:00:00+10:00,42.97,good
2027-06-23,Venus,2027-06-23T11:00:00+10:00,40.05,good
2027-06-23,Mars,2027-06-23T17:00:00+10:00,57.02,excellent
2027-06-23,Jupiter,2027-06-23T15:30:00+10:00,48.03,excellent
2027-06-23,Saturn,2027-06-23T07:30:00+10:00,54.66,excellent
2027-06-23,Uranus,2027-06-23T10:00:00+10:00,41.05,good
2027-06-23,Neptune,2027-06-23T06:00:00+10:00,61.05,excellent
2027-06-24,Mercury,2027-06-24T12:00:00+10:00,43.05,good
2027-06-24,Venus,2027-06-24T11:00:00+10:00,39.91,good
2027-06-24,Mars,2027-06-24T17:00:00+10:00,57.24,excellent
2027-06-24,Jupiter,2027-06-24T15:30:00+10:00,48.07,excellent
2027-06-24,Saturn,2027-06-24T07:30:00+10:00,54.59,excellent
2027-06-24,Uranus,2027-06-24T10:00:00+10:00,41.06,good
2027-06-24,Neptune,2027-06-24T06:00:00+10:00,61.12,excellent
2027-06-25,Mercury,2027-06-25T11:30:00+10:00,43.28,good
2027-06-25,Venus,2027-06-25T11:00:00+10:00,39.79,good
2027-06-25,Mars,2027-06-25T17:00:00+10:00,57.45,excellent
2027-06-25,Jupiter,2027-06-25T15:30:00+10:00,48.1,excellent
2027-06-25,Saturn,2027-06-25T07:30:00+10:00,54.5,excellent
2027-06-25,Uranus,2027-06-25T10:00:00+10:00,41.06,good
2027-06-25,Neptune,2027-06-25T06:00:00+10:00,61.16,excellent
2027-06-26,Mercury,2027-06-26T11:30:00+10:00,43.46,good
2027-06-26,Venus,2027-06-26T11:00:00+10:00,39.67,good
2027-06-26,Mars,2027-06-26T17:00:00+10:00,57.66,excellent
2027-06-26,Jupiter,2027-06-26T15:30:00+10:00,48.12,excellent
2027-06-26,Saturn,2027-06-26T07:00:00+10:00,54.46,excellent
2027-06-26,Uranus,2027-06-26T10:00:00+10:00,41.04,good
2027-06-26,Neptune,2027-06-26T06:00:00+10:00,61.17,excellent
2027-06-27,Mercury,2027-06-27T11:30:00+10:00,43.56,good
2027-06-27,Venus,2027-06-27T11:00:00+10:00,39.57,good
2027-06-27,Mars,2027-06-27T17:00:00+10:00,57.86,excellent
2027-06-27,Jupiter,2027-06-27T15:30:00+10:00,48.12,excellent
2027-06-27,Saturn,2027-06-27T07:00:00+10:00,54.51,excellent
2027-06-27,Uranus,2027-06-27T10:00:00+10:00,41.0,good
2027-06-27,Neptune,2027-06-27T06:00:00+10:00,61.14,excellent
2027-06-28,Mercury,2027-06-28T11:30:00+10:00,43.6,good
2027-06-28,Venus,2027-06-28T11:00:00+10:00,39.47,good
2027-06-28,Mars,2027-06-28T17:00:00+10:00,58.05,excellent
2027-06-28,Jupiter,2027-06-28T15:00:00+10:00,48.21,excellent
2027-06-28,Saturn,2027-06-28T07:00:00+10:00,54.54,excellent
2027-06-28,Uranus,2027-06-28T10:00:00+10:00,40.94,good
2027-06-28,Neptune,2027-06-28T06:00:00+10:00,61.09,excellent
2027-06-29,Mercury,2027-06-29T11:00:00+10:00,43.57,good
2027-06-29,Venus,2027-06-29T11:00:00+10:00,39.38,good
2027-06-29,Mars,2027-06-29T17:00:00+10:00,58.24,excellent
2027-06-29,Jupiter,2027-06-29T15:00:00+10:00,48.32,excellent
2027-06-29,Saturn,2027-06-29T07:00:00+10:00,54.55,excellent
2027-06-29,Uranus,2027-06-29T09:30:00+10:00,40.91,good
2027-06-29,Neptune,2027-06-29T06:00:00+10:00,61.01,excellent
2027-06-30,Mercury,2027-06-30T11:00:00+10:00,43.7,good
2027-06-30,Venus,2027-06-30T11:00:00+10:00,39.3,good
2027-06-30,Mars,2027-06-30T17:00:00+10:00,58.42,excellent
2027-06-30,Jupiter,2027-06-30T15:00:00+10:00,48.41,excellent
2027-06-30,Saturn,2027-06-30T07:00:00+10:00,54.53,excellent
2027-06-30,Uranus,2027-06-30T09:30:00+10:00,40.95,good
2027-06-30,Neptune,2027-06-30T05:30:00+10:00,60.96,excellent
2027-07-01,Mercury,2027-07-01T11:00:00+10:00,43.75,good
2027-07-01,Venus,2027-07-01T11:00:00+10:00,39.23,good
2027-07-01,Mars,2027-07-01T16:30:00+10:00,58.64,excellent
2027-07-01,Jupiter,2027-07-01T15:00:00+10:00,48.5,excellent
2027-07-01,Saturn,2027-07-01T07:00:00+10:00,54.49,excellent
2027-07-01,Uranus,2027-07-01T09:30:00+10:00,40.98,good
2027-07-01,Neptune,2027-07-01T05:30:00+10:00,61.06,excellent
2027-07-02,Mercury,2027-07-02T11:00:00+10:00,43.75,good
2027-07-02,Venus,2027-07-02T11:00:00+10:00,39.17,good
2027-07-02,Mars,2027-07-02T16:30:00+10:00,58.91,excellent
2027-07-02,Jupiter,2027-07-02T15:00:00+10:00,48.56,excellent
2027-07-02,Saturn,2027-07-02T07:00:00+10:00,54.43,excellent
2027-07-02,Uranus,2027-07-02T09:30:00+10:00,40.99,good
2027-07-02,Neptune,2027-07-02T05:30:00+10:00,61.12,excellent
2027-07-03,Mercury,2027-07-03T11:00:00+10:00,43.7,good
2027-07-03,Venus,2027-07-03T11:00:00+10:00,39.11,good
2027-07-03,Mars,2027-07-03T16:30:00+10:00,59.19,excellent
2027-07-03,Jupiter,2027-07-03T15:00:00+10:00,48.62,excellent
2027-07-03,Saturn,2027-07-03T07:00:00+10:00,54.35,excellent
2027-07-03,Uranus,2027-07-03T09:30:00+10:00,40.99,good
2027-07-03,Neptune,2027-07-03T05:30:00+10:00,61.15,excellent
2027-07-04,Mercury,2027-07-04T11:00:00+10:00,43.6,good
2027-07-04,Venus,2027-07-04T11:00:00+10:00,39.07,good
2027-07-04,Mars,2027-07-04T16:30:00+10:00,59.45,excellent
2027-07-04,Jupiter,2027-07-04T15:00:00+10:00,48.65,excellent
2027-07-04,Saturn,2027-07-04T06:30:00+10:00,54.29,excellent
2027-07-04,Uranus,2027-07-04T09:30:00+10:00,40.97,good
2027-07-04,Neptune,2027-07-04T05:30:00+10:00,61.15,excellent
2027-07-05,Mercury,2027-07-05T11:00:00+10:00,43.46,good
2027-07-05,Venus,2027-07-05T11:00:00+10:00,39.04,good
2027-07-05,Mars,2027-07-05T16:30:00+10:00,59.71,excellent
2027-07-05,Jupiter,2027-07-05T15:00:00+10:00,48.68,excellent
2027-07-05,Saturn,2027-07-05T06:30:00+10:00,54.35,excellent
2027-07-05,Uranus,2027-07-05T09:30:00+10:00,40.93,good
2027-07-05,Neptune,2027-07-05T05:30:00+10:00,61.12,excellent
2027-07-06,Mercury,2027-07-06T10:30:00+10:00,43.38,good
2027-07-06,Venus,2027-07-06T11:00:00+10:00,39.01,good
2027-07-06,Mars,2027-07-06T16:30:00+10:00,59.97,excellent
2027-07-06,Jupiter,2027-07-06T15:00:00+10:00,48.69,excellent
2027-07-06,Saturn,2027-07-06T06:30:00+10:00,54.38,excellent
2027-07-06,Uranus,2027-07-06T09:30:00+10:00,40.88,good
2027-07-06,Neptune,2027-07-06T05:30:00+10:00,61.06,excellent
2027-07-07,Mercury,2027-07-07T10:30:00+10:00,43.31,good
2027-07-07,Venus,2027-07-07T11:00:00+10:00,39.0,good
2027-07-07,Mars,2027-07-07T16:30:00+10:00,60.21,excellent
2027-07-07,Jupiter,2027-07-07T14:30:00+10:00,48.75,excellent
2027-07-07,Saturn,2027-07-07T06:30:00+10:00,54.4,excellent
2027-07-07,Uranus,2027-07-07T09:00:00+10:00,40.83,good
2027-07-07,Neptune,2027-07-07T05:30:00+10:00,60.97,excellent
2027-07-08,Mercury,2027-07-08T10:30:00+10:00,43.2,good
2027-07-08,Venus,2027-07-08T11:00:00+10:00,38.99,good
2027-07-08,Mars,2027-07-08T16:30:00+10:00,60.46,excellent
2027-07-08,Jupiter,2027-07-08T14:30:00+10:00,48.87,excellent
2027-07-08,Saturn,2027-07-08T06:30:00+10:00,54.39,excellent
2027-07-08,Uranus,2027-07-08T09:00:00+10:00,40.88,good
2027-07-08,Neptune,2027-07-08T05:00:00+10:00,61.0,excellent
2027-07-09,Mercury,2027-07-09T10:30:00+10:00,43.06,good
2027-07-09,Venus,2027-07-09T11:00:00+10:00,38.99,good
2027-07-09,Mars,2027-07-09T16:30:00+10:00,60.69,excellent
2027-07-09,Jupiter,2027-07-09T14:30:00+10:00,48.97,excellent
2027-07-09,Saturn,2027-07-09T06:30:00+10:00,54.36,excellent
2027-07-09,Uranus,2027-07-09T09:00:00+10:00,40.91,good
2027-07-09,Neptune,2027-07-09T05:00:00+10:00,61.08,excellent
2027-07-10,Mercury,2027-07-10T10:30:00+10:00,42.89,good
2027-07-10,Venus,2027-07-10T11:00:00+10:00,39.0,good
2027-07-10,Mars,2027-07-10T16:30:00+10:00,60.92,excellent
2027-07-10,Jupiter,2027-07-10T14:30:00+10:00,49.06,excellent
2027-07-10,Saturn,2027-07-10T06:30:00+10:00,54.31,excellent
2027-07-10,Uranus,2027-07-10T09:00:00+10:00,40.93,good
2027-07-10,Neptune,2027-07-10T05:00:00+10:00,61.13,excellent
2027-07-11,Mercury,2027-07-11T10:30:00+10:00,42.71,good
2027-07-11,Venus,2027-07-11T11:30:00+10:00,39.05,good
2027-07-11,Mars,2027-07-11T16:30:00+10:00,61.14,excellent
2027-07-11,Jupiter,2027-07-11T14:30:00+10:00,49.14,excellent
2027-07-11,Saturn,2027-07-11T06:30:00+10:00,54.23,excellent
2027-07-11,Uranus,2027-07-11T09:00:00+10:00,40.92,good
2027-07-11,Neptune,2027-07-11T05:00:00+10:00,61.16,excellent
2027-07-12,Mercury,2027-07-12T10:30:00+10:00,42.52,good
2027-07-12,Venus,2027-07-12T11:30:00+10:00,39.12,good
2027-07-12,Mars,2027-07-12T16:30:00+10:00,61.36,excellent
2027-07-12,Jupiter,2027-07-12T14:30:00+10:00,49.2,excellent
2027-07-12,Saturn,2027-07-12T06:00:00+10:00,54.16,excellent
2027-07-12,Uranus,2027-07-12T09:00:00+10:00,40.91,good
2027-07-12,Neptune,2027-07-12T05:00:00+10:00,61.15,excellent
2027-07-13,Mercury,2027-07-13T10:30:00+10:00,42.32,good
2027-07-13,Venus,2027-07-13T11:30:00+10:00,39.21,good
2027-07-13,Mars,2027-07-13T16:30:00+10:00,61.56,excellent
2027-07-13,Jupiter,2027-07-13T14:30:00+10:00,49.25,excellent
2027-07-13,Saturn,2027-07-13T06:00:00+10:00,54.23,excellent
2027-07-13,Uranus,2027-07-13T09:00:00+10:00,40.87,good
2027-07-13,Neptune,2027-07-13T05:00:00+10:00,61.11,excellent
2027-07-14,Mercury,2027-07-14T10:30:00+10:00,42.11,good
2027-07-14,Venus,2027-07-14T11:30:00+10:00,39.31,good
2027-07-14,Mars,2027-07-14T16:30:00+10:00,61.77,excellent
2027-07-14,Jupiter,2027-07-14T14:30:00+10:00,49.28,excellent
2027-07-14,Saturn,2027-07-14T06:00:00+10:00,54.27,excellent
2027-07-14,Uranus,2027-07-14T09:00:00+10:00,40.82,good
2027-07-14,Neptune,2027-07-14T05:00:00+10:00,61.04,excellent
2027-07-15,Mercury,2027-07-15T10:30:00+10:00,41.91,good
2027-07-15,Venus,2027-07-15T11:30:00+10:00,39.42,good
2027-07-15,Mars,2027-07-15T16:30:00+10:00,61.96,excellent
2027-07-15,Jupiter,2027-07-15T14:30:00+10:00,49.3,excellent
2027-07-15,Saturn,2027-07-15T06:00:00+10:00,54.29,excellent
2027-07-15,Uranus,2027-07-15T08:30:00+10:00,40.77,good
2027-07-15,Neptune,2027-07-15T05:00:00+10:00,60.94,excellent
2027-07-16,Mercury,2027-07-16T10:30:00+10:00,41.7,good
2027-07-16,Venus,2027-07-16T11:30:00+10:00,39.53,good
2027-07-16,Mars,2027-07-16T16:30:00+10:00,62.15,excellent
2027-07-16,Jupiter,2027-07-16T14:00:00+10:00,49.31,excellent
2027-07-16,Saturn,2027-07-16T06:00:00+10:00,54.28,excellent
2027-07-16,Uranus,2027-07-16T08:30:00+10:00,40.82,good
2027-07-16,Neptune,2027-07-16T04:30:00+10:00,61.04,excellent
2027-07-17,Mercury,2027-07-17T10:30:00+10:00,41.5,good
2027-07-17,Venus,2027-07-17T11:30:00+10:00,39.65,good
2027-07-17,Mars,2027-07-17T16:00:00+10:00,62.42,excellent
2027-07-17,Jupiter,2027-07-17T14:00:00+10:00,49.44,excellent
2027-07-17,Saturn,2027-07-17T06:00:00+10:00,54.26,excellent
2027-07-17,Uranus,2027-07-17T08:30:00+10:00,40.85,good
2027-07-17,Neptune,2027-07-17T04:30:00+10:00,61.11,excellent
2027-07-18,Mercury,2027-07-18T10:30:00+10:00,41.31,good
2027-07-18,Venus,2027-07-18T11:30:00+10:00,39.79,good
2027-07-18,Mars,2027-07-18T16:00:00+10:00,62.71,excellent
2027-07-18,Jupiter,2027-07-18T14:00:00+10:00,49.56,excellent
2027-07-18,Saturn,2027-07-18T06:00:00+10:00,54.21,excellent
2027-07-18,Uranus,2027-07-18T08:30:00+10:00,40.87,good
2027-07-18,Neptune,2027-07-18T04:30:00+10:00,61.16,excellent
2027-07-19,Mercury,2027-07-19T10:30:00+10:00,41.13,good
2027-07-19,Venus,2027-07-19T11:30:00+10:00,39.93,good
2027-07-19,Mars,2027-07-19T16:00:00+10:00,63.0,excellent
2027-07-19,Jupiter,2027-07-19T14:00:00+10:00,49.66,excellent
2027-07-19,Saturn,2027-07-19T06:00:00+10:00,54.14,excellent
2027-07-19,Uranus,2027-07-19T08:30:00+10:00,40.87,good
2027-07-19,Neptune,2027-07-19T04:30:00+10:00,61.17,excellent
2027-07-20,Mercury,2027-07-20T10:30:00+10:00,40.96,good
2027-07-20,Venus,2027-07-20T11:30:00+10:00,40.08,good
2027-07-20,Mars,2027-07-20T16:00:00+10:00,63.28,excellent
2027-07-20,Jupiter,2027-07-20T14:00:00+10:00,49.75,excellent
2027-07-20,Saturn,2027-07-20T05:30:00+10:00,54.08,excellent
2027-07-20,Uranus,2027-07-20T08:30:00+10:00,40.85,good
2027-07-20,Neptune,2027-07-20T04:30:00+10:00,61.15,excellent
2027-07-21,Mercury,2027-07-21T10:30:00+10:00,40.8,good
2027-07-21,Venus,2027-07-21T11:30:00+10:00,40.24,good
2027-07-21,Mars,2027-07-21T16:00:00+10:00,63.55,excellent
2027-07-21,Jupiter,2027-07-21T14:00:00+10:00,49.82,excellent
2027-07-21,Saturn,2027-07-21T05:30:00+10:00,54.15,excellent
2027-07-21,Uranus,2027-07-21T08:30:00+10:00,40.81,good
2027-07-21,Neptune,2027-07-21T04:30:00+10:00,61.1,excellent
2027-07-22,Mercury,2027-07-22T10:30:00+10:00,40.66,good
2027-07-22,Venus,2027-07-22T11:30:00+10:00,40.41,good
2027-07-22,Mars,2027-07-22T16:00:00+10:00,63.82,excellent
2027-07-22,Jupiter,2027-07-22T14:00:00+10:00,49.88,excellent
2027-07-22,Saturn,2027-07-22T05:30:00+10:00,54.19,excellent
2027-07-22,Uranus,2027-07-22T08:30:00+10:00,40.76,good
2027-07-22,Neptune,2027-07-22T04:30:00+10:00,61.02,excellent
2027-07-23,Mercury,2027-07-23T10:30:00+10:00,40.53,good
2027-07-23,Venus,2027-07-23T11:30:00+10:00,40.59,good
2027-07-23,Mars,2027-07-23T16:00:00+10:00,64.08,excellent
2027-07-23,Jupiter,2027-07-23T14:00:00+10:00,49.92,excellent
2027-07-23,Saturn,2027-07-23T05:30:00+10:00,54.22,excellent
2027-07-23,Uranus,2027-07-23T08:00:00+10:00,40.72,good
2027-07-23,Neptune,2027-07-23T04:00:00+10:00,61.0,excellent
2027-07-24,Mercury,2027-07-24T10:30:00+10:00,40.42,good
2027-07-24,Venus,2027-07-24T11:30:00+10:00,40.77,good
2027-07-24,Mars,2027-07-24T16:00:00+10:00,64.33,excellent
2027-07-24,Jupiter,2027-07-24T14:00:00+10:00,49.95,excellent
2027-07-24,Saturn,2027-07-24T05:30:00+10:00,54.21,excellent
2027-07-24,Uranus,2027-07-24T08:00:00+10:00,40.77,good
2027-07-24,Neptune,2027-07-24T04:00:00+10:00,61.1,excellent
2027-07-25,Mercury,2027-07-25T10:30:00+10:00,40.33,good
2027-07-25,Venus,2027-07-25T11:30:00+10:00,40.97,good
2027-07-25,Mars,2027-07-25T16:00:00+10:00,64.58,excellent
2027-07-25,Jupiter,2027-07-25T14:00:00+10:00,49.96,excellent
2027-07-25,Saturn,2027-07-25T05:30:00+10:00,54.19,excellent
2027-07-25,Uranus,2027-07-25T08:00:00+10:00,40.8,good
2027-07-25,Neptune,2027-07-25T04:00:00+10:00,61.16,excellent
2027-07-26,Mercury,2027-07-26T10:30:00+10:00,40.25,good
2027-07-26,Venus,2027-07-26T11:30:00+10:00,41.17,good
2027-07-26,Mars,2027-07-26T16:00:00+10:00,64.81,excellent
2027-07-26,Jupiter,2027-07-26T13:30:00+10:00,50.05,excellent
2027-07-26,Saturn,2027-07-26T05:30:00+10:00,54.14,excellent
2027-07-26,Uranus,2027-07-26T08:00:00+10:00,40.81,good
2027-07-26,Neptune,2027-07-26T04:00:00+10:00,61.19,excellent
2027-07-27,Mercury,2027-07-27T11:00:00+10:00,40.26,good
2027-07-27,Venus,2027-07-27T11:30:00+10:00,41.38,good
2027-07-27,Mars,2027-07-27T16:00:00+10:00,65.05,excellent
2027-07-27,Jupiter,2027-07-27T13:30:00+10:00,50.17,excellent
2027-07-27,Saturn,2027-07-27T05:30:00+10:00,54.07,excellent
2027-07-27,Uranus,2027-07-27T08:00:00+10:00,40.81,good
2027-07-27,Neptune,2027-07-27T04:00:00+10:00,61.19,excellent
2027-07-28,Mercury,2027-07-28T11:00:00+10:00,40.35,good
2027-07-28,Venus,2027-07-28T11:30:00+10:00,41.6,good
2027-07-28,Mars,2027-07-28T16:00:00+10:00,65.27,excellent
2027-07-28,Jupiter,2027-07-28T13:30:00+10:00,50.28,excellent
2027-07-28,Saturn,2027-07-28T05:00:00+10:00,54.04,excellent
2027-07-28,Uranus,2027-07-28T08:00:00+10:00,40.8,good
2027-07-28,Neptune,2027-07-28T04:00:00+10:00,61.16,excellent
2027-07-29,Mercury,2027-07-29T11:00:00+10:00,40.46,good
2027-07-29,Venus,2027-07-29T11:30:00+10:00,41.83,good
2027-07-29,Mars,2027-07-29T16:00:00+10:00,65.49,excellent
2027-07-29,Jupiter,2027-07-29T13:30:00+10:00,50.38,excellent
2027-07-29,Saturn,2027-07-29T05:00:00+10:00,54.11,excellent
2027-07-29,Uranus,2027-07-29T08:00:00+10:00,40.76,good
2027-07-29,Neptune,2027-07-29T04:00:00+10:00,61.1,excellent
2027-07-30,Mercury,2027-07-30T11:00:00+10:00,40.6,good
2027-07-30,Venus,2027-07-30T11:30:00+10:00,42.07,good
2027-07-30,Mars,2027-07-30T16:00:00+10:00,65.7,excellent
2027-07-30,Jupiter,2027-07-30T13:30:00+10:00,50.47,excellent
2027-07-30,Saturn,2027-07-30T05:00:00+10:00,54.16,excellent
2027-07-30,Uranus,2027-07-30T08:00:00+10:00,40.71,good
2027-07-30,Neptune,2027-07-30T04:00:00+10:00,61.01,excellent
2027-07-31,Mercury,2027-07-31T11:00:00+10:00,40.76,good
2027-07-31,Venus,2027-07-31T11:30:00+10:00,42.31,good
2027-07-31,Mars,2027-07-31T16:00:00+10:00,65.9,excellent
2027-07-31,Jupiter,2027-07-31T13:30:00+10:00,50.53,excellent
2027-07-31,Saturn,2027-07-31T05:00:00+10:00,54.18,excellent
2027-07-31,Uranus,2027-07-31T07:30:00+10:00,40.67,good
2027-07-31,Neptune,2027-07-31T03:30:00+10:00,61.08,excellent
2027-08-01,Mercury,2027-08-01T11:00:00+10:00,40.94,good
2027-08-01,Venus,2027-08-01T11:30:00+10:00,42.57,good
2027-08-01,Mars,2027-08-01T16:00:00+10:00,66.1,excellent
2027-08-01,Jupiter,2027-08-01T13:30:00+10:00,50.59,excellent
2027-08-01,Saturn,2027-08-01T05:00:00+10:00,54.18,excellent
2027-08-01,Uranus,2027-08-01T07:30:00+10:00,40.72,good
2027-08-01,Neptune,2027-08-01T03:30:00+10:00,61.16,excellent
2027-08-02,Mercury,2027-08-02T11:00:00+10:00,41.13,good
2027-08-02,Venus,2027-08-02T11:30:00+10:00,42.83,good
2027-08-02,Mars,2027-08-02T15:30:00+10:00,66.3,excellent
2027-08-02,Jupiter,2027-08-02T13:30:00+10:00,50.63,excellent
2027-08-02,Saturn,2027-08-02T05:00:00+10:00,54.16,excellent
2027-08-02,Uranus,2027-08-02T07:30:00+10:00,40.75,good
2027-08-02,Neptune,2027-08-02T03:30:00+10:00,61.21,excellent
2027-08-03,Mercury,2027-08-03T11:30:00+10:00,41.43,good
2027-08-03,Venus,2027-08-03T12:00:00+10:00,43.12,good
2027-08-03,Mars,2027-08-03T15:30:00+10:00,66.61,excellent
2027-08-03,Jupiter,2027-08-03T13:30:00+10:00,50.65,excellent
2027-08-03,Saturn,2027-08-03T05:00:00+10:00,54.11,excellent
2027-08-03,Uranus,2027-08-03T07:30:00+10:00,40.77,good
2027-08-03,Neptune,2027-08-03T03:30:00+10:00,61.23,excellent
2027-08-04,Mercury,2027-08-04T11:30:00+10:00,41.83,good
2027-08-04,Venus,2027-08-04T12:00:00+10:00,43.43,good
2027-08-04,Mars,2027-08-04T15:30:00+10:00,66.91,excellent
2027-08-04,Jupiter,2027-08-04T13:00:00+10:00,50.67,excellent
2027-08-04,Saturn,2027-08-04T05:00:00+10:00,54.04,excellent
2027-08-04,Uranus,2027-08-04T07:30:00+10:00,40.77,good
2027-08-04,Neptune,2027-08-04T03:30:00+10:00,61.22,excellent
2027-08-05,Mercury,2027-08-05T11:30:00+10:00,42.25,good
2027-08-05,Venus,2027-08-05T12:00:00+10:00,43.76,good
2027-08-05,Mars,2027-08-05T15:30:00+10:00,67.2,excellent
2027-08-05,Jupiter,2027-08-05T13:00:00+10:00,50.81,excellent
2027-08-05,Saturn,2027-08-05T04:30:00+10:00,54.05,excellent
2027-08-05,Uranus,2027-08-05T07:30:00+10:00,40.75,good
2027-08-05,Neptune,2027-08-05T03:30:00+10:00,61.18,excellent
2027-08-06,Mercury,2027-08-06T11:30:00+10:00,42.68,good
2027-08-06,Venus,2027-08-06T12:00:00+10:00,44.09,good
2027-08-06,Mars,2027-08-06T15:30:00+10:00,67.49,excellent
2027-08-06,Jupiter,2027-08-06T13:00:00+10:00,50.93,excellent
2027-08-06,Saturn,2027-08-06T04:30:00+10:00,54.12,excellent
2027-08-06,Uranus,2027-08-06T07:30:00+10:00,40.72,good
2027-08-06,Neptune,2027-08-06T03:30:00+10:00,61.1,excellent
2027-08-07,Mercury,2027-08-07T11:30:00+10:00,43.12,good
2027-08-07,Venus,2027-08-07T12:00:00+10:00,44.43,good
2027-08-07,Mars,2027-08-07T15:30:00+10:00,67.77,excellent
2027-08-07,Jupiter,2027-08-07T13:00:00+10:00,51.04,excellent
2027-08-07,Saturn,2027-08-07T04:30:00+10:00,54.17,excellent
2027-08-07,Uranus,2027-08-07T07:30:00+10:00,40.67,good
2027-08-07,Neptune,2027-08-07T03:00:00+10:00,61.06,excellent
2027-08-08,Mercury,2027-08-08T11:30:00+10:00,43.57,good
2027-08-08,Venus,2027-08-08T12:00:00+10:00,44.78,good
2027-08-08,Mars,2027-08-08T15:30:00+10:00,68.04,excellent
2027-08-08,Jupiter,2027-08-08T13:00:00+10:00,51.13,excellent
2027-08-08,Saturn,2027-08-08T04:30:00+10:00,54.19,excellent
2027-08-08,Uranus,2027-08-08T07:00:00+10:00,40.63,good
2027-08-08,Neptune,2027-08-08T03:00:00+10:00,61.16,excellent
2027-08-09,Mercury,2027-08-09T12:00:00+10:00,44.05,good
2027-08-09,Venus,2027-08-09T12:00:00+10:00,45.13,excellent
2027-08-09,Mars,2027-08-09T15:30:00+10:00,68.31,excellent
2027-08-09,Jupiter,2027-08-09T13:00:00+10:00,51.21,excellent
2027-08-09,Saturn,2027-08-09T04:30:00+10:00,54.19,excellent
2027-08-09,Uranus,2027-08-09T07:00:00+10:00,40.68,good
2027-08-09,Neptune,2027-08-09T03:00:00+10:00,61.23,excellent
2027-08-10,Mercury,2027-08-10T12:00:00+10:00,44.69,good
2027-08-10,Venus,2027-08-10T12:00:00+10:00,45.49,excellent
2027-08-10,Mars,2027-08-10T15:30:00+10:00,68.57,excellent
2027-08-10,Jupiter,2027-08-10T13:00:00+10:00,51.28,excellent
2027-08-10,Saturn,2027-08-10T04:30:00+10:00,54.16,excellent
2027-08-10,Uranus,2027-08-10T07:00:00+10:00,40.72,good
2027-08-10,Neptune,2027-08-10T03:00:00+10:00,61.27,excellent
2027-08-11,Mercury,2027-08-11T12:00:00+10:00,45.33,excellent
2027-08-11,Venus,2027-08-11T12:00:00+10:00,45.86,excellent
2027-08-11,Mars,2027-08-11T15:30:00+10:00,68.82,excellent
2027-08-11,Jupiter,2027-08-11T13:00:00+10:00,51.33,excellent
2027-08-11,Saturn,2027-08-11T04:30:00+10:00,54.11,excellent
2027-08-11,Uranus,2027-08-11T07:00:00+10:00,40.73,good
2027-08-11,Neptune,2027-08-11T03:00:00+10:00,61.28,excellent
2027-08-12,Mercury,2027-08-12T12:00:00+10:00,45.97,excellent
2027-08-12,Venus,2027-08-12T12:00:00+10:00,46.23,excellent
2027-08-12,Mars,2027-08-12T15:30:00+10:00,69.07,excellent
2027-08-12,Jupiter,2027-08-12T13:00:00+10:00,51.37,excellent
2027-08-12,Saturn,2027-08-12T04:30:00+10:00,54.03,excellent
2027-08-12,Uranus,2027-08-12T07:00:00+10:00,40.73,good
2027-08-12,Neptune,2027-08-12T03:00:00+10:00,61.25,excellent
2027-08-13,Mercury,2027-08-13T12:00:00+10:00,46.61,excellent
2027-08-13,Venus,2027-08-13T12:00:00+10:00,46.61,excellent
2027-08-13,Mars,2027-08-13T15:30:00+10:00,69.3,excellent
2027-08-13,Jupiter,2027-08-13T13:00:00+10:00,51.39,excellent
2027-08-13,Saturn,2027-08-13T04:00:00+10:00,54.11,excellent
2027-08-13,Uranus,2027-08-13T07:00:00+10:00,40.71,good
2027-08-13,Neptune,2027-08-13T03:00:00+10:00,61.2,excellent
2027-08-14,Mercury,2027-08-14T12:00:00+10:00,47.26,excellent
2027-08-14,Venus,2027-08-14T12:00:00+10:00,47.0,excellent
2027-08-14,Mars,2027-08-14T15:30:00+10:00,69.53,excellent
2027-08-14,Jupiter,2027-08-14T12:30:00+10:00,51.46,excellent
2027-08-14,Saturn,2027-08-14T04:00:00+10:00,54.17,excellent
2027-08-14,Uranus,2027-08-14T07:00:00+10:00,40.68,good
2027-08-14,Neptune,2027-08-14T03:00:00+10:00,61.11,excellent
2027-08-15,Mercury,2027-08-15T12:00:00+10:00,47.9,excellent
2027-08-15,Venus,2027-08-15T12:00:00+10:00,47.39,excellent
2027-08-15,Mars,2027-08-15T15:30:00+10:00,69.76,excellent
2027-08-15,Jupiter,2027-08-15T12:30:00+10:00,51.59,excellent
2027-08-15,Saturn,2027-08-15T04:00:00+10:00,54.22,excellent
2027-08-15,Uranus,2027-08-15T07:00:00+10:00,40.62,good
2027-08-15,Neptune,2027-08-15T02:30:00+10:00,61.17,excellent
2027-08-16,Mercury,2027-08-16T12:00:00+10:00,48.53,excellent
2027-08-16,Venus,2027-08-16T12:00:00+10:00,47.78,excellent
2027-08-16,Mars,2027-08-16T15:30:00+10:00,69.97,excellent
2027-08-16,Jupiter,2027-08-16T12:30:00+10:00,51.71,excellent
2027-08-16,Saturn,2027-08-16T04:00:00+10:00,54.23,excellent
2027-08-16,Uranus,2027-08-16T06:30:00+10:00,40.61,good
2027-08-16,Neptune,2027-08-16T02:30:00+10:00,61.26,excellent
2027-08-17,Mercury,2027-08-17T12:30:00+10:00,49.27,excellent
2027-08-17,Venus,2027-08-17T12:00:00+10:00,48.19,excellent
2027-08-17,Mars,2027-08-17T15:30:00+10:00,70.17,excellent
2027-08-17,Jupiter,2027-08-17T12:30:00+10:00,51.82,excellent
2027-08-17,Saturn,2027-08-17T04:00:00+10:00,54.23,excellent
2027-08-17,Uranus,2027-08-17T06:30:00+10:00,40.66,good
2027-08-17,Neptune,2027-08-17T02:30:00+10:00,61.31,excellent
2027-08-18,Mercury,2027-08-18T12:30:00+10:00,50.05,excellent
2027-08-18,Venus,2027-08-18T12:00:00+10:00,48.59,excellent
2027-08-18,Mars,2027-08-18T15:30:00+10:00,70.37,excellent
2027-08-18,Jupiter,2027-08-18T12:30:00+10:00,51.91,excellent
2027-08-18,Saturn,2027-08-18T04:00:00+10:00,54.19,excellent
2027-08-18,Uranus,2027-08-18T06:30:00+10:00,40.69,good
2027-08-18,Neptune,2027-08-18T02:30:00+10:00,61.34,excellent
2027-08-19,Mercury,2027-08-19T12:30:00+10:00,50.82,excellent
2027-08-19,Venus,2027-08-19T12:00:00+10:00,49.01,excellent
2027-08-19,Mars,2027-08-19T15:30:00+10:00,70.56,excellent
2027-08-19,Jupiter,2027-08-19T12:30:00+10:00,51.99,excellent
2027-08-19,Saturn,2027-08-19T04:00:00+10:00,54.14,excellent
2027-08-19,Uranus,2027-08-19T06:30:00+10:00,40.7,good
2027-08-19,Neptune,2027-08-19T02:30:00+10:00,61.33,excellent
2027-08-20,Mercury,2027-08-20T12:30:00+10:00,51.58,excellent
2027-08-20,Venus,2027-08-20T12:00:00+10:00,49.43,excellent
2027-08-20,Mars,2027-08-20T15:00:00+10:00,70.75,excellent
2027-08-20,Jupiter,2027-08-20T12:30:00+10:00,52.05,excellent
2027-08-20,Saturn,2027-08-20T03:30:00+10:00,54.12,excellent
2027-08-20,Uranus,2027-08-20T06:30:00+10:00,40.7,good
2027-08-20,Neptune,2027-08-20T02:30:00+10:00,61.29,excellent
2027-08-21,Mercury,2027-08-21T12:30:00+10:00,52.34,excellent
2027-08-21,Venus,2027-08-21T12:00:00+10:00,49.85,excellent
2027-08-21,Mars,2027-08-21T15:00:00+10:00,71.06,excellent
2027-08-21,Jupiter,2027-08-21T12:30:00+10:00,52.09,excellent
2027-08-21,Saturn,2027-08-21T03:30:00+10:00,54.2,excellent
2027-08-21,Uranus,2027-08-21T06:30:00+10:00,40.68,good
2027-08-21,Neptune,2027-08-21T02:30:00+10:00,61.22,excellent
2027-08-22,Mercury,2027-08-22T12:30:00+10:00,53.09,excellent
2027-08-22,Venus,2027-08-22T12:00:00+10:00,50.28,excellent
2027-08-22,Mars,2027-08-22T15:00:00+10:00,71.36,excellent
2027-08-22,Jupiter,2027-08-22T12:30:00+10:00,52.13,excellent
2027-08-22,Saturn,2027-08-22T03:30:00+10:00,54.26,excellent
2027-08-22,Uranus,2027-08-22T06:30:00+10:00,40.64,good
2027-08-22,Neptune,2027-08-22T02:00:00+10:00,61.17,excellent
2027-08-23,Mercury,2027-08-23T12:30:00+10:00,53.83,excellent
2027-08-23,Venus,2027-08-23T12:00:00+10:00,50.71,excellent
2027-08-23,Mars,2027-08-23T15:00:00+10:00,71.66,excellent
2027-08-23,Jupiter,2027-08-23T12:30:00+10:00,52.14,excellent
2027-08-23,Saturn,2027-08-23T03:30:00+10:00,54.3,excellent
2027-08-23,Uranus,2027-08-23T06:30:00+10:00,40.59,good
2027-08-23,Neptune,2027-08-23T02:00:00+10:00,61.28,excellent
2027-08-24,Mercury,2027-08-24T12:30:00+10:00,54.57,excellent
2027-08-24,Venus,2027-08-24T12:00:00+10:00,51.15,excellent
2027-08-24,Mars,2027-08-24T15:00:00+10:00,71.95,excellent
2027-08-24,Jupiter,2027-08-24T12:00:00+10:00,52.26,excellent
2027-08-24,Saturn,2027-08-24T03:30:00+10:00,54.31,excellent
2027-08-24,Uranus,2027-08-24T06:00:00+10:00,40.59,good
2027-08-24,Neptune,2027-08-24T02:00:00+10:00,61.35,excellent
2027-08-25,Mercury,2027-08-25T12:30:00+10:00,55.29,excellent
2027-08-25,Venus,2027-08-25T12:00:00+10:00,51.59,excellent
2027-08-25,Mars,2027-08-25T15:00:00+10:00,72.23,excellent
2027-08-25,Jupiter,2027-08-25T12:00:00+10:00,52.4,excellent
2027-08-25,Saturn,2027-08-25T03:30:00+10:00,54.29,excellent
2027-08-25,Uranus,2027-08-25T06:00:00+10:00,40.64,good
2027-08-25,Neptune,2027-08-25T02:00:00+10:00,61.39,excellent
2027-08-26,Mercury,2027-08-26T12:30:00+10:00,56.01,excellent
2027-08-26,Venus,2027-08-26T12:00:00+10:00,52.03,excellent
2027-08-26,Mars,2027-08-26T15:00:00+10:00,72.51,excellent
2027-08-26,Jupiter,2027-08-26T12:00:00+10:00,52.51,excellent
2027-08-26,Saturn,2027-08-26T03:30:00+10:00,54.25,excellent
2027-08-26,Uranus,2027-08-26T06:00:00+10:00,40.67,good
2027-08-26,Neptune,2027-08-26T02:00:00+10:00,61.4,excellent
2027-08-27,Mercury,2027-08-27T13:00:00+10:00,56.73,excellent
2027-08-27,Venus,2027-08-27T12:00:00+10:00,52.48,excellent
2027-08-27,Mars,2027-08-27T15:00:00+10:00,72.77,excellent
2027-08-27,Jupiter,2027-08-27T12:00:00+10:00,52.62,excellent
2027-08-27,Saturn,2027-08-27T03:30:00+10:00,54.18,excellent
2027-08-27,Uranus,2027-08-27T06:00:00+10:00,40.68,good
2027-08-27,Neptune,2027-08-27T02:00:00+10:00,61.38,excellent
2027-08-28,Mercury,2027-08-28T13:00:00+10:00,57.54,excellent
2027-08-28,Venus,2027-08-28T12:00:00+10:00,52.94,excellent
2027-08-28,Mars,2027-08-28T15:00:00+10:00,73.04,excellent
2027-08-28,Jupiter,2027-08-28T12:00:00+10:00,52.7,excellent
2027-08-28,Saturn,2027-08-28T03:00:00+10:00,54.26,excellent
2027-08-28,Uranus,2027-08-28T06:00:00+10:00,40.67,good
2027-08-28,Neptune,2027-08-28T02:00:00+10:00,61.32,excellent
2027-08-29,Mercury,2027-08-29T13:00:00+10:00,58.34,excellent
2027-08-29,Venus,2027-08-29T12:00:00+10:00,53.39,excellent
2027-08-29,Mars,2027-08-29T15:00:00+10:00,73.29,excellent
2027-08-29,Jupiter,2027-08-29T12:00:00+10:00,52.77,excellent
2027-08-29,Saturn,2027-08-29T03:00:00+10:00,54.34,excellent
2027-08-29,Uranus,2027-08-29T06:00:00+10:00,40.65,good
2027-08-29,Neptune,2027-08-29T02:00:00+10:00,61.23,excellent
2027-08-30,Mercury,2027-08-30T13:00:00+10:00,59.13,excellent
2027-08-30,Venus,2027-08-30T12:00:00+10:00,53.85,excellent
2027-08-30,Mars,2027-08-30T15:00:00+10:00,73.53,excellent
2027-08-30,Jupiter,2027-08-30T12:00:00+10:00,52.83,excellent
2027-08-30,Saturn,2027-08-30T03:00:00+10:00,54.39,excellent
2027-08-30,Uranus,2027-08-30T06:00:00+10:00,40.61,good
2027-08-30,Neptune,2027-08-30T01:30:00+10:00,61.3,excellent
2027-08-31,Mercury,2027-08-31T13:00:00+10:00,59.91,excellent
2027-08-31,Venus,2027-08-31T12:00:00+10:00,54.31,excellent
2027-08-31,Mars,2027-08-31T15:00:00+10:00,73.77,excellent
2027-08-31,Jupiter,2027-08-31T12:00:00+10:00,52.87,excellent
2027-08-31,Saturn,2027-08-31T03:00:00+10:00,54.42,excellent
2027-08-31,Uranus,2027-08-31T06:00:00+10:00,40.55,good
2027-08-31,Neptune,2027-08-31T01:30:00+10:00,61.39,excellent
2027-09-01,Mercury,2027-09-01T13:00:00+10:00,60.68,excellent
2027-09-01,Venus,2027-09-01T12:00:00+10:00,54.78,excellent
2027-09-01,Mars,2027-09-01T15:00:00+10:00,74.0,excellent
2027-09-01,Jupiter,2027-09-01T12:00:00+10:00,52.9,excellent
2027-09-01,Saturn,2027-09-01T03:00:00+10:00,54.41,excellent
2027-09-01,Uranus,2027-09-01T05:30:00+10:00,40.58,good
2027-09-01,Neptune,2027-09-01T01:30:00+10:00,61.45,excellent
2027-09-02,Mercury,2027-09-02T13:00:00+10:00,61.44,excellent
2027-09-02,Venus,2027-09-02T12:00:00+10:00,55.25,excellent
2027-09-02,Mars,2027-09-02T15:00:00+10:00,74.22,excellent
2027-09-02,Jupiter,2027-09-02T11:30:00+10:00,52.94,excellent
2027-09-02,Saturn,2027-09-02T03:00:00+10:00,54.39,excellent
2027-09-02,Uranus,2027-09-02T05:30:00+10:00,40.63,good
2027-09-02,Neptune,2027-09-02T01:30:00+10:00,61.47,excellent
2027-09-03,Mercury,2027-09-03T13:00:00+10:00,62.19,excellent
2027-09-03,Venus,2027-09-03T12:00:00+10:00,55.72,excellent
2027-09-03,Mars,2027-09-03T15:00:00+10:00,74.43,excellent
2027-09-03,Jupiter,2027-09-03T11:30:00+10:00,53.08,excellent
2027-09-03,Saturn,2027-09-03T03:00:00+10:00,54.33,excellent
2027-09-03,Uranus,2027-09-03T05:30:00+10:00,40.66,good
2027-09-03,Neptune,2027-09-03T01:30:00+10:00,61.46,excellent
2027-09-04,Mercury,2027-09-04T13:00:00+10:00,62.92,excellent
2027-09-04,Venus,2027-09-04T12:00:00+10:00,56.19,excellent
2027-09-04,Mars,2027-09-04T15:00:00+10:00,74.63,excellent
2027-09-04,Jupiter,2027-09-04T11:30:00+10:00,53.21,excellent
2027-09-04,Saturn,2027-09-04T02:30:00+10:00,54.34,excellent
2027-09-04,Uranus,2027-09-04T05:30:00+10:00,40.66,good
2027-09-04,Neptune,2027-09-04T01:30:00+10:00,61.42,excellent
2027-09-05,Mercury,2027-09-05T13:00:00+10:00,63.65,excellent
2027-09-05,Venus,2027-09-05T12:00:00+10:00,56.66,excellent
2027-09-05,Mars,2027-09-05T15:00:00+10:00,74.82,excellent
2027-09-05,Jupiter,2027-09-05T11:30:00+10:00,53.32,excellent
2027-09-05,Saturn,2027-09-05T02:30:00+10:00,54.43,excellent
2027-09-05,Uranus,2027-09-05T05:30:00+10:00,40.65,good
2027-09-05,Neptune,2027-09-05T01:30:00+10:00,61.35,excellent
2027-09-06,Mercury,2027-09-06T13:00:00+10:00,64.36,excellent
2027-09-06,Venus,2027-09-06T12:00:00+10:00,57.14,excellent
2027-09-06,Mars,2027-09-06T15:00:00+10:00,75.01,excellent
2027-09-06,Jupiter,2027-09-06T11:30:00+10:00,53.42,excellent
2027-09-06,Saturn,2027-09-06T02:30:00+10:00,54.5,excellent
2027-09-06,Uranus,2027-09-06T05:30:00+10:00,40.63,good
2027-09-06,Neptune,2027-09-06T01:00:00+10:00,61.32,excellent
2027-09-07,Mercury,2027-09-07T13:00:00+10:00,65.06,excellent
2027-09-07,Venus,2027-09-07T12:30:00+10:00,57.62,excellent
2027-09-07,Mars,2027-09-07T15:00:00+10:00,75.18,excellent
2027-09-07,Jupiter,2027-09-07T11:30:00+10:00,53.5,excellent
2027-09-07,Saturn,2027-09-07T02:30:00+10:00,54.54,excellent
2027-09-07,Uranus,2027-09-07T05:30:00+10:00,40.58,good
2027-09-07,Neptune,2027-09-07T01:00:00+10:00,61.43,excellent
2027-09-08,Mercury,2027-09-08T13:00:00+10:00,65.75,excellent
2027-09-08,Venus,2027-09-08T12:30:00+10:00,58.13,excellent
2027-09-08,Mars,2027-09-08T15:00:00+10:00,75.34,excellent
2027-09-08,Jupiter,2027-09-08T11:30:00+10:00,53.57,excellent
2027-09-08,Saturn,2027-09-08T02:30:00+10:00,54.55,excellent
2027-09-08,Uranus,2027-09-08T05:00:00+10:00,40.53,good
2027-09-08,Neptune,2027-09-08T01:00:00+10:00,61.5,excellent
2027-09-09,Mercury,2027-09-09T13:00:00+10:00,66.43,excellent
2027-09-09,Venus,2027-09-09T12:30:00+10:00,58.64,excellent
2027-09-09,Mars,2027-09-09T15:00:00+10:00,75.5,excellent
2027-09-09,Jupiter,2027-09-09T11:30:00+10:00,53.62,excellent
2027-09-09,Saturn,2027-09-09T02:30:00+10:00,54.54,excellent
2027-09-09,Uranus,2027-09-09T05:00:00+10:00,40.59,good
2027-09-09,Neptune,2027-09-09T01:00:00+10:00,61.54,excellent
2027-09-10,Mercury,2027-09-10T13:00:00+10:00,67.09,excellent
2027-09-10,Venus,2027-09-10T12:30:00+10:00,59.16,excellent
2027-09-10,Mars,2027-09-10T14:30:00+10:00,75.79,excellent
2027-09-10,Jupiter,2027-09-10T11:30:00+10:00,53.66,excellent
2027-09-10,Saturn,2027-09-10T02:30:00+10:00,54.49,excellent
2027-09-10,Uranus,2027-09-10T05:00:00+10:00,40.63,good
2027-09-10,Neptune,2027-09-10T01:00:00+10:00,61.55,excellent
2027-09-11,Mercury,2027-09-11T13:00:00+10:00,67.75,excellent
2027-09-11,Venus,2027-09-11T12:30:00+10:00,59.68,excellent
2027-09-11,Mars,2027-09-11T14:30:00+10:00,76.08,excellent
2027-09-11,Jupiter,2027-09-11T11:30:00+10:00,53.67,excellent
2027-09-11,Saturn,2027-09-11T02:00:00+10:00,54.45,excellent
2027-09-11,Uranus,2027-09-11T05:00:00+10:00,40.65,good
2027-09-11,Neptune,2027-09-11T01:00:00+10:00,61.52,excellent
2027-09-12,Mercury,2027-09-12T13:00:00+10:00,68.39,excellent
2027-09-12,Venus,2027-09-12T12:30:00+10:00,60.19,excellent
2027-09-12,Mars,2027-09-12T14:30:00+10:00,76.37,excellent
2027-09-12,Jupiter,2027-09-12T11:00:00+10:00,53.77,excellent
2027-09-12,Saturn,2027-09-12T02:00:00+10:00,54.56,excellent
2027-09-12,Uranus,2027-09-12T05:00:00+10:00,40.66,good
2027-09-12,Neptune,2027-09-12T01:00:00+10:00,61.47,excellent
2027-09-13,Mercury,2027-09-13T13:00:00+10:00,69.02,excellent
2027-09-13,Venus,2027-09-13T12:30:00+10:00,60.71,excellent
2027-09-13,Mars,2027-09-13T14:30:00+10:00,76.65,excellent
2027-09-13,Jupiter,2027-09-13T11:00:00+10:00,53.91,excellent
2027-09-13,Saturn,2027-09-13T02:00:00+10:00,54.64,excellent
2027-09-13,Uranus,2027-09-13T05:00:00+10:00,40.64,good
2027-09-13,Neptune,2027-09-13T01:00:00+10:00,61.37,excellent
2027-09-14,Mercury,2027-09-14T13:00:00+10:00,69.63,excellent
2027-09-14,Venus,2027-09-14T12:30:00+10:00,61.23,excellent
2027-09-14,Mars,2027-09-14T14:30:00+10:00,76.93,excellent
2027-09-14,Jupiter,2027-09-14T11:00:00+10:00,54.03,excellent
2027-09-14,Saturn,2027-09-14T02:00:00+10:00,54.69,excellent
2027-09-14,Uranus,2027-09-14T05:00:00+10:00,40.61,good
2027-09-14,Neptune,2027-09-14T00:30:00+10:00,61.46,excellent
2027-09-15,Mercury,2027-09-15T13:00:00+10:00,70.23,excellent
2027-09-15,Venus,2027-09-15T12:30:00+10:00,61.75,excellent
2027-09-15,Mars,2027-09-15T14:30:00+10:00,77.2,excellent
2027-09-15,Jupiter,2027-09-15T11:00:00+10:00,54.14,excellent
2027-09-15,Saturn,2027-09-15T02:00:00+10:00,54.71,excellent
2027-09-15,Uranus,2027-09-15T05:00:00+10:00,40.56,good
2027-09-15,Neptune,2027-09-15T00:30:00+10:00,61.55,excellent
2027-09-16,Mercury,2027-09-16T13:00:00+10:00,70.82,excellent
2027-09-16,Venus,2027-09-16T12:30:00+10:00,62.27,excellent
2027-09-16,Mars,2027-09-16T14:30:00+10:00,77.46,excellent
2027-09-16,Jupiter,2027-09-16T11:00:00+10:00,54.23,excellent
2027-09-16,Saturn,2027-09-16T02:00:00+10:00,54.7,excellent
2027-09-16,Uranus,2027-09-16T04:30:00+10:00,40.55,good
2027-09-16,Neptune,2027-09-16T00:30:00+10:00,61.61,excellent
2027-09-17,Mercury,2027-09-17T13:00:00+10:00,71.4,excellent
2027-09-17,Venus,2027-09-17T12:30:00+10:00,62.79,excellent
2027-09-17,Mars,2027-09-17T14:30:00+10:00,77.71,excellent
2027-09-17,Jupiter,2027-09-17T11:00:00+10:00,54.3,excellent
2027-09-17,Saturn,2027-09-17T02:00:00+10:00,54.67,excellent
2027-09-17,Uranus,2027-09-17T04:30:00+10:00,40.6,good
2027-09-17,Neptune,2027-09-17T00:30:00+10:00,61.63,excellent
2027-09-18,Mercury,2027-09-18T13:00:00+10:00,71.96,excellent
2027-09-18,Venus,2027-09-18T12:30:00+10:00,63.31,excellent
2027-09-18,Mars,2027-09-18T14:30:00+10:00,77.95,excellent
2027-09-18,Jupiter,2027-09-18T11:00:00+10:00,54.36,excellent
2027-09-18,Saturn,2027-09-18T02:00:00+10:00,54.61,excellent
2027-09-18,Uranus,2027-09-18T04:30:00+10:00,40.64,good
2027-09-18,Neptune,2027-09-18T00:30:00+10:00,61.62,excellent
2027-09-19,Mercury,2027-09-19T13:00:00+10:00,72.51,excellent
2027-09-19,Venus,2027-09-19T12:30:00+10:00,63.83,excellent
2027-09-19,Mars,2027-09-19T14:30:00+10:00,78.18,excellent
2027-09-19,Jupiter,2027-09-19T11:00:00+10:00,54.41,excellent
2027-09-19,Saturn,2027-09-19T01:30:00+10:00,54.7,excellent
2027-09-19,Uranus,2027-09-19T04:30:00+10:00,40.65,good
2027-09-19,Neptune,2027-09-19T00:30:00+10:00,61.58,excellent
2027-09-20,Mercury,2027-09-20T13:00:00+10:00,73.05,excellent
2027-09-20,Venus,2027-09-20T12:30:00+10:00,64.35,excellent
2027-09-20,Mars,2027-09-20T14:30:00+10:00,78.41,excellent
2027-09-20,Jupiter,2027-09-20T11:00:00+10:00,54.43,excellent
2027-09-20,Saturn,2027-09-20T01:30:00+10:00,54.79,excellent
2027-09-20,Uranus,2027-09-20T04:30:00+10:00,40.65,good
2027-09-20,Neptune,2027-09-20T00:30:00+10:00,61.5,excellent
2027-09-21,Mercury,2027-09-21T13:00:00+10:00,73.57,excellent
2027-09-21,Venus,2027-09-21T12:30:00+10:00,64.87,excellent
2027-09-21,Mars,2027-09-21T14:30:00+10:00,78.63,excellent
2027-09-21,Jupiter,2027-09-21T10:30:00+10:00,54.44,excellent
2027-09-21,Saturn,2027-09-21T01:30:00+10:00,54.85,excellent
2027-09-21,Uranus,2027-09-21T04:30:00+10:00,40.63,good
2027-09-21,Neptune,2027-09-21T00:00:00+10:00,61.49,excellent
2027-09-22,Mercury,2027-09-22T13:00:00+10:00,74.08,excellent
2027-09-22,Venus,2027-09-22T12:30:00+10:00,65.38,excellent
2027-09-22,Mars,2027-09-22T14:30:00+10:00,78.83,excellent
2027-09-22,Jupiter,2027-09-22T10:30:00+10:00,54.59,excellent
2027-09-22,Saturn,2027-09-22T01:30:00+10:00,54.88,excellent
2027-09-22,Uranus,2027-09-22T04:30:00+10:00,40.59,good
2027-09-22,Neptune,2027-09-22T00:00:00+10:00,61.59,excellent
2027-09-23,Mercury,2027-09-23T13:00:00+10:00,74.58,excellent
2027-09-23,Venus,2027-09-23T12:30:00+10:00,65.9,excellent
2027-09-23,Mars,2027-09-23T14:30:00+10:00,79.03,excellent
2027-09-23,Jupiter,2027-09-23T10:30:00+10:00,54.73,excellent
2027-09-23,Saturn,2027-09-23T01:30:00+10:00,54.88,excellent
2027-09-23,Uranus,2027-09-23T04:30:00+10:00,40.54,good
2027-09-23,Neptune,2027-09-23T00:00:00+10:00,61.67,excellent
2027-09-24,Mercury,2027-09-24T13:00:00+10:00,75.06,excellent
2027-09-24,Venus,2027-09-24T12:30:00+10:00,66.41,excellent
2027-09-24,Mars,2027-09-24T14:30:00+10:00,79.22,excellent
2027-09-24,Jupiter,2027-09-24T10:30:00+10:00,54.84,excellent
2027-09-24,Saturn,2027-09-24T01:30:00+10:00,54.86,excellent
2027-09-24,Uranus,2027-09-24T04:00:00+10:00,40.58,good
2027-09-24,Neptune,2027-09-24T00:00:00+10:00,61.7,excellent
2027-09-25,Mercury,2027-09-25T13:00:00+10:00,75.53,excellent
2027-09-25,Venus,2027-09-25T12:30:00+10:00,66.93,excellent
2027-09-25,Mars,2027-09-25T14:30:00+10:00,79.4,excellent
2027-09-25,Jupiter,2027-09-25T10:30:00+10:00,54.94,excellent
2027-09-25,Saturn,2027-09-25T01:30:00+10:00,54.8,excellent
2027-09-25,Uranus,2027-09-25T04:00:00+10:00,40.62,good
2027-09-25,Neptune,2027-09-25T00:00:00+10:00,61.71,excellent
2027-09-26,Mercury,2027-09-26T13:00:00+10:00,75.99,excellent
2027-09-26,Venus,2027-09-26T12:30:00+10:00,67.44,excellent
2027-09-26,Mars,2027-09-26T14:30:00+10:00,79.57,excellent
2027-09-26,Jupiter,2027-09-26T10:30:00+10:00,55.03,excellent
2027-09-26,Saturn,2027-09-26T01:00:00+10:00,54.87,excellent
2027-09-26,Uranus,2027-09-26T04:00:00+10:00,40.65,good
2027-09-26,Neptune,2027-09-26T00:00:00+10:00,61.68,excellent
2027-09-27,Mercury,2027-09-27T13:00:00+10:00,76.43,excellent
2027-09-27,Venus,2027-09-27T12:30:00+10:00,67.95,excellent
2027-09-27,Mars,2027-09-27T14:30:00+10:00,79.73,excellent
2027-09-27,Jupiter,2027-09-27T10:30:00+10:00,55.09,excellent
2027-09-27,Saturn,2027-09-27T01:00:00+10:00,54.96,excellent
2027-09-27,Uranus,2027-09-27T04:00:00+10:00,40.66,good
2027-09-27,Neptune,2027-09-27T00:00:00+10:00,61.62,excellent
2027-09-28,Mercury,2027-09-28T13:00:00+10:00,76.84,excellent
2027-09-28,Venus,2027-09-28T12:30:00+10:00,68.45,excellent
2027-09-28,Mars,2027-09-28T14:30:00+10:00,79.87,excellent
2027-09-28,Jupiter,2027-09-28T10:30:00+10:00,55.14,excellent
2027-09-28,Saturn,2027-09-28T01:00:00+10:00,55.03,excellent
2027-09-28,Uranus,2027-09-28T04:00:00+10:00,40.65,good
2027-09-28,Neptune,2027-09-28T23:30:00+10:00,61.63,excellent
2027-09-29,Mercury,2027-09-29T13:00:00+10:00,77.24,excellent
2027-09-29,Venus,2027-09-29T12:30:00+10:00,68.96,excellent
2027-09-29,Mars,2027-09-29T14:30:00+10:00,80.01,excellent
2027-09-29,Jupiter,2027-09-29T10:30:00+10:00,55.18,excellent
2027-09-29,Saturn,2027-09-29T01:00:00+10:00,55.07,excellent
2027-09-29,Uranus,2027-09-29T04:00:00+10:00,40.63,good
2027-09-29,Neptune,2027-09-29T23:30:00+10:00,61.72,excellent
2027-09-30,Mercury,2027-09-30T13:00:00+10:00,77.62,excellent
2027-09-30,Venus,2027-09-30T12:30:00+10:00,69.46,excellent
2027-09-30,Mars,2027-09-30T14:30:00+10:00,80.14,excellent
2027-09-30,Jupiter,2027-09-30T10:30:00+10:00,55.19,excellent
2027-09-30,Saturn,2027-09-30T01:00:00+10:00,55.08,excellent
2027-09-30,Uranus,2027-09-30T04:00:00+10:00,40.58,good
2027-09-30,Neptune,2027-09-30T23:30:00+10:00,61.77,excellent
2027-10-01,Mercury,2027-10-01T13:00:00+10:00,77.96,excellent
2027-10-01,Venus,2027-10-01T12:30:00+10:00,69.95,excellent
2027-10-01,Mars,2027-10-01T14:30:00+10:00,80.25,excellent
2027-10-01,Jupiter,2027-10-01T10:00:00+10:00,55.27,excellent
2027-10-01,Saturn,2027-10-01T01:00:00+10:00,55.06,excellent
2027-10-01,Uranus,2027-10-01T03:30:00+10:00,40.55,good
2027-10-01,Neptune,2027-10-01T23:30:00+10:00,61.79,excellent
2027-10-02,Mercury,2027-10-02T13:00:00+10:00,78.27,excellent
2027-10-02,Venus,2027-10-02T12:30:00+10:00,70.45,excellent
2027-10-02,Mars,2027-10-02T14:30:00+10:00,80.35,excellent
2027-10-02,Jupiter,2027-10-02T10:00:00+10:00,55.41,excellent
2027-10-02,Saturn,2027-10-02T01:00:00+10:00,55.01,excellent
2027-10-02,Uranus,2027-10-02T03:30:00+10:00,40.61,good
2027-10-02,Neptune,2027-10-02T23:30:00+10:00,61.78,excellent
2027-10-03,Mercury,2027-10-03T13:00:00+10:00,78.53,excellent
2027-10-03,Venus,2027-10-03T12:30:00+10:00,70.94,excellent
2027-10-03,Mars,2027-10-03T14:00:00+10:00,80.45,excellent
2027-10-03,Jupiter,2027-10-03T10:00:00+10:00,55.53,excellent
2027-10-03,Saturn,2027-10-03T00:30:00+10:00,55.04,excellent
2027-10-03,Uranus,2027-10-03T03:30:00+10:00,40.65,good
2027-10-03,Neptune,2027-10-03T23:30:00+10:00,61.73,excellent
2027-10-04,Mercury,2027-10-04T13:00:00+10:00,78.73,excellent
2027-10-04,Venus,2027-10-04T12:30:00+10:00,71.42,excellent
2027-10-04,Mars,2027-10-04T14:00:00+10:00,80.72,excellent
2027-10-04,Jupiter,2027-10-04T10:00:00+10:00,55.64,excellent
2027-10-04,Saturn,2027-10-04T00:30:00+10:00,55.15,excellent
2027-10-04,Uranus,2027-10-04T03:30:00+10:00,40.67,good
2027-10-04,Neptune,2027-10-04T23:30:00+10:00,61.65,excellent
2027-10-05,Mercury,2027-10-05T13:00:00+10:00,78.86,excellent
2027-10-05,Venus,2027-10-05T12:30:00+10:00,71.9,excellent
2027-10-05,Mars,2027-10-05T14:00:00+10:00,80.99,excellent
2027-10-05,Jupiter,2027-10-05T10:00:00+10:00,55.73,excellent
2027-10-05,Saturn,2027-10-05T00:30:00+10:00,55.22,excellent
2027-10-05,Uranus,2027-10-05T03:30:00+10:00,40.67,good
2027-10-05,Neptune,2027-10-05T23:00:00+10:00,61.67,excellent
2027-10-06,Mercury,2027-10-06T13:00:00+10:00,78.89,excellent
2027-10-06,Venus,2027-10-06T12:30:00+10:00,72.38,excellent
2027-10-06,Mars,2027-10-06T14:00:00+10:00,81.24,excellent
2027-10-06,Jupiter,2027-10-06T10:00:00+10:00,55.81,excellent
2027-10-06,Saturn,2027-10-06T00:30:00+10:00,55.27,excellent
2027-10-06,Uranus,2027-10-06T03:30:00+10:00,40.66,good
2027-10-06,Neptune,2027-10-06T23:00:00+10:00,61.77,excellent
2027-10-07,Mercury,2027-10-07T13:00:00+10:00,78.81,excellent
2027-10-07,Venus,2027-10-07T12:30:00+10:00,72.84,excellent
2027-10-07,Mars,2027-10-07T14:00:00+10:00,81.49,excellent
2027-10-07,Jupiter,2027-10-07T10:00:00+10:00,55.86,excellent
2027-10-07,Saturn,2027-10-07T00:30:00+10:00,55.28,excellent
2027-10-07,Uranus,2027-10-07T03:30:00+10:00,40.62,good
2027-10-07,Neptune,2027-10-07T23:00:00+10:00,61.84,excellent
2027-10-08,Mercury,2027-10-08T13:00:00+10:00,78.59,excellent
2027-10-08,Venus,2027-10-08T12:30:00+10:00,73.31,excellent
2027-10-08,Mars,2027-10-08T14:00:00+10:00,81.74,excellent
2027-10-08,Jupiter,2027-10-08T10:00:00+10:00,55.9,excellent
2027-10-08,Saturn,2027-10-08T00:30:00+10:00,55.26,excellent
2027-10-08,Uranus,2027-10-08T03:30:00+10:00,40.57,good
2027-10-08,Neptune,2027-10-08T23:00:00+10:00,61.87,excellent
2027-10-09,Mercury,2027-10-09T12:30:00+10:00,78.47,excellent
2027-10-09,Venus,2027-10-09T12:30:00+10:00,73.76,excellent
2027-10-09,Mars,2027-10-09T14:00:00+10:00,81.97,excellent
2027-10-09,Jupiter,2027-10-09T10:00:00+10:00,55.92,excellent
2027-10-09,Saturn,2027-10-09T00:30:00+10:00,55.22,excellent
2027-10-09,Uranus,2027-10-09T03:00:00+10:00,40.6,good
2027-10-09,Neptune,2027-10-09T23:00:00+10:00,61.87,excellent
2027-10-10,Mercury,2027-10-10T12:30:00+10:00,78.56,excellent
2027-10-10,Venus,2027-10-10T12:30:00+10:00,74.21,excellent
2027-10-10,Mars,2027-10-10T14:00:00+10:00,82.2,excellent
2027-10-10,Jupiter,2027-10-10T09:30:00+10:00,55.93,excellent
2027-10-10,Saturn,2027-10-10T00:00:00+10:00,55.23,excellent
2027-10-10,Uranus,2027-10-10T03:00:00+10:00,40.65,good
2027-10-10,Neptune,2027-10-10T23:00:00+10:00,61.84,excellent
2027-10-11,Mercury,2027-10-11T12:30:00+10:00,78.49,excellent
2027-10-11,Venus,2027-10-11T12:30:00+10:00,74.65,excellent
2027-10-11,Mars,2027-10-11T14:00:00+10:00,82.42,excellent
2027-10-11,Jupiter,2027-10-11T09:30:00+10:00,56.07,excellent
2027-10-11,Saturn,2027-10-11T00:00:00+10:00,55.34,excellent
2027-10-11,Uranus,2027-10-11T03:00:00+10:00,40.68,good
2027-10-11,Neptune,2027-10-11T23:00:00+10:00,61.77,excellent
2027-10-12,Mercury,2027-10-12T12:30:00+10:00,78.2,excellent
2027-10-12,Venus,2027-10-12T12:30:00+10:00,75.08,excellent
2027-10-12,Mars,2027-10-12T14:00:00+10:00,82.63,excellent
2027-10-12,Jupiter,2027-10-12T09:30:00+10:00,56.21,excellent
2027-10-12,Saturn,2027-10-12T00:00:00+10:00,55.42,excellent
2027-10-12,Uranus,2027-10-12T03:00:00+10:00,40.7,good
2027-10-12,Neptune,2027-10-12T22:30:00+10:00,61.69,excellent
2027-10-13,Mercury,2027-10-13T12:30:00+10:00,77.67,excellent
2027-10-13,Venus,2027-10-13T12:30:00+10:00,75.51,excellent
2027-10-13,Mars,2027-10-13T14:00:00+10:00,82.83,excellent
2027-10-13,Jupiter,2027-10-13T09:30:00+10:00,56.32,excellent
2027-10-13,Saturn,2027-10-13T00:00:00+10:00,55.47,excellent
2027-10-13,Uranus,2027-10-13T03:00:00+10:00,40.69,good
2027-10-13,Neptune,2027-10-13T22:30:00+10:00,61.81,excellent
2027-10-14,Mercury,2027-10-14T12:00:00+10:00,76.98,excellent
2027-10-14,Venus,2027-10-14T12:30:00+10:00,75.92,excellent
2027-10-14,Mars,2027-10-14T14:00:00+10:00,83.03,excellent
2027-10-14,Jupiter,2027-10-14T09:30:00+10:00,56.42,excellent
2027-10-14,Saturn,2027-10-14T00:00:00+10:00,55.49,excellent
2027-10-14,Uranus,2027-10-14T03:00:00+10:00,40.66,good
2027-10-14,Neptune,2027-10-14T22:30:00+10:00,61.89,excellent
2027-10-15,Mercury,2027-10-15T12:00:00+10:00,76.79,excellent
2027-10-15,Venus,2027-10-15T12:30:00+10:00,76.32,excellent
2027-10-15,Mars,2027-10-15T14:00:00+10:00,83.21,excellent
2027-10-15,Jupiter,2027-10-15T09:30:00+10:00,56.49,excellent
2027-10-15,Saturn,2027-10-15T00:00:00+10:00,55.47,excellent
2027-10-15,Uranus,2027-10-15T03:00:00+10:00,40.62,good
2027-10-15,Neptune,2027-10-15T22:30:00+10:00,61.94,excellent
2027-10-16,Mercury,2027-10-16T12:00:00+10:00,76.31,excellent
2027-10-16,Venus,2027-10-16T12:30:00+10:00,76.71,excellent
2027-10-16,Mars,2027-10-16T14:00:00+10:00,83.38,excellent
2027-10-16,Jupiter,2027-10-16T09:30:00+10:00,56.55,excellent
2027-10-16,Saturn,2027-10-16T00:00:00+10:00,55.43,excellent
2027-10-16,Uranus,2027-10-16T02:30:00+10:00,40.6,good
2027-10-16,Neptune,2027-10-16T22:30:00+10:00,61.95,excellent
2027-10-17,Mercury,2027-10-17T12:00:00+10:00,75.53,excellent
2027-10-17,Venus,2027-10-17T12:30:00+10:00,77.09,excellent
2027-10-17,Mars,2027-10-17T14:00:00+10:00,83.55,excellent
2027-10-17,Jupiter,2027-10-17T09:30:00+10:00,56.59,excellent
2027-10-17,Saturn,2027-10-17T23:30:00+10:00,55.54,excellent
2027-10-17,Uranus,2027-10-17T02:30:00+10:00,40.66,good
2027-10-17,Neptune,2027-10-17T22:30:00+10:00,61.93,excellent
2027-10-18,Mercury,2027-10-18T11:30:00+10:00,74.62,excellent
2027-10-18,Venus,2027-10-18T12:30:00+10:00,77.46,excellent
2027-10-18,Mars,2027-10-18T14:00:00+10:00,83.7,excellent
2027-10-18,Jupiter,2027-10-18T09:30:00+10:00,56.61,excellent
2027-10-18,Saturn,2027-10-18T23:30:00+10:00,55.62,excellent
2027-10-18,Uranus,2027-10-18T02:30:00+10:00,40.7,good
2027-10-18,Neptune,2027-10-18T22:30:00+10:00,61.88,excellent
2027-10-19,Mercury,2027-10-19T11:30:00+10:00,74.18,excellent
2027-10-19,Venus,2027-10-19T12:30:00+10:00,77.81,excellent
2027-10-19,Mars,2027-10-19T14:00:00+10:00,83.85,excellent
2027-10-19,Jupiter,2027-10-19T09:30:00+10:00,56.62,excellent
2027-10-19,Saturn,2027-10-19T23:30:00+10:00,55.67,excellent
2027-10-19,Uranus,2027-10-19T02:30:00+10:00,40.72,good
2027-10-19,Neptune,2027-10-19T22:30:00+10:00,61.8,excellent
2027-10-20,Mercury,2027-10-20T11:30:00+10:00,73.46,excellent
2027-10-20,Venus,2027-10-20T12:30:00+10:00,78.14,excellent
2027-10-20,Mars,2027-10-20T14:00:00+10:00,83.98,excellent
2027-10-20,Jupiter,2027-10-20T09:00:00+10:00,56.71,excellent
2027-10-20,Saturn,2027-10-20T23:30:00+10:00,55.69,excellent
2027-10-20,Uranus,2027-10-20T02:30:00+10:00,40.72,good
2027-10-20,Neptune,2027-10-20T22:00:00+10:00,61.83,excellent
2027-10-21,Mercury,2027-10-21T11:30:00+10:00,72.54,excellent
2027-10-21,Venus,2027-10-21T13:00:00+10:00,78.51,excellent
2027-10-21,Mars,2027-10-21T14:00:00+10:00,84.1,excellent
2027-10-21,Jupiter,2027-10-21T09:00:00+10:00,56.85,excellent
2027-10-21,Saturn,2027-10-21T23:30:00+10:00,55.68,excellent
2027-10-21,Uranus,2027-10-21T02:30:00+10:00,40.7,good
2027-10-21,Neptune,2027-10-21T22:00:00+10:00,61.93,excellent
2027-10-22,Mercury,2027-10-22T11:00:00+10:00,71.77,excellent
2027-10-22,Venus,2027-10-22T13:00:00+10:00,78.96,excellent
2027-10-22,Mars,2027-10-22T14:00:00+10:00,84.21,excellent
2027-10-22,Jupiter,2027-10-22T09:00:00+10:00,56.97,excellent
2027-10-22,Saturn,2027-10-22T23:30:00+10:00,55.64,excellent
2027-10-22,Uranus,2027-10-22T02:30:00+10:00,40.67,good
2027-10-22,Neptune,2027-10-22T22:00:00+10:00,61.99,excellent
2027-10-23,Mercury,2027-10-23T11:00:00+10:00,71.25,excellent
2027-10-23,Venus,2027-10-23T13:00:00+10:00,79.4,excellent
2027-10-23,Mars,2027-10-23T14:00:00+10:00,84.31,excellent
2027-10-23,Jupiter,2027-10-23T09:00:00+10:00,57.07,excellent
2027-10-23,Saturn,2027-10-23T23:00:00+10:00,55.62,excellent
2027-10-23,Uranus,2027-10-23T02:30:00+10:00,40.61,good
2027-10-23,Neptune,2027-10-23T22:00:00+10:00,62.02,excellent
2027-10-24,Mercury,2027-10-24T11:00:00+10:00,70.64,excellent
2027-10-24,Venus,2027-10-24T13:00:00+10:00,79.83,excellent
2027-10-24,Mars,2027-10-24T14:00:00+10:00,84.4,excellent
2027-10-24,Jupiter,2027-10-24T09:00:00+10:00,57.15,excellent
2027-10-24,Saturn,2027-10-24T23:00:00+10:00,55.73,excellent
2027-10-24,Uranus,2027-10-24T02:00:00+10:00,40.66,good
2027-10-24,Neptune,2027-10-24T22:00:00+10:00,62.02,excellent
2027-10-25,Mercury,2027-10-25T11:00:00+10:00,69.97,excellent
2027-10-25,Venus,2027-10-25T13:00:00+10:00,80.25,excellent
2027-10-25,Mars,2027-10-25T14:00:00+10:00,84.47,excellent
2027-10-25,Jupiter,2027-10-25T09:00:00+10:00,57.21,excellent
2027-10-25,Saturn,2027-10-25T23:00:00+10:00,55.81,excellent
2027-10-25,Uranus,2027-10-25T02:00:00+10:00,40.71,good
2027-10-25,Neptune,2027-10-25T22:00:00+10:00,61.98,excellent
2027-10-26,Mercury,2027-10-26T11:00:00+10:00,69.32,excellent
2027-10-26,Venus,2027-10-26T13:00:00+10:00,80.66,excellent
2027-10-26,Mars,2027-10-26T14:00:00+10:00,84.54,excellent
2027-10-26,Jupiter,2027-10-26T09:00:00+10:00,57.25,excellent
2027-10-26,Saturn,2027-10-26T23:00:00+10:00,55.87,excellent
2027-10-26,Uranus,2027-10-26T02:00:00+10:00,40.74,good
2027-10-26,Neptune,2027-10-26T22:00:00+10:00,61.91,excellent
2027-10-27,Mercury,2027-10-27T10:30:00+10:00,69.03,excellent
2027-10-27,Venus,2027-10-27T13:00:00+10:00,81.07,excellent
2027-10-27,Mars,2027-10-27T14:00:00+10:00,84.59,excellent
2027-10-27,Jupiter,2027-10-27T09:00:00+10:00,57.27,excellent
2027-10-27,Saturn,2027-10-27T23:00:00+10:00,55.89,excellent
2027-10-27,Uranus,2027-10-27T02:00:00+10:00,40.75,good
2027-10-27,Neptune,2027-10-27T21:30:00+10:00,61.85,excellent
2027-10-28,Mercury,2027-10-28T10:30:00+10:00,68.84,excellent
2027-10-28,Venus,2027-10-28T13:00:00+10:00,81.46,excellent
2027-10-28,Mars,2027-10-28T14:00:00+10:00,84.63,excellent
2027-10-28,Jupiter,2027-10-28T09:00:00+10:00,57.27,excellent
2027-10-28,Saturn,2027-10-28T23:00:00+10:00,55.88,excellent
2027-10-28,Uranus,2027-10-28T02:00:00+10:00,40.74,good
2027-10-28,Neptune,2027-10-28T21:30:00+10:00,61.96,excellent
2027-10-29,Mercury,2027-10-29T10:30:00+10:00,68.68,excellent
2027-10-29,Venus,2027-10-29T13:00:00+10:00,81.84,excellent
2027-10-29,Mars,2027-10-29T14:00:00+10:00,84.66,excellent
2027-10-29,Jupiter,2027-10-29T08:30:00+10:00,57.33,excellent
2027-10-29,Saturn,2027-10-29T23:00:00+10:00,55.84,excellent
2027-10-29,Uranus,2027-10-29T02:00:00+10:00,40.72,good
2027-10-29,Neptune,2027-10-29T21:30:00+10:00,62.04,excellent
2027-10-30,Mercury,2027-10-30T10:30:00+10:00,68.59,excellent
2027-10-30,Venus,2027-10-30T13:00:00+10:00,82.21,excellent
2027-10-30,Mars,2027-10-30T14:00:00+10:00,84.68,excellent
2027-10-30,Jupiter,2027-10-30T08:30:00+10:00,57.47,excellent
2027-10-30,Saturn,2027-10-30T22:30:00+10:00,55.8,excellent
2027-10-30,Uranus,2027-10-30T02:00:00+10:00,40.67,good
2027-10-30,Neptune,2027-10-30T21:30:00+10:00,62.08,excellent
2027-10-31,Mercury,2027-10-31T10:30:00+10:00,68.57,excellent
2027-10-31,Venus,2027-10-31T13:00:00+10:00,82.57,excellent
2027-10-31,Mars,2027-10-31T14:00:00+10:00,84.69,excellent
2027-10-31,Jupiter,2027-10-31T08:30:00+10:00,57.59,excellent
2027-10-31,Saturn,2027-10-31T22:30:00+10:00,55.91,excellent
2027-10-31,Uranus,2027-10-31T01:30:00+10:00,40.67,good
2027-10-31,Neptune,2027-10-31T21:30:00+10:00,62.09,excellent
2027-11-01,Mercury,2027-11-01T10:30:00+10:00,68.63,excellent
2027-11-01,Venus,2027-11-01T13:00:00+10:00,82.91,excellent
2027-11-01,Mars,2027-11-01T14:00:00+10:00,84.69,excellent
2027-11-01,Jupiter,2027-11-01T08:30:00+10:00,57.68,excellent
2027-11-01,Saturn,2027-11-01T22:30:00+10:00,56.0,excellent
2027-11-01,Uranus,2027-11-01T01:30:00+10:00,40.73,good
2027-11-01,Neptune,2027-11-01T21:30:00+10:00,62.07,excellent
2027-11-02,Mercury,2027-11-02T10:30:00+10:00,68.76,excellent
2027-11-02,Venus,2027-11-02T13:00:00+10:00,83.23,excellent
2027-11-02,Mars,2027-11-02T14:00:00+10:00,84.67,excellent
2027-11-02,Jupiter,2027-11-02T08:30:00+10:00,57.76,excellent
2027-11-02,Saturn,2027-11-02T22:30:00+10:00,56.05,excellent
2027-11-02,Uranus,2027-11-02T01:30:00+10:00,40.77,good
2027-11-02,Neptune,2027-11-02T21:30:00+10:00,62.01,excellent
2027-11-03,Mercury,2027-11-03T10:30:00+10:00,68.98,excellent
2027-11-03,Venus,2027-11-03T13:00:00+10:00,83.53,excellent
2027-11-03,Mars,2027-11-03T14:00:00+10:00,84.65,excellent
2027-11-03,Jupiter,2027-11-03T08:30:00+10:00,57.82,excellent
2027-11-03,Saturn,2027-11-03T22:30:00+10:00,56.08,excellent
2027-11-03,Uranus,2027-11-03T01:30:00+10:00,40.79,good
2027-11-03,Neptune,2027-11-03T21:30:00+10:00,61.92,excellent
2027-11-04,Mercury,2027-11-04T10:30:00+10:00,69.26,excellent
2027-11-04,Venus,2027-11-04T13:00:00+10:00,83.81,excellent
2027-11-04,Mars,2027-11-04T13:30:00+10:00,84.64,excellent
2027-11-04,Jupiter,2027-11-04T08:30:00+10:00,57.86,excellent
2027-11-04,Saturn,2027-11-04T22:30:00+10:00,56.07,excellent
2027-11-04,Uranus,2027-11-04T01:30:00+10:00,40.79,good
2027-11-04,Neptune,2027-11-04T21:00:00+10:00,61.97,excellent
2027-11-05,Mercury,2027-11-05T10:30:00+10:00,69.6,excellent
2027-11-05,Venus,2027-11-05T13:00:00+10:00,84.07,excellent
2027-11-05,Mars,2027-11-05T13:30:00+10:00,84.82,excellent
2027-11-05,Jupiter,2027-11-05T08:30:00+10:00,57.88,excellent
2027-11-05,Saturn,2027-11-05T22:30:00+10:00,56.03,excellent
2027-11-05,Uranus,2027-11-05T01:30:00+10:00,40.77,good
2027-11-05,Neptune,2027-11-05T21:00:00+10:00,62.06,excellent
2027-11-06,Mercury,2027-11-06T10:30:00+10:00,70.0,excellent
2027-11-06,Venus,2027-11-06T13:00:00+10:00,84.3,excellent
2027-11-06,Mars,2027-11-06T13:30:00+10:00,85.0,excellent
2027-11-06,Jupiter,2027-11-06T08:30:00+10:00,57.88,excellent
2027-11-06,Saturn,2027-11-06T22:00:00+10:00,55.96,excellent
2027-11-06,Uranus,2027-11-06T01:30:00+10:00,40.72,good
2027-11-06,Neptune,2027-11-06T21:00:00+10:00,62.12,excellent
2027-11-07,Mercury,2027-11-07T10:30:00+10:00,70.44,excellent
2027-11-07,Venus,2027-11-07T13:00:00+10:00,84.5,excellent
2027-11-07,Mars,2027-11-07T13:30:00+10:00,85.17,excellent
2027-11-07,Jupiter,2027-11-07T08:00:00+10:00,57.91,excellent
2027-11-07,Saturn,2027-11-07T22:00:00+10:00,56.08,excellent
2027-11-07,Uranus,2027-11-07T01:00:00+10:00,40.69,good
2027-11-07,Neptune,2027-11-07T21:00:00+10:00,62.15,excellent
2027-11-08,Mercury,2027-11-08T10:30:00+10:00,70.93,excellent
2027-11-08,Venus,2027-11-08T13:00:00+10:00,84.67,excellent
2027-11-08,Mars,2027-11-08T13:30:00+10:00,85.33,excellent
2027-11-08,Jupiter,2027-11-08T08:00:00+10:00,58.04,excellent
2027-11-08,Saturn,2027-11-08T22:00:00+10:00,56.17,excellent
2027-11-08,Uranus,2027-11-08T01:00:00+10:00,40.75,good
2027-11-08,Neptune,2027-11-08T21:00:00+10:00,62.14,excellent
2027-11-09,Mercury,2027-11-09T10:30:00+10:00,71.44,excellent
2027-11-09,Venus,2027-11-09T13:00:00+10:00,84.81,excellent
2027-11-09,Mars,2027-11-09T13:30:00+10:00,85.49,excellent
2027-11-09,Jupiter,2027-11-09T08:00:00+10:00,58.16,excellent
2027-11-09,Saturn,2027-11-09T22:00:00+10:00,56.22,excellent
2027-11-09,Uranus,2027-11-09T01:00:00+10:00,40.8,good
2027-11-09,Neptune,2027-11-09T21:00:00+10:00,62.1,excellent
2027-11-10,Mercury,2027-11-10T10:30:00+10:00,71.98,excellent
2027-11-10,Venus,2027-11-10T13:00:00+10:00,84.91,excellent
2027-11-10,Mars,2027-11-10T13:30:00+10:00,85.64,excellent
2027-11-10,Jupiter,2027-11-10T08:00:00+10:00,58.26,excellent
2027-11-10,Saturn,2027-11-10T22:00:00+10:00,56.25,excellent
2027-11-10,Uranus,2027-11-10T01:00:00+10:00,40.82,good
2027-11-10,Neptune,2027-11-10T21:00:00+10:00,62.03,excellent
2027-11-11,Mercury,2027-11-11T10:30:00+10:00,72.53,excellent
2027-11-11,Venus,2027-11-11T13:00:00+10:00,84.97,excellent
2027-11-11,Mars,2027-11-11T13:30:00+10:00,85.79,excellent
2027-11-11,Jupiter,2027-11-11T08:00:00+10:00,58.33,excellent
2027-11-11,Saturn,2027-11-11T22:00:00+10:00,56.24,excellent
2027-11-11,Uranus,2027-11-11T01:00:00+10:00,40.83,good
2027-11-11,Neptune,2027-11-11T20:30:00+10:00,61.97,excellent
2027-11-12,Mercury,2027-11-12T10:30:00+10:00,73.09,excellent
2027-11-12,Venus,2027-11-12T13:00:00+10:00,84.99,excellent
2027-11-12,Mars,2027-11-12T13:30:00+10:00,85.93,excellent
2027-11-12,Jupiter,2027-11-12T08:00:00+10:00,58.39,excellent
2027-11-12,Saturn,2027-11-12T22:00:00+10:00,56.2,excellent
2027-11-12,Uranus,2027-11-12T01:00:00+10:00,40.82,good
2027-11-12,Neptune,2027-11-12T20:30:00+10:00,62.08,excellent
2027-11-13,Mercury,2027-11-13T10:30:00+10:00,73.66,excellent
2027-11-13,Venus,2027-11-13T13:00:00+10:00,84.97,excellent
2027-11-13,Mars,2027-11-13T13:30:00+10:00,86.06,excellent
2027-11-13,Jupiter,2027-11-13T08:00:00+10:00,58.42,excellent
2027-11-13,Saturn,2027-11-13T22:00:00+10:00,56.14,excellent
2027-11-13,Uranus,2027-11-13T01:00:00+10:00,40.78,good
2027-11-13,Neptune,2027-11-13T20:30:00+10:00,62.15,excellent
2027-11-14,Mercury,2027-11-14T10:30:00+10:00,74.22,excellent
2027-11-14,Venus,2027-11-14T13:00:00+10:00,84.92,excellent
2027-11-14,Mars,2027-11-14T13:30:00+10:00,86.18,excellent
2027-11-14,Jupiter,2027-11-14T08:00:00+10:00,58.43,excellent
2027-11-14,Saturn,2027-11-14T21:30:00+10:00,56.22,excellent
2027-11-14,Uranus,2027-11-14T01:00:00+10:00,40.73,good
2027-11-14,Neptune,2027-11-14T20:30:00+10:00,62.19,excellent
2027-11-15,Mercury,2027-11-15T10:30:00+10:00,74.77,excellent
2027-11-15,Venus,2027-11-15T13:30:00+10:00,85.07,excellent
2027-11-15,Mars,2027-11-15T13:30:00+10:00,86.29,excellent
2027-11-15,Jupiter,2027-11-15T08:00:00+10:00,58.42,excellent
2027-11-15,Saturn,2027-11-15T21:30:00+10:00,56.31,excellent
2027-11-15,Uranus,2027-11-15T00:30:00+10:00,40.78,good
2027-11-15,Neptune,2027-11-15T20:30:00+10:00,62.2,excellent
2027-11-16,Mercury,2027-11-16T10:30:00+10:00,75.31,excellent
2027-11-16,Venus,2027-11-16T13:30:00+10:00,85.4,excellent
2027-11-16,Mars,2027-11-16T13:30:00+10:00,86.4,excellent
2027-11-16,Jupiter,2027-11-16T07:30:00+10:00,58.45,excellent
2027-11-16,Saturn,2027-11-16T21:30:00+10:00,56.37,excellent
2027-11-16,Uranus,2027-11-16T00:30:00+10:00,40.83,good
2027-11-16,Neptune,2027-11-16T20:30:00+10:00,62.17,excellent
2027-11-17,Mercury,2027-11-17T10:30:00+10:00,75.83,excellent
2027-11-17,Venus,2027-11-17T13:30:00+10:00,85.71,excellent
2027-11-17,Mars,2027-11-17T13:30:00+10:00,86.5,excellent
2027-11-17,Jupiter,2027-11-17T07:30:00+10:00,58.58,excellent
2027-11-17,Saturn,2027-11-17T21:30:00+10:00,56.4,excellent
2027-11-17,Uranus,2027-11-17T00:30:00+10:00,40.86,good
2027-11-17,Neptune,2027-11-17T20:30:00+10:00,62.11,excellent
2027-11-18,Mercury,2027-11-18T10:30:00+10:00,76.32,excellent
2027-11-18,Venus,2027-11-18T13:30:00+10:00,86.01,excellent
2027-11-18,Mars,2027-11-18T13:30:00+10:00,86.59,excellent
2027-11-18,Jupiter,2027-11-18T07:30:00+10:00,58.69,excellent
2027-11-18,Saturn,2027-11-18T21:30:00+10:00,56.39,excellent
2027-11-18,Uranus,2027-11-18T00:30:00+10:00,40.87,good
2027-11-18,Neptune,2027-11-18T20:30:00+10:00,62.02,excellent
2027-11-19,Mercury,2027-11-19T10:30:00+10:00,76.78,excellent
2027-11-19,Venus,2027-11-19T13:30:00+10:00,86.29,excellent
2027-11-19,Mars,2027-11-19T13:30:00+10:00,86.67,excellent
2027-11-19,Jupiter,2027-11-19T07:30:00+10:00,58.78,excellent
2027-11-19,Saturn,2027-11-19T21:30:00+10:00,56.36,excellent
2027-11-19,Uranus,2027-11-19T00:30:00+10:00,40.87,good
2027-11-19,Neptune,2027-11-19T20:00:00+10:00,62.07,excellent
2027-11-20,Mercury,2027-11-20T11:00:00+10:00,77.22,excellent
2027-11-20,Venus,2027-11-20T13:30:00+10:00,86.54,excellent
2027-11-20,Mars,2027-11-20T13:30:00+10:00,86.74,excellent
2027-11-20,Jupiter,2027-11-20T07:30:00+10:00,58.85,excellent
2027-11-20,Saturn,2027-11-20T21:30:00+10:00,56.29,excellent
2027-11-20,Uranus,2027-11-20T00:30:00+10:00,40.84,good
2027-11-20,Neptune,2027-11-20T20:00:00+10:00,62.16,excellent
2027-11-21,Mercury,2027-11-21T11:00:00+10:00,77.89,excellent
2027-11-21,Venus,2027-11-21T13:30:00+10:00,86.76,excellent
2027-11-21,Mars,2027-11-21T13:30:00+10:00,86.8,excellent
2027-11-21,Jupiter,2027-11-21T07:30:00+10:00,58.9,excellent
2027-11-21,Saturn,2027-11-21T21:00:00+10:00,56.34,excellent
2027-11-21,Uranus,2027-11-21T00:30:00+10:00,40.79,good
2027-11-21,Neptune,2027-11-21T20:00:00+10:00,62.21,excellent
2027-11-22,Mercury,2027-11-22T11:00:00+10:00,78.54,excellent
2027-11-22,Venus,2027-11-22T13:30:00+10:00,86.95,excellent
2027-11-22,Mars,2027-11-22T13:30:00+10:00,86.85,excellent
2027-11-22,Jupiter,2027-11-22T07:30:00+10:00,58.92,excellent
2027-11-22,Saturn,2027-11-22T21:00:00+10:00,56.43,excellent
2027-11-22,Uranus,2027-11-22T00:00:00+10:00,40.8,good
2027-11-22,Neptune,2027-11-22T20:00:00+10:00,62.24,excellent
2027-11-23,Mercury,2027-11-23T11:00:00+10:00,79.17,excellent
2027-11-23,Venus,2027-11-23T13:30:00+10:00,87.1,excellent
2027-11-23,Mars,2027-11-23T13:30:00+10:00,86.89,excellent
2027-11-23,Jupiter,2027-11-23T07:30:00+10:00,58.92,excellent
2027-11-23,Saturn,2027-11-23T21:00:00+10:00,56.49,excellent
2027-11-23,Uranus,2027-11-23T00:00:00+10:00,40.86,good
2027-11-23,Neptune,2027-11-23T20:00:00+10:00,62.23,excellent
2027-11-24,Mercury,2027-11-24T11:00:00+10:00,79.78,excellent
2027-11-24,Venus,2027-11-24T13:30:00+10:00,87.2,excellent
2027-11-24,Mars,2027-11-24T13:30:00+10:00,86.92,excellent
2027-11-24,Jupiter,2027-11-24T07:30:00+10:00,58.9,excellent
2027-11-24,Saturn,2027-11-24T21:00:00+10:00,56.52,excellent
2027-11-24,Uranus,2027-11-24T00:00:00+10:00,40.9,good
2027-11-24,Neptune,2027-11-24T20:00:00+10:00,62.19,excellent
2027-11-25,Mercury,2027-11-25T11:00:00+10:00,80.35,excellent
2027-11-25,Venus,2027-11-25T13:30:00+10:00,87.25,excellent
2027-11-25,Mars,2027-11-25T13:30:00+10:00,86.94,excellent
2027-11-25,Jupiter,2027-11-25T07:00:00+10:00,58.94,excellent
2027-11-25,Saturn,2027-11-25T21:00:00+10:00,56.52,excellent
2027-11-25,Uranus,2027-11-25T00:00:00+10:00,40.92,good
2027-11-25,Neptune,2027-11-25T20:00:00+10:00,62.11,excellent
2027-11-26,Mercury,2027-11-26T11:00:00+10:00,80.89,excellent
2027-11-26,Venus,2027-11-26T13:30:00+10:00,87.24,excellent
2027-11-26,Mars,2027-11-26T13:30:00+10:00,86.94,excellent
2027-11-26,Jupiter,2027-11-26T07:00:00+10:00,59.07,excellent
2027-11-26,Saturn,2027-11-26T21:00:00+10:00,56.49,excellent
2027-11-26,Uranus,2027-11-26T00:00:00+10:00,40.92,good
2027-11-26,Neptune,2027-11-26T19:30:00+10:00,62.04,excellent
2027-11-27,Mercury,2027-11-27T11:00:00+10:00,81.38,excellent
2027-11-27,Venus,2027-11-27T13:30:00+10:00,87.18,excellent
2027-11-27,Mars,2027-11-27T13:30:00+10:00,86.94,excellent
2027-11-27,Jupiter,2027-11-27T07:00:00+10:00,59.17,excellent
2027-11-27,Saturn,2027-11-27T21:00:00+10:00,56.43,excellent
2027-11-27,Uranus,2027-11-27T00:00:00+10:00,40.9,good
2027-11-27,Neptune,2027-11-27T19:30:00+10:00,62.14,excellent
2027-11-28,Mercury,2027-11-28T11:00:00+10:00,81.81,excellent
2027-11-28,Venus,2027-11-28T13:30:00+10:00,87.07,excellent
2027-11-28,Mars,2027-11-28T13:30:00+10:00,86.92,excellent
2027-11-28,Jupiter,2027-11-28T07:00:00+10:00,59.25,excellent
2027-11-28,Saturn,2027-11-28T20:30:00+10:00,56.42,excellent
2027-11-28,Uranus,2027-11-28T00:00:00+10:00,40.86,good
2027-11-28,Neptune,2027-11-28T19:30:00+10:00,62.22,excellent
2027-11-29,Mercury,2027-11-29T11:00:00+10:00,82.19,excellent
2027-11-29,Venus,2027-11-29T13:30:00+10:00,86.91,excellent
2027-11-29,Mars,2027-11-29T13:30:00+10:00,86.9,excellent
2027-11-29,Jupiter,2027-11-29T07:00:00+10:00,59.3,excellent
2027-11-29,Saturn,2027-11-29T20:30:00+10:00,56.51,excellent
2027-11-29,Uranus,2027-11-29T23:30:00+10:00,40.89,good
2027-11-29,Neptune,2027-11-29T19:30:00+10:00,62.26,excellent
2027-11-30,Mercury,2027-11-30T11:00:00+10:00,82.5,excellent
2027-11-30,Venus,2027-11-30T13:30:00+10:00,86.72,excellent
2027-11-30,Mars,2027-11-30T13:30:00+10:00,86.86,excellent
2027-11-30,Jupiter,2027-11-30T07:00:00+10:00,59.33,excellent
2027-11-30,Saturn,2027-11-30T20:30:00+10:00,56.58,excellent
2027-11-30,Uranus,2027-11-30T23:30:00+10:00,40.94,good
2027-11-30,Neptune,2027-11-30T19:30:00+10:00,62.26,excellent
2027-12-01,Mercury,2027-12-01T11:00:00+10:00,82.73,excellent
2027-12-01,Venus,2027-12-01T13:30:00+10:00,86.49,excellent
2027-12-01,Mars,2027-12-01T13:30:00+10:00,86.82,excellent
2027-12-01,Jupiter,2027-12-01T07:00:00+10:00,59.34,excellent
2027-12-01,Saturn,2027-12-01T20:30:00+10:00,56.61,excellent
2027-12-01,Uranus,2027-12-01T23:30:00+10:00,40.96,good
2027-12-01,Neptune,2027-12-01T19:30:00+10:00,62.24,excellent
2027-12-02,Mercury,2027-12-02T11:00:00+10:00,82.88,excellent
2027-12-02,Venus,2027-12-02T13:30:00+10:00,86.24,excellent
2027-12-02,Mars,2027-12-02T13:30:00+10:00,86.77,excellent
2027-12-02,Jupiter,2027-12-02T07:00:00+10:00,59.33,excellent
2027-12-02,Saturn,2027-12-02T20:30:00+10:00,56.62,excellent
2027-12-02,Uranus,2027-12-02T23:30:00+10:00,40.97,good
2027-12-02,Neptune,2027-12-02T19:30:00+10:00,62.18,excellent
2027-12-03,Mercury,2027-12-03T11:30:00+10:00,83.25,excellent
2027-12-03,Venus,2027-12-03T13:30:00+10:00,85.97,excellent
2027-12-03,Mars,2027-12-03T13:30:00+10:00,86.7,excellent
2027-12-03,Jupiter,2027-12-03T07:00:00+10:00,59.28,excellent
2027-12-03,Saturn,2027-12-03T20:30:00+10:00,56.59,excellent
2027-12-03,Uranus,2027-12-03T23:30:00+10:00,40.95,good
2027-12-03,Neptune,2027-12-03T19:30:00+10:00,62.09,excellent
2027-12-04,Mercury,2027-12-04T11:30:00+10:00,83.86,excellent
2027-12-04,Venus,2027-12-04T13:30:00+10:00,85.68,excellent
2027-12-04,Mars,2027-12-04T13:30:00+10:00,86.63,excellent
2027-12-04,Jupiter,2027-12-04T06:30:00+10:00,59.38,excellent
2027-12-04,Saturn,2027-12-04T20:30:00+10:00,56.54,excellent
2027-12-04,Uranus,2027-12-04T23:30:00+10:00,40.92,good
2027-12-04,Neptune,2027-12-04T19:00:00+10:00,62.11,excellent
2027-12-05,Mercury,2027-12-05T11:30:00+10:00,84.42,excellent
2027-12-05,Venus,2027-12-05T14:00:00+10:00,85.61,excellent
2027-12-05,Mars,2027-12-05T13:30:00+10:00,86.55,excellent
2027-12-05,Jupiter,2027-12-05T06:30:00+10:00,59.49,excellent
2027-12-05,Saturn,2027-12-05T20:00:00+10:00,56.46,excellent
2027-12-05,Uranus,2027-12-05T23:30:00+10:00,40.86,good
2027-12-05,Neptune,2027-12-05T19:00:00+10:00,62.2,excellent
2027-12-06,Mercury,2027-12-06T11:30:00+10:00,84.92,excellent
2027-12-06,Venus,2027-12-06T14:00:00+10:00,85.78,excellent
2027-12-06,Mars,2027-12-06T13:30:00+10:00,86.46,excellent
2027-12-06,Jupiter,2027-12-06T06:30:00+10:00,59.58,excellent
2027-12-06,Saturn,2027-12-06T20:00:00+10:00,56.56,excellent
2027-12-06,Uranus,2027-12-06T23:00:00+10:00,40.92,good
2027-12-06,Neptune,2027-12-06T19:00:00+10:00,62.26,excellent
2027-12-07,Mercury,2027-12-07T11:30:00+10:00,85.36,excellent
2027-12-07,Venus,2027-12-07T14:00:00+10:00,85.91,excellent
2027-12-07,Mars,2027-12-07T13:30:00+10:00,86.37,excellent
2027-12-07,Jupiter,2027-12-07T06:30:00+10:00,59.64,excellent
2027-12-07,Saturn,2027-12-07T20:00:00+10:00,56.63,excellent
2027-12-07,Uranus,2027-12-07T23:00:00+10:00,40.98,good
2027-12-07,Neptune,2027-12-07T19:00:00+10:00,62.28,excellent
2027-12-08,Mercury,2027-12-08T11:30:00+10:00,85.71,excellent
2027-12-08,Venus,2027-12-08T14:00:00+10:00,86.01,excellent
2027-12-08,Mars,2027-12-08T13:30:00+10:00,86.27,excellent
2027-12-08,Jupiter,2027-12-08T06:30:00+10:00,59.68,excellent
2027-12-08,Saturn,2027-12-08T20:00:00+10:00,56.67,excellent
2027-12-08,Uranus,2027-12-08T23:00:00+10:00,41.01,good
2027-12-08,Neptune,2027-12-08T19:00:00+10:00,62.27,excellent
2027-12-09,Mercury,2027-12-09T11:30:00+10:00,85.94,excellent
2027-12-09,Venus,2027-12-09T14:00:00+10:00,86.07,excellent
2027-12-09,Mars,2027-12-09T13:30:00+10:00,86.16,excellent
2027-12-09,Jupiter,2027-12-09T06:30:00+10:00,59.69,excellent
2027-12-09,Saturn,2027-12-09T20:00:00+10:00,56.68,excellent
2027-12-09,Uranus,2027-12-09T23:00:00+10:00,41.02,good
2027-12-09,Neptune,2027-12-09T19:00:00+10:00,62.23,excellent
2027-12-10,Mercury,2027-12-10T11:30:00+10:00,86.05,excellent
2027-12-10,Venus,2027-12-10T14:00:00+10:00,86.08,excellent
2027-12-10,Mars,2027-12-10T13:30:00+10:00,86.04,excellent
2027-12-10,Jupiter,2027-12-10T06:30:00+10:00,59.67,excellent
2027-12-10,Saturn,2027-12-10T20:00:00+10:00,56.66,excellent
2027-12-10,Uranus,2027-12-10T23:00:00+10:00,41.01,good
2027-12-10,Neptune,2027-12-10T19:00:00+10:00,62.16,excellent
2027-12-11,Mercury,2027-12-11T11:30:00+10:00,86.02,excellent
2027-12-11,Venus,2027-12-11T14:00:00+10:00,86.05,excellent
2027-12-11,Mars,2027-12-11T13:30:00+10:00,85.92,excellent
2027-12-11,Jupiter,2027-12-11T06:30:00+10:00,59.64,excellent
2027-12-11,Saturn,2027-12-11T20:00:00+10:00,56.61,excellent
2027-12-11,Uranus,2027-12-11T23:00:00+10:00,40.98,good
2027-12-11,Neptune,2027-12-11T19:00:00+10:00,62.05,excellent
2027-12-12,Mercury,2027-12-12T11:30:00+10:00,85.85,excellent
2027-12-12,Venus,2027-12-12T14:00:00+10:00,85.98,excellent
2027-12-12,Mars,2027-12-12T13:30:00+10:00,85.8,excellent
2027-12-12,Jupiter,2027-12-12T06:00:00+10:00,59.64,excellent
2027-12-12,Saturn,2027-12-12T20:00:00+10:00,56.54,excellent
2027-12-12,Uranus,2027-12-12T23:00:00+10:00,40.93,good
2027-12-12,Neptune,2027-12-12T18:30:00+10:00,62.16,excellent
2027-12-13,Mercury,2027-12-13T11:30:00+10:00,85.56,excellent
2027-12-13,Venus,2027-12-13T14:00:00+10:00,85.87,excellent
2027-12-13,Mars,2027-12-13T13:30:00+10:00,85.67,excellent
2027-12-13,Jupiter,2027-12-13T06:00:00+10:00,59.75,excellent
2027-12-13,Saturn,2027-12-13T19:30:00+10:00,56.56,excellent
2027-12-13,Uranus,2027-12-13T22:30:00+10:00,40.95,good
2027-12-13,Neptune,2027-12-13T18:30:00+10:00,62.23,excellent
2027-12-14,Mercury,2027-12-14T12:00:00+10:00,85.92,excellent
2027-12-14,Venus,2027-12-14T14:00:00+10:00,85.71,excellent
2027-12-14,Mars,2027-12-14T13:30:00+10:00,85.53,excellent
2027-12-14,Jupiter,2027-12-14T06:00:00+10:00,59.84,excellent
2027-12-14,Saturn,2027-12-14T19:30:00+10:00,56.64,excellent
2027-12-14,Uranus,2027-12-14T22:30:00+10:00,41.01,good
2027-12-14,Neptune,2027-12-14T18:30:00+10:00,62.27,excellent
2027-12-15,Mercury,2027-12-15T12:00:00+10:00,86.49,excellent
2027-12-15,Venus,2027-12-15T14:00:00+10:00,85.53,excellent
2027-12-15,Mars,2027-12-15T13:30:00+10:00,85.39,excellent
2027-12-15,Jupiter,2027-12-15T06:00:00+10:00,59.91,excellent
2027-12-15,Saturn,2027-12-15T19:30:00+10:00,56.68,excellent
2027-12-15,Uranus,2027-12-15T22:30:00+10:00,41.05,good
2027-12-15,Neptune,2027-12-15T18:30:00+10:00,62.28,excellent
2027-12-16,Mercury,2027-12-16T12:00:00+10:00,86.98,excellent
2027-12-16,Venus,2027-12-16T14:00:00+10:00,85.31,excellent
2027-12-16,Mars,2027-12-16T13:30:00+10:00,85.24,excellent
2027-12-16,Jupiter,2027-12-16T06:00:00+10:00,59.95,excellent
2027-12-16,Saturn,2027-12-16T19:30:00+10:00,56.7,excellent
2027-12-16,Uranus,2027-12-16T22:30:00+10:00,41.06,good
2027-12-16,Neptune,2027-12-16T18:30:00+10:00,62.26,excellent
2027-12-17,Mercury,2027-12-17T12:00:00+10:00,87.37,excellent
2027-12-17,Venus,2027-12-17T14:00:00+10:00,85.06,excellent
2027-12-17,Mars,2027-12-17T13:30:00+10:00,85.09,excellent
2027-12-17,Jupiter,2027-12-17T06:00:00+10:00,59.96,excellent
2027-12-17,Saturn,2027-12-17T19:30:00+10:00,56.7,excellent
2027-12-17,Uranus,2027-12-17T22:30:00+10:00,41.06,good
2027-12-17,Neptune,2027-12-17T18:30:00+10:00,62.2,excellent
2027-12-18,Mercury,2027-12-18T12:00:00+10:00,87.6,excellent
2027-12-18,Venus,2027-12-18T14:00:00+10:00,84.79,excellent
2027-12-18,Mars,2027-12-18T13:30:00+10:00,84.94,excellent
2027-12-18,Jupiter,2027-12-18T06:00:00+10:00,59.94,excellent
2027-12-18,Saturn,2027-12-18T19:30:00+10:00,56.66,excellent
2027-12-18,Uranus,2027-12-18T22:30:00+10:00,41.04,good
2027-12-18,Neptune,2027-12-18T18:30:00+10:00,62.12,excellent
2027-12-19,Mercury,2027-12-19T12:00:00+10:00,87.62,excellent
2027-12-19,Venus,2027-12-19T14:00:00+10:00,84.49,excellent
2027-12-19,Mars,2027-12-19T13:30:00+10:00,84.78,excellent
2027-12-19,Jupiter,2027-12-19T06:00:00+10:00,59.9,excellent
2027-12-19,Saturn,2027-12-19T19:30:00+10:00,56.59,excellent
2027-12-19,Uranus,2027-12-19T22:30:00+10:00,40.99,good
2027-12-19,Neptune,2027-12-19T18:00:00+10:00,62.09,excellent
2027-12-20,Mercury,2027-12-20T12:00:00+10:00,87.42,excellent
2027-12-20,Venus,2027-12-20T14:00:00+10:00,84.18,excellent
2027-12-20,Mars,2027-12-20T13:30:00+10:00,84.61,excellent
2027-12-20,Jupiter,2027-12-20T05:30:00+10:00,59.84,excellent
2027-12-20,Saturn,2027-12-20T19:00:00+10:00,56.51,excellent
2027-12-20,Uranus,2027-12-20T22:00:00+10:00,40.98,good
2027-12-20,Neptune,2027-12-20T18:00:00+10:00,62.18,excellent
2027-12-21,Mercury,2027-12-21T12:00:00+10:00,87.05,excellent
2027-12-21,Venus,2027-12-21T14:00:00+10:00,83.85,excellent
2027-12-21,Mars,2027-12-21T13:00:00+10:00,84.46,excellent
2027-12-21,Jupiter,2027-12-21T05:30:00+10:00,59.96,excellent
2027-12-21,Saturn,2027-12-21T19:00:00+10:00,56.6,excellent
2027-12-21,Uranus,2027-12-21T22:00:00+10:00,41.04,good
2027-12-21,Neptune,2027-12-21T18:00:00+10:00,62.24,excellent
2027-12-22,Mercury,2027-12-22T12:00:00+10:00,86.57,excellent
2027-12-22,Venus,2027-12-22T14:00:00+10:00,83.5,excellent
2027-12-22,Mars,2027-12-22T13:00:00+10:00,84.45,excellent
2027-12-22,Jupiter,2027-12-22T05:30:00+10:00,60.05,excellent
2027-12-22,Saturn,2027-12-22T19:00:00+10:00,56.66,excellent
2027-12-22,Uranus,2027-12-22T22:00:00+10:00,41.08,good
2027-12-22,Neptune,2027-12-22T18:00:00+10:00,62.27,excellent
2027-12-23,Mercury,2027-12-23T12:00:00+10:00,86.0,excellent
2027-12-23,Venus,2027-12-23T14:00:00+10:00,83.15,excellent
2027-12-23,Mars,2027-12-23T13:00:00+10:00,84.43,excellent
2027-12-23,Jupiter,2027-12-23T05:30:00+10:00,60.11,excellent
2027-12-23,Saturn,2027-12-23T19:00:00+10:00,56.69,excellent
2027-12-23,Uranus,2027-12-23T22:00:00+10:00,41.11,good
2027-12-23,Neptune,2027-12-23T18:00:00+10:00,62.27,excellent
2027-12-24,Mercury,2027-12-24T12:30:00+10:00,86.4,excellent
2027-12-24,Venus,2027-12-24T14:00:00+10:00,82.78,excellent
2027-12-24,Mars,2027-12-24T13:00:00+10:00,84.41,excellent
2027-12-24,Jupiter,2027-12-24T05:30:00+10:00,60.14,excellent
2027-12-24,Saturn,2027-12-24T19:00:00+10:00,56.69,excellent
2027-12-24,Uranus,2027-12-24T22:00:00+10:00,41.11,good
2027-12-24,Neptune,2027-12-24T18:00:00+10:00,62.23,excellent
2027-12-25,Mercury,2027-12-25T12:30:00+10:00,86.83,excellent
2027-12-25,Venus,2027-12-25T14:00:00+10:00,82.4,excellent
2027-12-25,Mars,2027-12-25T13:00:00+10:00,84.37,excellent
2027-12-25,Jupiter,2027-12-25T05:30:00+10:00,60.15,excellent
2027-12-25,Saturn,2027-12-25T19:00:00+10:00,56.66,excellent
2027-12-25,Uranus,2027-12-25T22:00:00+10:00,41.09,good
2027-12-25,Neptune,2027-12-25T18:00:00+10:00,62.16,excellent
2027-12-26,Mercury,2027-12-26T12:30:00+10:00,87.14,excellent
2027-12-26,Venus,2027-12-26T14:00:00+10:00,82.01,excellent
2027-12-26,Mars,2027-12-26T13:00:00+10:00,84.33,excellent
2027-12-26,Jupiter,2027-12-26T05:30:00+10:00,60.13,excellent
2027-12-26,Saturn,2027-12-26T19:00:00+10:00,56.61,excellent
2027-12-26,Uranus,2027-12-26T22:00:00+10:00,41.06,good
2027-12-26,Neptune,2027-12-26T18:00:00+10:00,62.06,excellent
2027-12-27,Mercury,2027-12-27T12:30:00+10:00,87.27,excellent
2027-12-27,Venus,2027-12-27T14:00:00+10:00,81.61,excellent
2027-12-27,Mars,2027-12-27T13:00:00+10:00,84.27,excellent
2027-12-27,Jupiter,2027-12-27T05:30:00+10:00,60.08,excellent
2027-12-27,Saturn,2027-12-27T19:00:00+10:00,56.53,excellent
2027-12-27,Uranus,2027-12-27T22:00:00+10:00,41.0,good
2027-12-27,Neptune,2027-12-27T17:30:00+10:00,62.1,excellent
2027-12-28,Mercury,2027-12-28T12:30:00+10:00,87.19,excellent
2027-12-28,Venus,2027-12-28T14:30:00+10:00,81.3,excellent
2027-12-28,Mars,2027-12-28T13:00:00+10:00,84.21,excellent
2027-12-28,Jupiter,2027-12-28T05:30:00+10:00,60.0,excellent
2027-12-28,Saturn,2027-12-28T18:30:00+10:00,56.51,excellent
2027-12-28,Uranus,2027-12-28T21:30:00+10:00,41.06,good
2027-12-28,Neptune,2027-12-28T17:30:00+10:00,62.18,excellent
2027-12-29,Mercury,2027-12-29T12:30:00+10:00,86.91,excellent
2027-12-29,Venus,2027-12-29T14:30:00+10:00,81.06,excellent
2027-12-29,Mars,2027-12-29T13:00:00+10:00,84.13,excellent
2027-12-29,Jupiter,2027-12-29T05:00:00+10:00,60.1,excellent
2027-12-29,Saturn,2027-12-29T18:30:00+10:00,56.58,excellent
2027-12-29,Uranus,2027-12-29T21:30:00+10:00,41.11,good
2027-12-29,Neptune,2027-12-29T17:30:00+10:00,62.23,excellent
2027-12-30,Mercury,2027-12-30T12:30:00+10:00,86.49,excellent
2027-12-30,Venus,2027-12-30T14:30:00+10:00,80.8,excellent
2027-12-30,Mars,2027-12-30T13:00:00+10:00,84.05,excellent
2027-12-30,Jupiter,2027-12-30T05:00:00+10:00,60.18,excellent
2027-12-30,Saturn,2027-12-30T18:30:00+10:00,56.63,excellent
2027-12-30,Uranus,2027-12-30T21:30:00+10:00,41.14,good
2027-12-30,Neptune,2027-12-30T17:30:00+10:00,62.25,excellent
2027-12-31,Mercury,2027-12-31T12:30:00+10:00,85.96,excellent
2027-12-31,Venus,2027-12-31T14:30:00+10:00,80.52,excellent
2027-12-31,Mars,2027-12-31T13:00:00+10:00,83.96,excellent
2027-12-31,Jupiter,2027-12-31T05:00:00+10:00,60.24,excellent
2027-12-31,Saturn,2027-12-31T18:30:00+10:00,56.64,excellent
2027-12-31,Uranus,2027-12-31T21:30:00+10:00,41.15,good
2027-12-31,Neptune,2027-12-31T17:30:00+10:00,62.23,excellent
